satisfied,risk_score
0.0,0.14631217086903303
1.0,0.12551614928336652
1.0,0.16721968117406205
1.0,0.20112496172114114
1.0,0.12424980980736267
0.0,0.6981233264678275
0.0,0.260914090704383
1.0,0.2981102438746642
1.0,0.14646307400130643
1.0,0.12236976659152543
1.0,0.41302462073091306
1.0,0.12984018181477308
0.0,0.14924840873783618
1.0,0.11809107377101047
1.0,0.1937736568153946
1.0,0.12143826412545666
1.0,0.1679740258589879
1.0,0.15236910768714607
1.0,0.11790078603743825
0.0,0.8848063125892055
0.0,0.8767528377056614
1.0,0.15958984582508984
0.0,0.26642086223139894
1.0,0.2206874977119786
1.0,0.16037750248166094
1.0,0.1427035943108309
1.0,0.14460751340319977
0.0,0.1447198870516564
1.0,0.2482979489857332
0.0,0.1545380461317284
1.0,0.134709151615942
1.0,0.1725386521846547
1.0,0.15378880415305707
1.0,0.13225991328123454
1.0,0.1160934432612879
1.0,0.2059112985117757
0.0,0.14314393820302818
1.0,0.23889338235790536
1.0,0.15511411339471626
1.0,0.1621902481039229
1.0,0.12711719417245826
1.0,0.13877097843260866
0.0,0.1565050979940381
1.0,0.17837883728859205
1.0,0.1539734278895325
1.0,0.2127211280720558
0.0,0.13664947378163106
1.0,0.13998586285291814
1.0,0.13444080994208263
1.0,0.16342210469999974
1.0,0.17200838242861627
1.0,0.11756031071531892
1.0,0.1258458732733836
1.0,0.16312453479357458
0.0,0.1345180196212329
1.0,0.13623630676799636
1.0,0.2490581876870247
1.0,0.1443250718650021
0.0,0.20361743146762168
1.0,0.14527953959788154
1.0,0.2503743692706104
1.0,0.15617001598358193
1.0,0.15214053846756437
1.0,0.11706714132577711
1.0,0.14677519154146978
1.0,0.22606640958455892
1.0,0.14660905673850344
0.0,0.15339183939910084
1.0,0.2371826449983011
1.0,0.18068682752895893
1.0,0.15424484047865406
0.0,0.20212495758964677
1.0,0.15306987349736945
0.0,0.6640549432457077
0.0,0.23474934388557245
1.0,0.14130060325412863
1.0,0.21694088863878425
1.0,0.14053959335058552
1.0,0.12698416857749506
1.0,0.1845431737566695
1.0,0.15348340185442855
1.0,0.15462293097431068
1.0,0.13029945606855098
1.0,0.17997283143303533
1.0,0.1216065372885956
1.0,0.11727061763144975
1.0,0.13064774792361034
1.0,0.17265077966882825
1.0,0.1339546218875287
0.0,0.22479588444918375
1.0,0.16871835417381675
1.0,0.7443181169387956
1.0,0.12913520885905105
1.0,0.16926302454847164
0.0,0.7623514186450209
0.0,0.16611402897083916
0.0,0.15539324906445784
1.0,0.15593479689307344
1.0,0.19292750684610005
1.0,0.13691696944987541
1.0,0.14927583251054333
1.0,0.18896827312966558
1.0,0.155920580645463
1.0,0.12110962623099397
1.0,0.21301392701147437
1.0,0.13006386617391763
1.0,0.2725265602702961
1.0,0.1842077585797457
1.0,0.14705327829309156
1.0,0.12652583162253694
1.0,0.23446223580045733
0.0,0.76204778198407
1.0,0.2184913015655532
1.0,0.22762055665265046
1.0,0.16834050830657887
1.0,0.15795088736352259
0.0,0.18592429920005704
1.0,0.1397161884639031
1.0,0.1389380807017332
1.0,0.18507500992531856
1.0,0.13499023569739033
0.0,0.15008892032857812
1.0,0.6943597389213798
1.0,0.18182587226456193
1.0,0.12252198309404816
1.0,0.16624438832022193
1.0,0.6841152530762187
0.0,0.23105805612251096
1.0,0.12902784099004894
0.0,0.8686062280951541
1.0,0.21264146611038104
0.0,0.7058413259869462
0.0,0.13113488422596642
1.0,0.1402320658969154
1.0,0.2328907671270931
0.0,0.7634369584770255
1.0,0.22732756207669846
1.0,0.20433287847081782
1.0,0.14872082149343524
1.0,0.13635149739033237
1.0,0.19615597101128468
1.0,0.17212071126430595
1.0,0.17223438770554955
1.0,0.13592641864897592
1.0,0.14083417005489507
1.0,0.10490425584729868
1.0,0.1471659599563011
1.0,0.14683342940901112
1.0,0.231267319342351
1.0,0.7380141994378273
1.0,0.1248576005030968
1.0,0.1640509059400529
1.0,0.11229542285391425
1.0,0.14883001635991056
1.0,0.1962588430126765
1.0,0.31692980429809925
1.0,0.11816477757198862
1.0,0.17168318429395268
1.0,0.12941561170732574
1.0,0.16508161174935654
1.0,0.12167092251313849
1.0,0.13980640310981507
1.0,0.12899300054964613
1.0,0.16557853589985772
1.0,0.1311680657006946
1.0,0.2805264676723199
1.0,0.20328108694228664
1.0,0.15911872412670802
0.0,0.2032654126910477
1.0,0.14820941432776868
1.0,0.14374670174919568
1.0,0.11765371792388757
1.0,0.13779079278795447
1.0,0.20345931596269484
1.0,0.18040434507343905
0.0,0.22727524724136627
0.0,0.28773870452556627
1.0,0.15745412600712627
0.0,0.2710808183074209
1.0,0.15360344895472022
0.0,0.14001320525290606
1.0,0.1599912077431146
1.0,0.15380980779438802
1.0,0.26013658420241326
0.0,0.14758984903979855
1.0,0.37635811033528144
1.0,0.1881008535828642
1.0,0.138951107901652
1.0,0.14429808589780746
1.0,0.16645045907350153
1.0,0.14905104481334408
0.0,0.13562664501306976
1.0,0.6201470151548503
1.0,0.2205584155574668
1.0,0.21539602030409466
0.0,0.12412716096551069
1.0,0.20110876890783358
1.0,0.11419860477250765
1.0,0.12930826169223553
0.0,0.15216083799377467
0.0,0.14542164838127403
1.0,0.38459251102550385
1.0,0.1333557931425553
1.0,0.16103949281175278
1.0,0.1304663300079918
1.0,0.18993777750490148
1.0,0.1244252596003862
1.0,0.16490226446881506
1.0,0.2163175646982577
0.0,0.22635082943450757
0.0,0.18489261245727184
1.0,0.1660178341504014
1.0,0.11333682304735693
1.0,0.12390169519853289
1.0,0.14732231548365549
1.0,0.19636375947267137
0.0,0.26055033761434043
1.0,0.1251895470856519
1.0,0.1313830237499044
1.0,0.14654042857430982
1.0,0.13197344846992887
1.0,0.1304414793665848
1.0,0.1821282121564769
1.0,0.16396181086358896
1.0,0.15066280557955414
1.0,0.1331794460118777
1.0,0.18426942476739527
1.0,0.1575766886626203
0.0,0.19004212447631352
1.0,0.11734535018976633
1.0,0.12948949092516382
0.0,0.260689653005058
1.0,0.1690990898418222
0.0,0.19054589705660918
0.0,0.36518966483398385
0.0,0.23044330969441806
1.0,0.20016678484245976
1.0,0.12448172500877186
1.0,0.12831571299850553
1.0,0.14909065392090393
1.0,0.29697326435450744
1.0,0.13728435291160035
1.0,0.11624249025673727
1.0,0.13695183201590932
1.0,0.14219720289211324
1.0,0.1771499163019321
0.0,0.8998107695263328
0.0,0.24708401380515344
1.0,0.16466694659216552
1.0,0.1348383396172781
1.0,0.25507105567834876
1.0,0.2181796799366812
1.0,0.1842688833677537
1.0,0.15597449169624833
1.0,0.2332995410123253
0.0,0.13755920205700456
0.0,0.16470004890838175
1.0,0.14991321178058226
1.0,0.1541357303605546
0.0,0.16117716018528727
1.0,0.19916474433377096
1.0,0.22190940755718802
1.0,0.1399935263426112
1.0,0.2045134596459811
0.0,0.20807893178910997
1.0,0.13358331869854911
1.0,0.6593740674122579
1.0,0.27358512415409053
0.0,0.6514195876870446
1.0,0.20418395523837685
1.0,0.30495356939515783
1.0,0.19644717391529343
0.0,0.7156760863394853
1.0,0.13417609758946492
1.0,0.12907343022829776
1.0,0.12490230861295815
1.0,0.12141547399957842
1.0,0.1498879392944763
0.0,0.13929354943105487
1.0,0.4159824045744043
1.0,0.21359230015233532
1.0,0.12814489779231675
0.0,0.13654253708006536
0.0,0.10902049071273068
1.0,0.12765781616152616
1.0,0.12721058889961334
1.0,0.22588395456539345
1.0,0.1163461266196315
1.0,0.14942277481430055
0.0,0.6591600899402913
1.0,0.16651671126547474
1.0,0.19260820105308085
1.0,0.13442977542140322
1.0,0.1396460146083015
1.0,0.142976670586341
1.0,0.1302843999944887
0.0,0.7206156906875409
1.0,0.1509157656100205
1.0,0.14930052991802867
1.0,0.15013212735083625
0.0,0.15185959812239003
1.0,0.13533361848259595
1.0,0.16843387260622922
0.0,0.33681459814247705
0.0,0.2861393716042321
1.0,0.1928618533513552
1.0,0.13684838851242576
1.0,0.2770197248431596
1.0,0.12036892205239591
1.0,0.6003607683870689
0.0,0.18537554008459922
1.0,0.13966917874902884
0.0,0.9397755525620615
1.0,0.14139928093987064
1.0,0.17258919751843516
1.0,0.1442863459940673
1.0,0.14584831804858867
1.0,0.18675537085830507
1.0,0.16030461258465556
1.0,0.7282397823409594
1.0,0.12895998609503678
1.0,0.16364681539763815
1.0,0.3091582244587414
1.0,0.26133602069055517
1.0,0.1387518919849141
0.0,0.1860582497872214
1.0,0.14324904079910972
1.0,0.28622724867204563
1.0,0.1923054104543378
1.0,0.24254066003928498
1.0,0.13977573304987478
1.0,0.1365261028412259
1.0,0.17248268886171048
1.0,0.14106290886241823
1.0,0.12713499843923648
0.0,0.1794663387251212
0.0,0.25570708690573285
1.0,0.1442301970064408
1.0,0.13041076564971188
1.0,0.12635008074427934
0.0,0.14401954015665297
0.0,0.1724630539388493
1.0,0.26054630883958174
1.0,0.18142755471868233
1.0,0.21031528487233697
1.0,0.1289938658793981
1.0,0.16773506043688446
1.0,0.17573984607925586
1.0,0.1778201920172543
1.0,0.1192124705904144
1.0,0.12047364710655717
1.0,0.13596965007126827
1.0,0.1599587761194332
0.0,0.15134337168979772
1.0,0.2101473508133227
1.0,0.15651381010505339
1.0,0.17112812890098672
1.0,0.16779853980580117
1.0,0.13996045940983404
1.0,0.15217823532716335
1.0,0.13994165841110107
1.0,0.12490033431346681
1.0,0.19383895912526528
0.0,0.15671827702429553
1.0,0.17814104982795376
1.0,0.12236876513488815
1.0,0.17644870517665923
0.0,0.29708346396021323
1.0,0.12605360363816975
1.0,0.16367925095312008
1.0,0.12614504125648485
1.0,0.13413517809207176
1.0,0.19944373329857046
1.0,0.23053413540748824
1.0,0.1526265614433241
1.0,0.10051397633553194
1.0,0.11628872784184618
1.0,0.1266771971757824
1.0,0.1901822273292858
0.0,0.2619410345621851
1.0,0.16060248165108248
1.0,0.1375203061604684
1.0,0.22364056169761004
1.0,0.11722154849996447
1.0,0.16115860487762856
1.0,0.12187993320319768
1.0,0.12999813497104762
1.0,0.14664043324780918
1.0,0.16057161490509497
0.0,0.15497914152192283
1.0,0.1970036502034841
1.0,0.13366886944507617
1.0,0.134597355145611
1.0,0.13318447813448975
1.0,0.17806955295966564
1.0,0.17197726070999464
1.0,0.14508808972623533
0.0,0.1520479775903819
1.0,0.34149854163397664
1.0,0.13272882810999242
1.0,0.18938532141671927
1.0,0.18126934162272135
1.0,0.1450465510396547
1.0,0.16615957887665944
1.0,0.26053414185109336
1.0,0.18602403511208154
1.0,0.1605548437648333
1.0,0.11659998905620195
1.0,0.12413542051306481
1.0,0.17845839475118241
1.0,0.17843130177134592
1.0,0.1404221007034998
1.0,0.15194842242568074
1.0,0.14045430596833086
1.0,0.34052179955282325
1.0,0.1502389857289268
1.0,0.1506779009634841
1.0,0.14977364933346904
0.0,0.1684267422196487
0.0,0.13344744963010458
0.0,0.6834418488971423
1.0,0.23951962506275049
1.0,0.48219806520168207
1.0,0.11653166094504863
0.0,0.23648639073666222
1.0,0.15304184871091697
1.0,0.19097327586940238
1.0,0.14991622331833376
0.0,0.25882684585890503
1.0,0.15785332613783032
0.0,0.2552125351953781
1.0,0.2384963497013748
0.0,0.12351190242233734
0.0,0.6305246355308044
1.0,0.25533307569313546
1.0,0.13015511183377904
1.0,0.15806913985750815
1.0,0.17783307360358935
1.0,0.13075805963170828
1.0,0.138845215517434
1.0,0.20732847138834742
1.0,0.12024167317160517
1.0,0.1970170665434332
1.0,0.12290174524089381
1.0,0.13802057222182507
1.0,0.11588418327651107
1.0,0.1367840623790364
1.0,0.1353975193818533
1.0,0.1831364445914988
0.0,0.21876511409977817
1.0,0.13348780858621312
1.0,0.14715288280162186
1.0,0.7171002742542835
0.0,0.13939843713625255
1.0,0.13406624938233447
1.0,0.16606602511895396
1.0,0.12695234505309627
0.0,0.14744099879011952
1.0,0.13536263123002268
0.0,0.11103906271069319
1.0,0.11632280892211411
1.0,0.21715932810598004
1.0,0.13764989061161537
1.0,0.13599431817464613
1.0,0.35387889500822733
0.0,0.13695837647861453
0.0,0.13582312741963176
1.0,0.16228567992336773
1.0,0.131352307206005
1.0,0.18464762761318843
0.0,0.15203940648217107
1.0,0.15069830364490844
1.0,0.1270113250460554
1.0,0.11684676912375425
1.0,0.13878065241553605
0.0,0.7005318423460907
0.0,0.14668654134841952
1.0,0.2687993242598149
0.0,0.456200593827512
1.0,0.15464860615299825
1.0,0.1618247828433229
0.0,0.29756096294894907
1.0,0.1677391238691025
1.0,0.17239696828551376
0.0,0.704807418383777
1.0,0.17356589034649184
1.0,0.20042888239958856
1.0,0.1608023745172268
1.0,0.1201169776136225
1.0,0.13211853509089033
1.0,0.14003740464683123
1.0,0.2059336806717177
1.0,0.13050833736620704
0.0,0.2528554741804747
0.0,0.2212134585533937
1.0,0.1503918361054899
1.0,0.13621372664717224
1.0,0.18463966277702915
1.0,0.17347315857845014
1.0,0.12902888929815115
0.0,0.13879820904115125
1.0,0.6405802514778277
1.0,0.12912780209507246
1.0,0.28066020813674175
1.0,0.2102305835082321
0.0,0.1980862987315658
1.0,0.14271789987541095
0.0,0.2017331179512255
0.0,0.15079315961446849
1.0,0.20308299986762146
1.0,0.12973620810649478
1.0,0.11355558510231767
1.0,0.2310275319640831
1.0,0.1194836960414869
1.0,0.16400131253301364
1.0,0.15077997735763837
1.0,0.1667746527007803
1.0,0.1294002340281576
1.0,0.1387493104649722
1.0,0.13238613315769343
1.0,0.2128459373368271
1.0,0.2522384953843305
0.0,0.5739972134365602
1.0,0.12303120319148098
1.0,0.14158149284961452
1.0,0.14212790813638065
0.0,0.1588637860358515
1.0,0.12935642900904898
1.0,0.11668288979668062
1.0,0.13709918753226735
0.0,0.16470338961311948
1.0,0.14998243142532386
1.0,0.15197745712138766
1.0,0.14305139448890458
1.0,0.36917037635829175
0.0,0.19066315235287212
1.0,0.16102846188033337
0.0,0.16044341947846674
1.0,0.1397757425824746
0.0,0.14834098637418336
1.0,0.11573672243245303
1.0,0.11345087187734804
1.0,0.18858273943980408
1.0,0.1843059679319865
1.0,0.1311796658752047
1.0,0.1726765050283653
1.0,0.12703401936935155
1.0,0.6780406482672743
0.0,0.8076286631277323
1.0,0.20361771009610086
1.0,0.1354545404230567
1.0,0.18311847727637443
1.0,0.17741032385118582
1.0,0.13663259242067083
1.0,0.12587752823690412
1.0,0.18720340535727686
1.0,0.17190015278295245
1.0,0.1368302863731209
0.0,0.24195320754845506
1.0,0.13671770267888528
1.0,0.14470462572409937
1.0,0.15113140593260244
1.0,0.16421303248543107
1.0,0.15482234131523842
0.0,0.13813280457446153
1.0,0.14077861168901218
1.0,0.17900979931029792
1.0,0.1307728130237794
1.0,0.1902043285724987
1.0,0.11535960469180817
1.0,0.12548968617248868
0.0,0.7879246895118466
1.0,0.21166493432863775
0.0,0.1262804153777919
1.0,0.1638320535621166
1.0,0.16230248151427418
1.0,0.18671058571741406
0.0,0.3285603165008052
1.0,0.1310937733541887
1.0,0.15120240502932725
1.0,0.17268342984439
1.0,0.14734218073041028
1.0,0.1600674354628372
1.0,0.13810848279130084
1.0,0.1725176272430876
0.0,0.1339162058573089
1.0,0.17089168104600716
1.0,0.12933388946699786
1.0,0.19405079444422524
1.0,0.13657884903327544
1.0,0.16482684709510897
1.0,0.1390158985574158
1.0,0.16697073701238307
1.0,0.19650840793396263
0.0,0.196491968206986
1.0,0.162280970962159
1.0,0.14362869719384186
1.0,0.15444918993960388
1.0,0.17753705792075736
1.0,0.17859552142164914
1.0,0.24895845009916073
0.0,0.2187425162164086
0.0,0.21964479144778104
1.0,0.14556750764527626
1.0,0.14043830601906848
0.0,0.16167517013977872
0.0,0.7237845951455751
1.0,0.24841260180157176
1.0,0.5997397772711779
1.0,0.1416022523311824
1.0,0.7588722496138425
1.0,0.13465084387557336
1.0,0.1830629281672389
1.0,0.1448370995347763
1.0,0.13917151041002174
0.0,0.8042557240440753
1.0,0.19079323105502655
0.0,0.33575643951866996
1.0,0.15255805911963494
1.0,0.16963672751022396
0.0,0.24680984074829304
1.0,0.18397100106080677
1.0,0.1431024333189055
1.0,0.1836759810208114
0.0,0.6879798849040362
0.0,0.7904600945697055
1.0,0.13667077818453577
1.0,0.22503080843590273
1.0,0.1329421351807467
1.0,0.12056162605929266
1.0,0.2292348205353637
1.0,0.3421929944473625
1.0,0.16519550066580146
1.0,0.14187862366912252
0.0,0.17293614168035354
1.0,0.12171598889643831
1.0,0.19077450907323723
1.0,0.16372397166753117
1.0,0.12547296237230077
1.0,0.7436960510213697
1.0,0.18412114952460035
1.0,0.14484437987270937
0.0,0.15440262139037797
1.0,0.14690050982234348
1.0,0.14460427586330782
1.0,0.11577079877575447
1.0,0.1946439256985859
1.0,0.1418566631626509
1.0,0.16053323263698693
1.0,0.1600360508941343
1.0,0.19448327625871353
0.0,0.17719489864356852
1.0,0.14629196250041976
0.0,0.15975697360569086
0.0,0.13985323388973026
1.0,0.14899283389960272
1.0,0.12587179673891757
1.0,0.17167356640684017
1.0,0.1384220984901663
1.0,0.18760885978424102
1.0,0.12237718488929428
0.0,0.1621350412452539
1.0,0.1433176563709062
1.0,0.20651183643161142
1.0,0.18532262735473026
1.0,0.2344179700792216
1.0,0.12491371427312259
1.0,0.19160488757583938
1.0,0.1576500384721451
1.0,0.14417361762924452
1.0,0.15572334604280857
1.0,0.1514701856639743
1.0,0.11652184475018079
1.0,0.15179577760143836
1.0,0.16390346848965975
1.0,0.16614110450734265
0.0,0.769474794312545
0.0,0.14494443116080213
1.0,0.2595547211109811
1.0,0.2973671573551536
1.0,0.13873327011586167
1.0,0.20942739157326307
1.0,0.20898489799290998
0.0,0.16271687796948564
1.0,0.18284065275540806
1.0,0.2021323361147458
1.0,0.3081445295497711
1.0,0.12591175291776113
0.0,0.5332441209518348
1.0,0.1444181393683549
1.0,0.3506140794568291
1.0,0.1317320323580473
1.0,0.13204896345531636
1.0,0.6875800957245171
1.0,0.19978086121875482
1.0,0.1308162220099568
0.0,0.3180347819559365
1.0,0.13732260115318817
0.0,0.15682958226408106
1.0,0.1902970011288252
1.0,0.3329791966792035
1.0,0.15187628430800582
0.0,0.12237692715624016
0.0,0.13598449628463893
1.0,0.1885783147491934
1.0,0.20963349038593704
0.0,0.7600584452210511
1.0,0.24207648966828754
1.0,0.12622863293286035
1.0,0.3875749321004123
0.0,0.27510815048456616
1.0,0.21867860288734997
0.0,0.15518068823958764
1.0,0.14769361439637596
1.0,0.17272835063136605
1.0,0.7156396182173643
1.0,0.11600826512863505
1.0,0.12777150444628926
1.0,0.1497103537588681
1.0,0.1332889474131741
1.0,0.19169345903801194
1.0,0.15553850219425225
1.0,0.1325146057619605
0.0,0.13217386578370316
0.0,0.1438515504805543
0.0,0.24145031853875276
1.0,0.27978794304066645
1.0,0.12087964151997865
1.0,0.18602702706075458
1.0,0.1587571504427312
1.0,0.2316465398582056
1.0,0.14065500383457874
1.0,0.14461541229187325
1.0,0.1637037627985526
1.0,0.12150149085358952
1.0,0.15197032406126765
1.0,0.19026395575731858
1.0,0.18020840301146246
1.0,0.16060037674768834
0.0,0.20650914417683652
1.0,0.22625312591007396
0.0,0.1627501168092509
1.0,0.42215601470676567
1.0,0.41745589214499734
0.0,0.6224590280140313
1.0,0.15562956968679065
1.0,0.8239295347980674
1.0,0.17244843247181174
1.0,0.1853699578059922
1.0,0.1345547074116673
1.0,0.12656062669114398
1.0,0.13863962485862968
1.0,0.12174943892184686
0.0,0.1408601454694035
1.0,0.14340981625777793
1.0,0.16239838633134795
1.0,0.20034481898100687
1.0,0.14102230297094398
1.0,0.13057541779885218
1.0,0.1285043364051659
1.0,0.12239202667935445
1.0,0.11369001991248717
0.0,0.1356764645925772
1.0,0.14916204509157482
0.0,0.28540284505818014
0.0,0.7297907557207723
1.0,0.1438103407972534
1.0,0.14862415176006127
1.0,0.1768749730184207
1.0,0.13820667661100794
1.0,0.15470399712963434
1.0,0.16740225339746906
1.0,0.1259475710694008
0.0,0.19717507813538382
1.0,0.20217076341627094
0.0,0.16732471239934044
1.0,0.12458722447342707
1.0,0.21873580804443638
1.0,0.12130637737984407
1.0,0.4245269065961308
1.0,0.15324824702029627
0.0,0.19794696492281705
1.0,0.2242642145683491
1.0,0.10825461672359149
1.0,0.1433718715881851
1.0,0.12830840488608386
1.0,0.12797675090627258
1.0,0.20760118134818617
0.0,0.21125064092554613
1.0,0.1295239670179965
1.0,0.11593417110330095
1.0,0.2037117625213909
1.0,0.14950484324680846
0.0,0.15992701540490495
0.0,0.13919806651223965
1.0,0.17837587970946212
1.0,0.16202562633992135
1.0,0.15206277817088354
1.0,0.16068238470602447
1.0,0.21813646593619818
1.0,0.17819474555665404
1.0,0.1628806726823957
1.0,0.13594732053972036
1.0,0.12784614850777642
1.0,0.24225346449771845
1.0,0.13638781647287568
1.0,0.16810491896424296
0.0,0.14940743465900252
1.0,0.21442382538681004
1.0,0.13166976228500815
1.0,0.11721007233338654
1.0,0.10930402672076733
1.0,0.16817545036488857
1.0,0.1464475550067058
1.0,0.225723182983545
1.0,0.1504859926229405
1.0,0.25104224444979295
0.0,0.140609132603022
1.0,0.23279217176216815
0.0,0.22726239997255449
1.0,0.12364951855535455
0.0,0.16269089657420188
1.0,0.14551134325779436
1.0,0.1409393604647986
1.0,0.13483452910009985
1.0,0.19304325895092833
0.0,0.27211811022430754
1.0,0.1269005735015355
1.0,0.15203640989367906
1.0,0.1725876231309511
1.0,0.18080880653944786
1.0,0.2511774737871262
1.0,0.14383002103762688
1.0,0.13426903840801774
1.0,0.1914390700173182
0.0,0.19193513260901673
1.0,0.14033938925980627
1.0,0.14446129263718388
0.0,0.16158630187999323
1.0,0.14300865367284532
1.0,0.12298100654034139
1.0,0.17533650307384419
1.0,0.11964805920015231
1.0,0.13659749073140104
1.0,0.12987569665854726
1.0,0.15012426368146792
1.0,0.18353182946710878
1.0,0.2255946339198679
1.0,0.31465553340463015
0.0,0.13875652908891245
1.0,0.16710610308038765
0.0,0.5259687444544332
1.0,0.21036450117101047
0.0,0.1928480007683846
1.0,0.21504530009476397
1.0,0.1660111365028617
1.0,0.145600154775812
0.0,0.19467422406362367
1.0,0.17423545014972863
1.0,0.1304418753926282
1.0,0.15569353863935542
1.0,0.23311122174046117
0.0,0.1602457963885776
1.0,0.1399860425326117
1.0,0.8812347420590745
0.0,0.17346924793358953
1.0,0.13384840211818705
1.0,0.1625972416575382
0.0,0.6841059229886781
1.0,0.16252317538468364
1.0,0.1342211173043204
1.0,0.13608005235997012
1.0,0.16470241662929908
1.0,0.2677663946809511
1.0,0.13370830394303557
1.0,0.13104314466393863
1.0,0.6670338491659922
1.0,0.15098177999365103
1.0,0.1344885419180768
1.0,0.1583508561814464
1.0,0.16917781712613833
1.0,0.1552130280503916
1.0,0.10960613649170459
1.0,0.16495223344283172
1.0,0.18729891888244443
1.0,0.16808503514310758
1.0,0.13652877672216546
0.0,0.7759409078418393
1.0,0.13949499610672222
1.0,0.11707232019642122
0.0,0.11512669292584365
1.0,0.15665385891445938
1.0,0.12215234646172113
1.0,0.1863038617925804
1.0,0.14630788603286848
1.0,0.22323538887276106
0.0,0.15573378675532967
0.0,0.18568945783477997
1.0,0.5350991802845784
1.0,0.14085659764725822
1.0,0.1716250609073534
0.0,0.9943947855316488
1.0,0.7419975053823661
1.0,0.13356892875661708
0.0,0.2787213067133488
1.0,0.17717021067399086
0.0,0.11587021480470339
1.0,0.14994822952983355
0.0,0.18223009745748675
0.0,0.20956824047316158
1.0,0.13363692161472152
1.0,0.153536375424284
1.0,0.16644422088563637
1.0,0.14504669693030314
1.0,0.12559658748730396
1.0,0.4791633288462147
1.0,0.1423266511191592
1.0,0.13371545009491803
1.0,0.25931518702716705
1.0,0.12485683998024955
1.0,0.13532210662558586
1.0,0.13927815155376733
0.0,0.2790898180171866
1.0,0.16211227910314907
0.0,0.5896955167693163
0.0,0.12241975982650966
1.0,0.17139909008686605
0.0,0.17169421502726268
1.0,0.13173366937969078
0.0,0.18305100026669419
1.0,0.15046004795153256
1.0,0.13217698867547678
1.0,0.7646633985651523
1.0,0.13304916407786227
1.0,0.183973493486295
1.0,0.1692166031275678
1.0,0.1526377322672896
0.0,0.12117531086404931
1.0,0.1643341930653648
1.0,0.14456284064773217
1.0,0.12838143518507172
1.0,0.19703945255901745
1.0,0.13331391125912717
1.0,0.12537984356508447
0.0,0.7413156408538071
1.0,0.1616194241973461
1.0,0.14856199377748103
0.0,0.8364390506617705
1.0,0.12328575831770583
1.0,0.3913921647190155
0.0,0.2873815569085022
1.0,0.27027440680473147
1.0,0.16049083756152216
1.0,0.13851391214188613
1.0,0.14259306113395676
0.0,0.7411385549306488
1.0,0.1350173528275057
1.0,0.19979755541991684
1.0,0.21865235289408347
0.0,0.6955640726593296
1.0,0.13564016279464253
1.0,0.13471920023714345
1.0,0.1338778783867901
1.0,0.1352191790436834
0.0,0.7677869642893028
1.0,0.12737144956103608
1.0,0.19785798713058111
0.0,0.16981010500217242
0.0,0.18558914213063815
0.0,0.19752789202237142
0.0,0.14694153151271616
0.0,0.6917055378065216
1.0,0.14192418954869368
1.0,0.31293512014477054
0.0,0.21023577867675958
1.0,0.16348192126585337
1.0,0.5140553025943926
1.0,0.1427219450672661
1.0,0.12088958670050853
1.0,0.13579231765413546
1.0,0.1671288370306252
1.0,0.15770348136063905
1.0,0.17872239243185806
1.0,0.1539875782766602
1.0,0.14671573839981322
1.0,0.15008444906240714
1.0,0.16668167372036646
1.0,0.12268244652771332
1.0,0.143686193164542
1.0,0.18247426718859527
1.0,0.1384449409538102
1.0,0.17275578885174214
1.0,0.11878486131097155
1.0,0.11666926304429237
1.0,0.1584755283516991
1.0,0.13416543701325756
1.0,0.8167046411370007
1.0,0.18965889231335853
0.0,0.16174307562139278
1.0,0.22100532586414612
0.0,0.2190751090177666
0.0,0.17206311434963706
1.0,0.1980582364467911
1.0,0.137246505318125
1.0,0.12563554792495246
1.0,0.18039492174198746
1.0,0.16561984799218787
1.0,0.20873263079907012
1.0,0.20107942666657996
1.0,0.18203319077691194
1.0,0.14378797986838
1.0,0.1957468839493658
1.0,0.1266488699213778
1.0,0.14354230073693797
1.0,0.1238488542171513
1.0,0.25256791469559836
0.0,0.19033595187238417
0.0,0.7332654007455512
1.0,0.16869471656751567
0.0,0.1292924481375448
1.0,0.22021737084589676
1.0,0.16109345798646135
1.0,0.12290901171510082
1.0,0.6354523145129292
1.0,0.18006823875178268
0.0,0.19434149810612267
0.0,0.16056518114345397
1.0,0.15605200070638958
1.0,0.17363609875839947
1.0,0.14933780594892887
1.0,0.15492180289731228
1.0,0.13185147209029635
1.0,0.1434907944375443
1.0,0.21691105973561775
1.0,0.2043233292624259
1.0,0.12900034324039245
0.0,0.9572113636821455
0.0,0.2246241980965723
1.0,0.14277430071761088
1.0,0.1606739126882566
1.0,0.48423281154328723
1.0,0.2114747334323308
1.0,0.13408563587059708
1.0,0.1662775008559605
1.0,0.10095465339076981
1.0,0.11901614458683896
0.0,0.12612286343882684
1.0,0.14384384476143652
1.0,0.1330591947363493
1.0,0.13941170304407557
1.0,0.20715828182590557
1.0,0.13978254763062115
1.0,0.32291702055679583
1.0,0.1507870687491839
1.0,0.3738112096302919
0.0,0.26294374431039125
0.0,0.19644551680230016
0.0,0.15001631102584156
0.0,0.13373891369876534
1.0,0.11703040528152042
1.0,0.11814168417451087
1.0,0.19530141478593033
1.0,0.13804701916025697
1.0,0.1410063851575596
0.0,0.15700492179968895
1.0,0.1350201573062686
1.0,0.18393612409544524
1.0,0.13604693532521783
0.0,0.19061130034917673
1.0,0.1203958857941062
1.0,0.11854669409434393
1.0,0.12223084946521423
0.0,0.49875405530620387
1.0,0.14548726104082355
1.0,0.1736675490190922
1.0,0.12931603140847847
1.0,0.14991258455918122
1.0,0.15174429843153703
1.0,0.15366235886539215
1.0,0.4015148099754705
0.0,0.1169339199489533
0.0,0.19377275804176364
0.0,0.1706632222304234
0.0,0.14592587800977364
1.0,0.1276557394108364
0.0,0.15704279143051914
1.0,0.1410105960667538
1.0,0.14942182313312213
1.0,0.19729720578425236
1.0,0.13083540347086164
1.0,0.14355390516087874
1.0,0.1316467171604886
1.0,0.24803339782906586
1.0,0.12737465080721522
1.0,0.15193965930109776
1.0,0.12812416186322606
1.0,0.13074364498085933
1.0,0.1661192571782063
1.0,0.16464986957348549
1.0,0.1786263702943406
1.0,0.15671356650064283
0.0,0.2637726801783884
0.0,0.15673550549655413
1.0,0.13989187794559577
1.0,0.14668156506244867
1.0,0.14966856258033612
1.0,0.16582058518078902
0.0,0.6445137157986816
1.0,0.16107620059238792
1.0,0.19872510412877742
0.0,0.827394296569684
1.0,0.18094313736211753
0.0,0.6804599019265825
1.0,0.13603576934085126
1.0,0.13686073159118362
1.0,0.23070624114607396
1.0,0.2232229571295069
1.0,0.14501455577344435
1.0,0.21104190083011864
1.0,0.17051086127677573
1.0,0.13977836124139886
0.0,0.7951370170968973
0.0,0.20302828911254855
1.0,0.21759946233367022
0.0,0.14380712325335476
1.0,0.11312231635853642
1.0,0.5120680930158437
0.0,0.7307356668535725
0.0,0.20415879936673442
0.0,0.41118274319175796
1.0,0.16402509606017746
1.0,0.11416799588239157
1.0,0.21701260064380334
1.0,0.17195058950878062
1.0,0.131734623686931
1.0,0.12140576497966515
1.0,0.40357365604531015
0.0,0.7789866936139632
0.0,0.18030712587106457
1.0,0.17694478793887336
0.0,0.22325380312102772
1.0,0.14569556299338549
1.0,0.11777016038522625
1.0,0.18968942372960862
0.0,0.1775777652322047
1.0,0.20433287847081782
1.0,0.15093114456125412
1.0,0.14387727165755104
1.0,0.14505331146165423
1.0,0.11287806809214407
1.0,0.15080557840444075
1.0,0.20833205290832735
1.0,0.24902957248396784
1.0,0.15122118536688478
1.0,0.1167980675293282
1.0,0.12555069101578376
1.0,0.12941786545585432
1.0,0.2690325735703457
1.0,0.15758115218316682
0.0,0.21037036080283544
1.0,0.1437951865970134
1.0,0.176260654710217
1.0,0.16820404621453144
1.0,0.24880159495794407
0.0,0.7399227450863366
1.0,0.14731556062133422
1.0,0.12057778089345628
1.0,0.21252127840368296
0.0,0.27388203752164686
1.0,0.1399222476279841
0.0,0.1457230614456183
0.0,0.13406981205253654
1.0,0.19445086387896982
1.0,0.19664409698838448
0.0,0.2286853280967811
0.0,0.1638057996546297
0.0,0.24473579144090707
1.0,0.16231578386081502
1.0,0.16769952815128364
1.0,0.13057526545064946
1.0,0.11096177415193587
0.0,0.12068270083916532
1.0,0.149172656251651
1.0,0.15411301032378744
1.0,0.15004846814560002
1.0,0.14576587881586045
0.0,0.637436648296956
1.0,0.13545930684355434
1.0,0.16806599287348534
0.0,0.7759428517482
1.0,0.18664276020325732
1.0,0.1769037453326281
1.0,0.213084963150595
1.0,0.1820145611331393
1.0,0.15390742762550746
1.0,0.12799735688246794
0.0,0.4355532526590178
1.0,0.14410833630455722
1.0,0.12676470593960254
1.0,0.11644605324103707
1.0,0.1186873037348356
1.0,0.15437299046474506
0.0,0.7765442216509479
1.0,0.1345547074116673
1.0,0.11962281253970464
0.0,0.1419406402450074
0.0,0.7273798284893492
1.0,0.13665355984220084
0.0,0.13680810572811186
1.0,0.1254094936508503
1.0,0.17445416149882198
1.0,0.1596866031987737
0.0,0.2618112349325932
1.0,0.14680867470764292
1.0,0.15572670718596293
1.0,0.3810020604469878
1.0,0.12218304295199778
0.0,0.6927171498421649
1.0,0.23866999556727508
0.0,0.8757085387039301
1.0,0.12508007079343175
1.0,0.14438176759196297
1.0,0.17380918350116825
1.0,0.16322930334658714
1.0,0.1462465487484097
0.0,0.7728525109179595
0.0,0.1678045600069321
1.0,0.1599442101463865
1.0,0.1987406314495429
1.0,0.20590759797252423
1.0,0.2196945065457726
1.0,0.1466049475396085
1.0,0.13469839910330184
1.0,0.14003924647978783
1.0,0.13577247138605475
0.0,0.1865365121720436
1.0,0.1857460031413224
1.0,0.2251681221264218
1.0,0.24138181189594177
0.0,0.1454278309432535
0.0,0.7116924472349309
0.0,0.29402703902190885
1.0,0.1785175219702032
1.0,0.1800774027358606
1.0,0.16489077412529762
1.0,0.23551612741270522
1.0,0.15322364503677866
1.0,0.7446966110318145
1.0,0.29187168143487174
1.0,0.1721332458355681
1.0,0.12931040187927878
1.0,0.12284816629797923
1.0,0.11707647088219242
1.0,0.20480482972672442
1.0,0.12141900378076698
1.0,0.1613694536374961
1.0,0.1629437569497446
1.0,0.2722332741964544
1.0,0.14471481309390688
1.0,0.14090916316378155
1.0,0.17004443792627288
1.0,0.13747643243057572
1.0,0.14714079713942174
1.0,0.20633822810017644
0.0,0.13386361417892223
1.0,0.12713433360453352
0.0,0.23062518530434906
1.0,0.12547014557198577
1.0,0.25139669452976776
1.0,0.15280074170161417
0.0,0.14467321118568455
1.0,0.18907764723935694
1.0,0.27986378998712225
1.0,0.19955910199449045
0.0,0.14067478753402962
0.0,0.22781476569573622
1.0,0.2174654627174195
1.0,0.16622973127900809
0.0,0.19306415202899918
0.0,0.16210211054812163
1.0,0.18558696675850428
1.0,0.16688964704896814
1.0,0.14480631239300967
1.0,0.18661236856900776
1.0,0.16186824884730144
1.0,0.18566571344170368
1.0,0.16453468243528158
1.0,0.13471156040907128
1.0,0.181090751282991
0.0,0.2195402644657748
0.0,0.4924509656195051
1.0,0.14382042706575293
1.0,0.18016306639459445
0.0,0.17296731005601096
1.0,0.18684965730580705
1.0,0.21848604052879173
1.0,0.16286523684351362
1.0,0.36201430368204846
1.0,0.14524738645887658
0.0,0.20925193702055
0.0,0.23790731916319308
0.0,0.15900884200879484
1.0,0.20681935954150366
1.0,0.12209242481389915
1.0,0.158107284570017
1.0,0.19783399795266887
1.0,0.1353410872710743
1.0,0.13648791664016213
1.0,0.12352754642956598
0.0,0.21654599321410173
1.0,0.17595739047112313
1.0,0.29733261382953313
1.0,0.17259845563524145
1.0,0.1974873905168677
0.0,0.8563861037044591
0.0,0.15744542028975417
1.0,0.14267931824868052
0.0,0.7713054731098745
1.0,0.17774635461926103
1.0,0.17484022020856116
1.0,0.1620916006537636
1.0,0.1495430556214442
1.0,0.13360512731258944
1.0,0.18345015002403287
1.0,0.14320094220820656
1.0,0.11461276817051691
1.0,0.18408440510143897
1.0,0.12441579436055572
0.0,0.22449183392611027
1.0,0.1637988770980533
1.0,0.15468221886448064
1.0,0.38819590798973125
1.0,0.1456998241444516
1.0,0.13961322603630832
1.0,0.1998696153381493
1.0,0.3183903086377473
1.0,0.23477636466230212
1.0,0.20614010554922657
1.0,0.31781556968437086
1.0,0.17863831056404633
1.0,0.27758439969670634
0.0,0.7498367782776387
0.0,0.19341232726287205
0.0,0.7179791107205884
1.0,0.15399491450155156
1.0,0.1469250762393265
1.0,0.19695017697489692
0.0,0.18440822930924605
0.0,0.11905349176714564
1.0,0.1414923870556788
0.0,0.17624201353341418
1.0,0.12119662038891155
1.0,0.13737394276758386
1.0,0.13239488810112132
1.0,0.23055372322368028
0.0,0.25497556961650325
1.0,0.12529523305467327
1.0,0.14619356680742923
1.0,0.15543934124641967
1.0,0.15191501190491108
1.0,0.7435555219543144
1.0,0.18792305640965545
0.0,0.16736474770096565
1.0,0.1256913807380381
1.0,0.10822969227130186
1.0,0.15447505164305897
1.0,0.12991061085135724
1.0,0.19694106468560346
1.0,0.1598526477765848
1.0,0.2679477452461262
1.0,0.14366265121042743
1.0,0.2775173005816469
1.0,0.22323567898147623
0.0,0.11946794248542558
1.0,0.16524266567710244
1.0,0.16826872553355587
1.0,0.18188212929765146
0.0,0.13261447388668657
1.0,0.1359074560955308
0.0,0.1460738758020439
1.0,0.16802965063830066
1.0,0.13759777959119823
1.0,0.13384701079401418
1.0,0.17640384525502462
0.0,0.8413023139576717
1.0,0.12860766249559552
1.0,0.1269292562934451
1.0,0.25520402070113557
0.0,0.7078714209831951
1.0,0.15459232443690818
1.0,0.14378975206464106
1.0,0.6334763510233689
0.0,0.1314549446495734
1.0,0.1987507247067284
1.0,0.15484739363788835
1.0,0.1515648076970687
1.0,0.14135269881863177
1.0,0.14080270550824325
0.0,0.8144702193300425
1.0,0.14086672259227695
1.0,0.11741229306974166
1.0,0.12381340740008273
1.0,0.12073023942184191
1.0,0.11702089612699662
1.0,0.1179224982328756
1.0,0.1826190147092509
0.0,0.6975131663406543
1.0,0.21123608698677943
1.0,0.14112757832224943
1.0,0.12509651926516807
1.0,0.13152563801260253
0.0,0.19551691610040878
1.0,0.16596343690969373
1.0,0.14038007405997144
1.0,0.12272975258467589
1.0,0.1558690179172113
1.0,0.2285303397680004
0.0,0.3378159844026546
1.0,0.260393994780978
1.0,0.16004647729126298
1.0,0.15170898217997797
1.0,0.1575438692974731
0.0,0.2508906193319498
0.0,0.2723519214633229
1.0,0.18164227565109248
0.0,0.768265151716268
1.0,0.1759887948716674
1.0,0.1583242053801669
1.0,0.2100105626923191
0.0,0.16268369987495257
1.0,0.12771466494827854
1.0,0.30342705079071675
0.0,0.1573972735731921
1.0,0.20460120976160978
1.0,0.1720117814672777
1.0,0.11808305588651957
1.0,0.2203562842750253
1.0,0.14540347083591076
1.0,0.1876302125680439
1.0,0.15036915838178844
1.0,0.12430755812400474
1.0,0.16013252238829212
0.0,0.813171221512976
1.0,0.1305981267625932
1.0,0.16717522539991503
1.0,0.17235585841405654
1.0,0.13639579946122105
1.0,0.13648212974922336
1.0,0.1967075423367829
1.0,0.14840367900177953
1.0,0.17645987501227312
1.0,0.14224662692283552
1.0,0.171913080806274
1.0,0.18086328603589186
1.0,0.16080280931175284
1.0,0.14494957059878222
1.0,0.1158867272783548
0.0,0.20211901303366997
1.0,0.35215996411259654
1.0,0.11725147141328196
0.0,0.21622748454755158
1.0,0.18457637759298728
0.0,0.6351718373517536
1.0,0.14587376137001584
1.0,0.19040055900559316
1.0,0.11280164059604936
1.0,0.2390482761055306
1.0,0.16612616521659207
0.0,0.16081260392357122
1.0,0.16677812615610021
1.0,0.1599792157500416
1.0,0.184589921216186
1.0,0.11255814318692925
1.0,0.14510084558493408
1.0,0.13700566821881122
1.0,0.26745289967000274
1.0,0.14942011126200072
1.0,0.12990513687272986
0.0,0.14741527410391841
1.0,0.14915848463777215
0.0,0.8513055539440688
0.0,0.8716092498629251
1.0,0.1411279182437195
1.0,0.7865061890541686
1.0,0.11914612660935664
0.0,0.21150246389649519
1.0,0.15373449645457082
1.0,0.15970226299226442
1.0,0.25189042876773093
1.0,0.13277793227895318
1.0,0.2162525720660029
1.0,0.19888679446632218
1.0,0.1710003877124342
1.0,0.12122109675403037
0.0,0.13638123977956285
0.0,0.12915084490059425
1.0,0.12278691385416285
1.0,0.15442448619937177
1.0,0.137863300053925
0.0,0.1754468288822595
1.0,0.1838185179647286
0.0,0.13213705848828572
1.0,0.16721950230792193
1.0,0.11786501258141246
1.0,0.17931525160556916
1.0,0.6599531291778054
0.0,0.6400893610445755
0.0,0.837055423442672
1.0,0.1390113242445048
1.0,0.1515596206028864
1.0,0.13068019721139879
1.0,0.20291715830831125
1.0,0.19435763148074292
1.0,0.14327079718232472
1.0,0.18376425608544755
0.0,0.6981282934610953
1.0,0.21989703998392973
1.0,0.1949998229859493
1.0,0.17001921437448886
0.0,0.11638747341034261
1.0,0.17270724001588145
1.0,0.11338510513998767
1.0,0.15667197487918316
0.0,0.6559252792872428
1.0,0.15700623503797517
1.0,0.11551030624652503
1.0,0.15454614643772757
1.0,0.13869801825677774
0.0,0.13069437119990368
1.0,0.14558450627201758
0.0,0.9773610692762734
1.0,0.13422871737308206
0.0,0.18750519053817705
1.0,0.3956018343942077
0.0,0.15538388344969523
1.0,0.2334283227224273
1.0,0.2785446044566956
1.0,0.6897723985437783
1.0,0.1269275194626086
1.0,0.6269778805962964
1.0,0.17705295358504614
1.0,0.13916078371321117
1.0,0.1352288962346273
1.0,0.15296246643306088
1.0,0.17201521228784766
1.0,0.13888731470408067
1.0,0.2777576576338202
1.0,0.12555743971483335
1.0,0.14609736721985578
1.0,0.22728826497516497
1.0,0.1971470485346679
1.0,0.16555244767156174
1.0,0.15083082135905357
1.0,0.14498238751960568
1.0,0.14132069407967862
1.0,0.23997309813998402
1.0,0.1392695522443237
1.0,0.15066998966447898
0.0,0.197552412659163
1.0,0.22799485294399735
1.0,0.16405811923330993
1.0,0.18402365662157905
1.0,0.13123386403472947
1.0,0.13941153544358498
1.0,0.1716150701518372
0.0,0.2684253866734465
1.0,0.12214274200279862
1.0,0.12725330506278854
1.0,0.1211695227959726
0.0,0.30257563060207027
1.0,0.17075414413556977
1.0,0.19473087218507001
1.0,0.12163758069505792
1.0,0.3915578305288937
1.0,0.19650168263095935
1.0,0.18283663197907285
0.0,0.7661177616876782
1.0,0.10065130438493752
1.0,0.16568660453983752
1.0,0.13806545537253756
1.0,0.6326143522275065
0.0,0.8090757805763025
1.0,0.11540330183863323
1.0,0.2245881762139399
0.0,0.712158612734586
1.0,0.16787747862022584
1.0,0.21948052072253166
1.0,0.2794754145050595
1.0,0.1383719531921055
1.0,0.16021268441628733
1.0,0.1392007240558948
1.0,0.14968269264872358
1.0,0.16652850509126438
1.0,0.22560099230775554
0.0,0.1552908122424036
1.0,0.1432819359980858
1.0,0.13448250971900622
1.0,0.2565474996459792
0.0,0.9239042948822935
1.0,0.23953279735267807
1.0,0.1343354411803832
1.0,0.1523633118376948
1.0,0.1674095928892202
0.0,0.18188909661046615
0.0,0.15472005776638986
1.0,0.16445378414874645
1.0,0.17962871070759245
1.0,0.3024897783499533
1.0,0.15598682174974465
1.0,0.12618928102137783
1.0,0.13553174522607658
1.0,0.12253989655251607
1.0,0.11414931981312515
1.0,0.1376755086295679
0.0,0.3120278374023031
0.0,0.17015406567832325
0.0,0.20885774727344864
1.0,0.5790026311616994
1.0,0.4415627807412057
0.0,0.12906922470803317
0.0,0.9836768257936458
1.0,0.19099054454837527
1.0,0.1277507262356934
1.0,0.19566877252429415
1.0,0.11759865872115494
1.0,0.14478251116873708
1.0,0.128200360933045
1.0,0.17245772626442257
0.0,0.15400781252654816
1.0,0.22388950213623426
1.0,0.15165128432072172
0.0,0.7479208749751901
1.0,0.17819712014770095
1.0,0.08864254620569023
1.0,0.2418012027736658
1.0,0.1303672167854497
0.0,0.1737758694651077
1.0,0.6513072029117306
0.0,0.20958281103955123
1.0,0.14982573482958095
1.0,0.15586252587956828
0.0,0.2587041407304512
1.0,0.1555495019162334
1.0,0.19028052158927233
0.0,0.3577084020065262
1.0,0.1733053616064404
1.0,0.14659365186555962
1.0,0.1759742429600587
0.0,0.16608798873618913
1.0,0.19006080334907682
1.0,0.1504187755194457
1.0,0.18404851673860656
1.0,0.21158205793168317
1.0,0.14314828422106196
1.0,0.1396426337090413
1.0,0.17799595572046523
1.0,0.1574372518525372
0.0,0.1482408849462754
1.0,0.16164375240614326
1.0,0.17199281492599428
1.0,0.21612121562429376
1.0,0.2643118278339811
0.0,0.179156394136064
1.0,0.166241565350164
1.0,0.22021001718031163
1.0,0.12830718483957182
1.0,0.139736422093663
1.0,0.22125270514567208
1.0,0.1720039221996268
1.0,0.13034105435042875
1.0,0.19907796945299672
0.0,0.14495409202158682
0.0,0.25368698966255454
1.0,0.13935707752475368
1.0,0.1775999289674005
1.0,0.21695028423213503
1.0,0.14915975841763018
1.0,0.7305158558732158
1.0,0.13020142492005304
1.0,0.21937221911945548
1.0,0.18160411301985013
1.0,0.1632928257012749
1.0,0.1369415860797415
1.0,0.12183112443016941
0.0,0.1406612254419629
1.0,0.20977851318850438
1.0,0.17698297975783983
0.0,0.19751867828153657
1.0,0.13410342662419295
1.0,0.16855724293200813
1.0,0.14034165447972968
0.0,0.8850480059106963
1.0,0.1425551066760269
1.0,0.13560213867841442
1.0,0.13061165204455405
0.0,0.16961245242432244
1.0,0.20584273736449787
1.0,0.13250704792058987
1.0,0.12176239604093086
0.0,0.7243935948353597
0.0,0.7692219620642831
1.0,0.13373823624444692
1.0,0.16927759081656768
0.0,0.13130461737030485
1.0,0.1495056896568161
1.0,0.13950885430839088
1.0,0.17603434855237488
1.0,0.15560786381234382
1.0,0.1333865985279562
1.0,0.20773525076455213
1.0,0.2959858511220752
0.0,0.16966035195758566
1.0,0.1442926664723646
1.0,0.1471285631976813
1.0,0.2163356545700058
1.0,0.26039440656445834
0.0,0.7253718072273718
1.0,0.13901831736526615
0.0,0.22025955760417926
0.0,0.21805246224584585
1.0,0.19984515523123858
1.0,0.2102634403084045
1.0,0.159859390592208
1.0,0.20979372388279505
0.0,0.1512453145203445
1.0,0.12867403315575476
1.0,0.18485340309693976
1.0,0.1259530403261815
1.0,0.2879551223496599
1.0,0.1354457014592958
0.0,0.736068426940939
0.0,0.5842120604408843
0.0,0.11694378613448908
1.0,0.15615798484373655
1.0,0.1362401428565817
1.0,0.22897076886865486
0.0,0.16130094420185082
1.0,0.1771181040758001
0.0,0.7738897282263777
1.0,0.12354402411998289
1.0,0.15406879200204704
1.0,0.15351842719377817
1.0,0.1496852345052665
1.0,0.12956195377323199
1.0,0.24774033676742246
1.0,0.21811126231660471
1.0,0.14313643754070038
1.0,0.17970400687031973
1.0,0.14218350425370285
1.0,0.19094443428771013
0.0,0.14961583109923549
1.0,0.14241342488137654
0.0,0.2154427246259426
1.0,0.13909699552294574
1.0,0.1853297143900312
1.0,0.14432547701537923
1.0,0.205590754297156
0.0,0.16762424352496863
1.0,0.2205574769881864
1.0,0.16533862459316262
1.0,0.18954526095730018
1.0,0.14216295247692023
1.0,0.14412405940319128
1.0,0.1543695186681322
1.0,0.296554550371542
1.0,0.11854205298569598
1.0,0.34253155447700756
1.0,0.17210814596975
1.0,0.14579273504411794
1.0,0.2518827498386036
1.0,0.19001013271855316
1.0,0.14483610517398748
1.0,0.16004567069326325
1.0,0.14087338332213328
1.0,0.41743727291967914
1.0,0.1572354701570039
0.0,0.6464228567592815
1.0,0.5072181333727994
0.0,0.17772093251048504
1.0,0.16425418388478819
0.0,0.17690281694091925
0.0,0.14519349215986177
1.0,0.18109104463978853
1.0,0.13229738113340417
1.0,0.16801058262372004
1.0,0.27021867195267346
1.0,0.1351560943309692
1.0,0.1451841023478393
1.0,0.11707784928312592
1.0,0.1998466479654677
1.0,0.15062655385828227
1.0,0.17943495980007407
1.0,0.24003428216348366
0.0,0.22567981644848778
1.0,0.176974812338206
1.0,0.2265479281166165
0.0,0.7546242447409771
0.0,0.6708048598343832
1.0,0.17787371156060228
0.0,0.14467492906665247
1.0,0.19348700720239065
0.0,0.1713191704629179
1.0,0.1746641857589063
1.0,0.13995997241502522
1.0,0.2040723771611196
1.0,0.1367500552421056
1.0,0.14468212781229617
0.0,0.14619145050456694
0.0,0.7082513517817821
0.0,0.14602546189355436
1.0,0.39857408385037896
1.0,0.12057778089345628
0.0,0.20841613652439162
0.0,0.11674135153617837
1.0,0.15333504805058396
0.0,0.8220798101163947
1.0,0.12062841406520797
1.0,0.12509514041591097
1.0,0.16021872740128607
1.0,0.1401792035923588
0.0,0.7218229425108368
1.0,0.11690332435288364
1.0,0.1409722364325996
1.0,0.16662236105197314
1.0,0.13045825786430287
1.0,0.14267041143465842
1.0,0.18447502054823028
0.0,0.13395026956834222
1.0,0.23946941742154593
1.0,0.1207268665450063
1.0,0.21887808542405063
1.0,0.12888651071506274
1.0,0.5885981325629654
0.0,0.9021509120601756
1.0,0.1314044904352304
1.0,0.1624602593328518
1.0,0.8568937410323516
1.0,0.1308194876485027
1.0,0.14338022540181516
0.0,0.17801723895227473
1.0,0.1648754460105023
1.0,0.12277795806447289
1.0,0.1532885928313995
1.0,0.1145691778266118
0.0,0.185340518071899
1.0,0.2187827460066638
1.0,0.1613053135127842
1.0,0.16050361454577788
1.0,0.1939456353300394
1.0,0.14227426422520284
1.0,0.27096628631542474
1.0,0.13059502446566484
0.0,0.8557452645540661
1.0,0.13430797375802295
0.0,0.18403633450127244
1.0,0.2802924892051478
1.0,0.11387003211178726
1.0,0.13194241221114145
1.0,0.14797470498516307
1.0,0.1305564523955587
1.0,0.13568965074879358
1.0,0.14513872066606148
0.0,0.8405118684052795
0.0,0.2089306598685683
1.0,0.15774179686236
0.0,0.11677115103073377
1.0,0.1610950798577614
1.0,0.1353674694435787
1.0,0.1800434151247482
1.0,0.12622577743076147
1.0,0.17438702397645012
1.0,0.23945540927558606
0.0,0.23173562791051405
1.0,0.16047455611587347
1.0,0.14039458694962526
1.0,0.2098405496229201
0.0,0.11729150257640308
1.0,0.17264052366998495
1.0,0.2445160870482096
1.0,0.12917928305882787
0.0,0.1453609400331588
1.0,0.13433164266841946
0.0,0.1264450847958536
0.0,0.22715220281761328
1.0,0.12063743599942545
0.0,0.6439958688661818
1.0,0.211724666069115
0.0,0.7476568651148423
1.0,0.10991181733310773
1.0,0.1784897161226059
1.0,0.16836631386766476
1.0,0.12836578764812545
1.0,0.17900286320901937
1.0,0.15214341212117322
1.0,0.20244284971055282
1.0,0.2067618623093349
0.0,0.9377939770291247
1.0,0.17804221916564145
0.0,0.1372415824328438
1.0,0.1604048696257071
1.0,0.23219929740754797
1.0,0.2211200848341075
1.0,0.11509356544400517
1.0,0.2165298195297677
0.0,0.26100553925255077
0.0,0.1705285629088672
0.0,0.20158655245776513
1.0,0.19095267440003827
0.0,0.7841941849203088
1.0,0.1481565145318049
1.0,0.1975883176535539
1.0,0.17167022487330819
1.0,0.13946932088350006
1.0,0.1347079451553752
1.0,0.1718844658232047
1.0,0.14786829749880503
1.0,0.14432264594085864
0.0,0.13965365863441792
0.0,0.20293761417161127
1.0,0.22181617694966194
1.0,0.15671587439742762
1.0,0.14619452039330272
1.0,0.16589620263749805
0.0,0.7846178272005722
1.0,0.7387673842932518
0.0,0.15523211414949878
1.0,0.20856761888165765
1.0,0.13767669430843232
1.0,0.12252060318090352
1.0,0.18669293959661137
0.0,0.18772587977906907
0.0,0.1362579793887324
0.0,0.11727783543342063
1.0,0.26967574730834776
1.0,0.17752298619818752
1.0,0.17624044271289074
0.0,0.14501106401238784
1.0,0.19563497306240396
1.0,0.12752966685509692
1.0,0.15776824791858002
1.0,0.14211510485027223
0.0,0.7868609676612905
1.0,0.6974205170116263
0.0,0.13511416078694372
0.0,0.35598063431777416
0.0,0.20954263449602561
1.0,0.18691736276545923
0.0,0.8485137818966404
1.0,0.15989097362978577
0.0,0.28278425286477504
1.0,0.2259424654270924
0.0,0.1403646298201
1.0,0.11995555076632514
1.0,0.18280430997911912
0.0,0.24220366989118502
1.0,0.16252477036996105
1.0,0.16315547124898866
1.0,0.22532873088549799
1.0,0.17718352218359312
1.0,0.14532236624302242
0.0,0.17282136376466573
0.0,0.13640140178370241
1.0,0.15343780154228637
0.0,0.3951570465902765
1.0,0.1555338163948956
1.0,0.25774861539834626
1.0,0.14052962376906375
0.0,0.12200201822615708
1.0,0.17770263166597577
1.0,0.13442872559357377
1.0,0.18416121495855065
1.0,0.14036472543455492
1.0,0.13417878274700956
1.0,0.15537005732368714
1.0,0.11674725825346843
0.0,0.1486709822337432
1.0,0.16168814001710452
1.0,0.24136705016235704
1.0,0.2187493634238078
1.0,0.1567586566529957
1.0,0.17632047266050055
0.0,0.14373463784460294
1.0,0.19672421079486058
1.0,0.7675369644270087
1.0,0.14760572599653643
0.0,0.8570565620974013
1.0,0.1915046964098358
1.0,0.15752311177624367
1.0,0.2857113447750934
1.0,0.16216280664134397
1.0,0.14779726722837294
1.0,0.14130689081137826
1.0,0.15907959622104206
1.0,0.1320599262205694
1.0,0.1410063851575596
1.0,0.3336114677592751
0.0,0.2984744471293187
1.0,0.17969327993377937
1.0,0.14437968240758015
1.0,0.20690742491612868
1.0,0.13883966104779177
1.0,0.1925737991046479
1.0,0.15253971030257885
1.0,0.13964232507564134
0.0,0.709870896667895
1.0,0.15543115295778287
0.0,0.6526172923804614
1.0,0.14931738238278625
1.0,0.12041596767460316
1.0,0.1554478415779864
1.0,0.1550033553254755
1.0,0.19558570952566767
1.0,0.7314318022878851
1.0,0.19156309345416567
1.0,0.16320964310573338
1.0,0.197948991590423
0.0,0.12786341327385498
0.0,0.17291514594088786
0.0,0.12406033360628888
1.0,0.13189861854397888
0.0,0.2179331586713955
1.0,0.13113881760629398
1.0,0.1415477483972738
1.0,0.11256120751451315
1.0,0.15829358323862086
1.0,0.2763367472531647
1.0,0.16026590877970692
1.0,0.1897532128641931
0.0,0.4071146971614924
0.0,0.13122990355008102
1.0,0.20381268062016789
1.0,0.27172724432858353
0.0,0.8085446201965832
1.0,0.19563957470675075
1.0,0.15355844927125883
1.0,0.1311782771588874
1.0,0.15271477797900612
1.0,0.14005234381336884
0.0,0.536544980670261
1.0,0.13108953695522696
1.0,0.2255598975822033
1.0,0.1334836428393802
1.0,0.15395307605099473
1.0,0.22220732694499035
0.0,0.15346664529808995
1.0,0.14008347919334962
1.0,0.17237829112884218
0.0,0.23613318345051937
1.0,0.12495705520076572
1.0,0.20545565782394082
1.0,0.1591452771068511
1.0,0.19389238379441176
1.0,0.1401935305967662
1.0,0.14424518964579958
0.0,0.687208235363189
1.0,0.12131858157745623
1.0,0.14779845445044515
1.0,0.20143447804112424
1.0,0.139398059274909
1.0,0.11534838768955424
1.0,0.213073815808289
0.0,0.13383695576767995
0.0,0.16052668699037353
1.0,0.3229024154727669
1.0,0.18854905343412054
0.0,0.2207376550087481
1.0,0.4128915401684916
1.0,0.24641116704308097
1.0,0.6493070344605218
1.0,0.15400917993790064
1.0,0.20867602809660624
1.0,0.13374049162585522
1.0,0.2396601813565643
1.0,0.1911243378069375
0.0,0.6860817977813018
1.0,0.1330155835508139
1.0,0.18330242304728683
1.0,0.1487362440527964
0.0,0.11278004960109522
0.0,0.30642488154980574
1.0,0.21468247552625208
0.0,0.21644769905229178
0.0,0.7594989014525436
1.0,0.13310690583481644
1.0,0.12733690644720075
1.0,0.19889359448484978
0.0,0.6814619772070695
0.0,0.8933322947811944
1.0,0.12029072779963657
0.0,0.19449787436220733
1.0,0.10668101767771432
1.0,0.3204504909378162
1.0,0.14977425072052353
1.0,0.21346151278355963
0.0,0.3341817793954456
1.0,0.16576748679487097
1.0,0.1386255291529367
1.0,0.14508784470396874
1.0,0.16862389086161533
1.0,0.16045380876643134
1.0,0.1527912077761473
1.0,0.28142903148001874
1.0,0.21904683021487448
1.0,0.24419403216009905
1.0,0.12551680295360979
1.0,0.16770065600009776
1.0,0.20364956668077128
1.0,0.16509189974420424
1.0,0.12431365215871204
1.0,0.14520835329764004
0.0,0.1776785902190937
1.0,0.13605035469367022
1.0,0.25411814159631585
1.0,0.13838620427335813
0.0,0.15933359360844035
1.0,0.18284557376723276
1.0,0.18455563738650338
0.0,0.14520912137572184
1.0,0.12194535753616143
0.0,0.16099590555527965
1.0,0.14302653495211237
1.0,0.1673230147745166
1.0,0.1606331400333647
1.0,0.18420149200021974
1.0,0.17531163803355576
1.0,0.12558632610109688
1.0,0.12272213672672905
1.0,0.16543270680412903
1.0,0.15709366964354288
1.0,0.17174586426118144
1.0,0.1436814530525078
1.0,0.147055251384286
0.0,0.18465079802960882
1.0,0.16784143096029147
1.0,0.18815500275546437
1.0,0.5569530425733625
1.0,0.2596093224608057
0.0,0.7818447383682556
1.0,0.6158501476497242
1.0,0.1677885870312903
1.0,0.11367994896569267
0.0,0.6233019094723408
0.0,0.8578740810175879
1.0,0.19599280665556928
0.0,0.1529423216533099
1.0,0.15293311820757394
1.0,0.16267471257352972
1.0,0.19804915120522115
1.0,0.237351278542123
0.0,0.23856718082429385
0.0,0.17597926085946347
1.0,0.1462774823277836
1.0,0.11777536897336915
1.0,0.12433267760043665
1.0,0.21665690401440263
0.0,0.14129902604800726
1.0,0.1618346180831659
1.0,0.20041728878214238
1.0,0.15358938647321263
0.0,0.6889810561256362
0.0,0.19541819759987578
1.0,0.1638364330095501
1.0,0.18270893993213344
1.0,0.7909355879521411
1.0,0.2213021094458083
1.0,0.16152829257437795
1.0,0.14893425406957506
0.0,0.1664083045738951
0.0,0.16194868211848723
1.0,0.20540138906075833
1.0,0.1134299009852654
1.0,0.22661277104226918
1.0,0.13817522994270115
0.0,0.763596085958529
0.0,0.17132879293546455
1.0,0.21396492930146482
0.0,0.1584700363466296
1.0,0.18728256251965092
1.0,0.14181946222907948
1.0,0.21023867439646915
1.0,0.14872781796604573
0.0,0.9363075635911907
0.0,0.1907986657049121
0.0,0.3036246249164012
1.0,0.12191145570779882
0.0,0.1237220493204022
1.0,0.12454676508881146
1.0,0.11610639862153538
1.0,0.1821169868155148
1.0,0.1658446340705081
1.0,0.1515531745165285
1.0,0.1272596519203576
1.0,0.13575268296400378
0.0,0.2442691189350834
0.0,0.2609516210502846
1.0,0.1324188584699144
1.0,0.11422598805574291
1.0,0.141932177425665
1.0,0.14383405805837945
1.0,0.1285898339196513
0.0,0.14805508772842768
1.0,0.1195556980440059
1.0,0.128652123301905
1.0,0.1453044117003286
1.0,0.14665232414103602
1.0,0.15452283487614693
0.0,0.19531999775193032
1.0,0.12967790351254382
1.0,0.16607504778860882
1.0,0.1921247134903158
1.0,0.12941458166962738
1.0,0.1340881944369522
1.0,0.19386978096164453
0.0,0.7844609207204045
1.0,0.14254224470657406
1.0,0.11788985845961508
1.0,0.12880000469879693
0.0,0.16198019786042228
1.0,0.16090780316609554
1.0,0.138454888025629
1.0,0.2113970087592969
0.0,0.13591469901127506
1.0,0.18803543191030603
1.0,0.13883258669104404
1.0,0.16919878412651412
1.0,0.13522422179810112
0.0,0.15794593516385058
1.0,0.1352589279869284
0.0,0.17119921840731378
1.0,0.4340312122004095
1.0,0.1559143417902854
1.0,0.4592591752820746
0.0,0.28181919275293843
1.0,0.15995817142905555
0.0,0.12808759307804973
1.0,0.11548359222222926
0.0,0.822240543772684
1.0,0.21122288914700715
1.0,0.17720250432295737
1.0,0.3105819409564252
0.0,0.21387561535512511
1.0,0.18018389941968616
0.0,0.7121751015943003
1.0,0.13803067203888464
1.0,0.17579258866432168
1.0,0.15321468098625024
1.0,0.13219667944762725
1.0,0.2046354934324892
1.0,0.14398679270349446
1.0,0.3673488797988488
0.0,0.8741432793087336
1.0,0.14222926754503507
0.0,0.159161694692036
1.0,0.14601120711584792
0.0,0.23556589689272223
1.0,0.12326248175855514
1.0,0.1352954622369943
0.0,0.8424285576054558
0.0,0.8695493589023776
1.0,0.15994925720279285
1.0,0.13549802129065747
1.0,0.12738416111871897
0.0,0.1911356098779029
1.0,0.13903749848827718
1.0,0.17030406997778924
1.0,0.13410947276654706
1.0,0.14970235115452857
1.0,0.2167646901756609
1.0,0.1465971529661937
0.0,0.14402554515725585
1.0,0.14536649179652772
1.0,0.17057832683137353
1.0,0.11471166774683883
1.0,0.2625442769790194
1.0,0.6008920686826935
1.0,0.1451541840966284
1.0,0.11282792882111325
1.0,0.13399300758138988
1.0,0.16032909516774707
1.0,0.11020780543078235
1.0,0.22759150718148502
1.0,0.13480403414587672
0.0,0.15229591342990367
1.0,0.12060560068217652
1.0,0.1392869799641001
1.0,0.11243817457614569
1.0,0.14895444267666214
0.0,0.13826577812591478
0.0,0.1291806713846726
1.0,0.5315654683451845
1.0,0.13600894789646123
1.0,0.18155282196272893
0.0,0.1572365172087994
1.0,0.14274797651629612
1.0,0.19001964455868414
1.0,0.1413117857186238
0.0,0.16134194923444578
1.0,0.1395088645939273
1.0,0.15432950927992106
0.0,0.5506443048618119
1.0,0.15439871935083516
1.0,0.1273374105495475
1.0,0.13929179698672245
1.0,0.1732986794071616
0.0,0.19921965069360437
0.0,0.8383081470160213
1.0,0.15254699708572006
1.0,0.24031164542172878
1.0,0.14951903105172082
1.0,0.19139613357492724
1.0,0.16424128363738644
1.0,0.14927932952820788
0.0,0.3925818042167146
1.0,0.1385443345441998
1.0,0.22657455321693498
1.0,0.1504004753213477
1.0,0.18914209056850828
1.0,0.1110963368434742
1.0,0.15958233764082264
1.0,0.16203884163722448
0.0,0.14117358020385395
1.0,0.20938815055430604
1.0,0.2828665235515976
1.0,0.2713989785567025
1.0,0.148733329744676
1.0,0.147779693571105
1.0,0.26918234519873097
1.0,0.1637535893319505
1.0,0.26477608937236063
1.0,0.1779122033391647
1.0,0.1260926476574672
1.0,0.14242997282505443
0.0,0.40610312700456996
1.0,0.10649850330493893
1.0,0.12833708491781182
1.0,0.1286525148441403
1.0,0.14880577700268904
1.0,0.2846887468394613
0.0,0.4266788432961035
1.0,0.10951047637588229
1.0,0.14009779119854693
1.0,0.12353058144056672
1.0,0.3325164227898847
1.0,0.2830988241239736
1.0,0.17322411400395432
1.0,0.13919560106174356
1.0,0.1500010347679256
1.0,0.8171524729368639
0.0,0.2561873682221144
1.0,0.13526032310476455
0.0,0.1493448057850164
0.0,0.27746694527215865
1.0,0.1359809220329553
0.0,0.16194921471202162
1.0,0.15723863625814216
1.0,0.192970088033815
0.0,0.30954090028122316
1.0,0.6577938069910096
1.0,0.18753529284562664
0.0,0.21546513704119452
1.0,0.13637352433507566
1.0,0.16634513650720162
1.0,0.18924743958557688
1.0,0.12606005332666315
1.0,0.2378283329694163
0.0,0.20312168812658837
1.0,0.20649348233166887
0.0,0.13867922211940187
1.0,0.15902971886470418
1.0,0.1283033885294773
1.0,0.13297975019209296
1.0,0.1942948589928173
1.0,0.1369592828035463
1.0,0.24910119031832745
1.0,0.16430024621914208
1.0,0.1322281957930126
1.0,0.16888738008598114
0.0,0.15534355520250953
1.0,0.18335878241525083
1.0,0.7282555628351407
1.0,0.13000320624307504
1.0,0.13513901661814554
1.0,0.18167234981854752
0.0,0.6653078944111526
0.0,0.11846947431537691
1.0,0.16073837758004972
1.0,0.23037937222919802
1.0,0.8161424635818367
1.0,0.11800929482829825
0.0,0.1833328970246637
0.0,0.21448362018788025
1.0,0.13854077516340113
1.0,0.20593523948212766
0.0,0.4478884066920301
0.0,0.27584118660018364
1.0,0.15051446039301253
0.0,0.23561688103098422
1.0,0.13655069249492113
1.0,0.14223799799984482
0.0,0.2675516681827048
0.0,0.17088143487741303
1.0,0.13533077864045218
1.0,0.12475495429650085
1.0,0.15195681418785545
1.0,0.19372853410225177
1.0,0.1199123520249491
0.0,0.17936403473459395
0.0,0.28655275378962974
1.0,0.20323687901843346
1.0,0.13489313151855664
1.0,0.12641255541098406
1.0,0.3108793142399807
1.0,0.12607624862022426
1.0,0.13612109875070766
1.0,0.13106324150517845
1.0,0.240168301665448
1.0,0.2037127288241185
1.0,0.13793110096285255
1.0,0.2116765296327745
1.0,0.13077523020645965
1.0,0.24022868878095716
1.0,0.1600950578719318
1.0,0.14753173291685517
1.0,0.17873014590758274
1.0,0.23289391832177186
0.0,0.17415604712617982
0.0,0.16694710099062926
1.0,0.23038952664748358
1.0,0.17542380388981338
1.0,0.1445094450170945
1.0,0.23919735346676518
1.0,0.12488752068823017
1.0,0.2274157806250091
0.0,0.13194603990127474
1.0,0.16623534098884707
0.0,0.5695482472615994
1.0,0.1123508375615454
0.0,0.16523208984664028
1.0,0.1619370694454837
1.0,0.21379976651794463
1.0,0.20188223132737826
1.0,0.1998728277710513
0.0,0.21000806630113245
1.0,0.13268838747244305
1.0,0.12884487536496492
1.0,0.15712531358873794
1.0,0.22347156205873253
1.0,0.21582575289148853
0.0,0.13241032567093747
1.0,0.12469504815294274
0.0,0.24498414310295502
1.0,0.16036183407211502
1.0,0.13638150774047564
1.0,0.17184130491423544
1.0,0.1440059476855181
1.0,0.13052416719145143
1.0,0.13656904774338863
1.0,0.15161358490827948
1.0,0.14245934942286742
0.0,0.34799093905650924
1.0,0.14939217539703753
1.0,0.15063735246598253
0.0,0.4856448544192793
1.0,0.2206737222545021
0.0,0.21121582267062144
1.0,0.13348115444642594
1.0,0.23083944435949455
1.0,0.1636143233002605
1.0,0.1222020102719813
1.0,0.1492571260960618
0.0,0.1263066740378731
1.0,0.132725324855969
1.0,0.1442589034438938
1.0,0.14353697724111136
1.0,0.15808059408030017
1.0,0.14014729041903928
1.0,0.1313494119304741
1.0,0.12548579720875386
1.0,0.2945289675250021
0.0,0.1631854571748722
1.0,0.14570786093416777
1.0,0.11406328020444312
0.0,0.1372357070143756
1.0,0.16494644645953538
0.0,0.93127493069298
1.0,0.23124982680836859
0.0,0.15479371262695296
1.0,0.15249699989077903
1.0,0.12206689475081467
1.0,0.12669110421700724
1.0,0.11986231638160627
0.0,0.23310239309648473
1.0,0.12261314410055568
1.0,0.14313581177497547
1.0,0.11765187881155836
1.0,0.17680670948603372
1.0,0.11434949423842755
1.0,0.1618650072437059
1.0,0.1496936565652417
1.0,0.16294384805541895
1.0,0.15699866537837792
0.0,0.15573673480469663
1.0,0.13518160884379948
1.0,0.1130545654742543
0.0,0.7051299008771379
1.0,0.18587967711586562
1.0,0.16000930675735425
0.0,0.20150670564806095
0.0,0.20937592543066852
1.0,0.13148763526521767
1.0,0.14857329528148233
1.0,0.11746661333861386
1.0,0.20504266225142465
1.0,0.1260680517551842
1.0,0.2548499025249815
1.0,0.1717669872152674
0.0,0.12168264019241815
1.0,0.15599761129140677
1.0,0.16384987095851145
0.0,0.19073639244795182
1.0,0.18498515328601783
1.0,0.16046097660190173
1.0,0.2239302204300001
1.0,0.1569308664028204
1.0,0.21629990826316536
1.0,0.203012315844472
1.0,0.14432335458042322
1.0,0.15715419186457968
0.0,0.6398616392260681
0.0,0.15760235981157356
1.0,0.1666890810512427
0.0,0.21845631590353265
1.0,0.12695582505886005
0.0,0.20781616099818878
1.0,0.18140261937719349
0.0,0.15400927033798473
1.0,0.14928522094671948
1.0,0.1522778659259011
1.0,0.13564301618689023
1.0,0.1532308722173804
1.0,0.12371117381893193
1.0,0.1301847230675992
1.0,0.25703229412575246
1.0,0.17290017579357664
0.0,0.1468746688189576
1.0,0.1869156166461443
1.0,0.12902277068702295
0.0,0.7695329454430458
1.0,0.16173739781956675
1.0,0.20870560171254549
1.0,0.1141948713480837
1.0,0.13511106741702694
1.0,0.1610608190429077
0.0,0.13815123378303995
1.0,0.11405182618552023
1.0,0.16514862396033925
1.0,0.1569200576172518
1.0,0.1551901531769686
0.0,0.156814642172881
1.0,0.12761014820130756
1.0,0.15744762656732492
1.0,0.13488529028158824
1.0,0.13745050265497838
1.0,0.1863038617925804
1.0,0.12189841321548656
1.0,0.6872591826503278
1.0,0.1773917615448385
1.0,0.12640574586347797
1.0,0.18386097401757973
1.0,0.13662225136473116
1.0,0.12971354668313384
1.0,0.13694679996445802
1.0,0.17100339335073678
1.0,0.19303802044635066
1.0,0.11294731597428431
1.0,0.14029889108956206
1.0,0.130872634635671
1.0,0.12911169854244764
1.0,0.21763018519364485
1.0,0.13188741155039996
1.0,0.12979970388881823
1.0,0.11321002903235455
1.0,0.128819333377997
1.0,0.1250474306487921
1.0,0.14062274468886582
1.0,0.21385776039723725
0.0,0.14263178270462828
1.0,0.501481304107034
1.0,0.1803000346951168
1.0,0.13138074120915233
1.0,0.1250083968201272
1.0,0.20837075386760728
0.0,0.14035492973586206
1.0,0.15749710589463617
1.0,0.13024604906543646
1.0,0.18474825882724422
1.0,0.11686487535099199
1.0,0.13439360903465636
1.0,0.24858493124535064
0.0,0.13147263399496156
1.0,0.1554411818101391
0.0,0.14402792584042856
1.0,0.11036806060118964
1.0,0.13930435050194712
1.0,0.1459020180208932
0.0,0.6554090984014287
0.0,0.15347883896739123
1.0,0.1211680713145813
0.0,0.15423781341017762
1.0,0.13358651870952842
1.0,0.14509941375011404
1.0,0.16584508843316803
1.0,0.13482962706988055
0.0,0.7399425577898165
1.0,0.11407722599327041
1.0,0.1357820928092911
1.0,0.15565757471674446
1.0,0.15921050079103682
0.0,0.11183835503343764
0.0,0.13881942983640272
1.0,0.17967078244793533
1.0,0.1320601319575363
1.0,0.14454443920918092
1.0,0.12606750104415887
1.0,0.14272350170609416
1.0,0.17412039062790263
1.0,0.12008847042490811
0.0,0.21006861716936343
0.0,0.14749855876428064
1.0,0.1630899140663271
1.0,0.15778138241645456
1.0,0.15352369055340787
1.0,0.1849237198104552
1.0,0.22863852355182546
1.0,0.1164186170357786
1.0,0.19389093361432563
1.0,0.2513045383429222
1.0,0.16860908228473148
1.0,0.19229021616538122
1.0,0.20056017489362032
1.0,0.1460194856213255
1.0,0.11842298054445632
1.0,0.13077382476114874
1.0,0.18400725639686433
1.0,0.12466717913328829
1.0,0.17550264089386636
1.0,0.19033541972835955
0.0,0.20769640110593368
1.0,0.14760441049882433
1.0,0.15903892608468406
1.0,0.12832151313085405
1.0,0.29704187918043945
0.0,0.747096428554459
0.0,0.1348073966436527
1.0,0.12240525479104625
1.0,0.16446483327241002
1.0,0.16097119302978502
1.0,0.1739085357756769
0.0,0.6497575494832196
1.0,0.20207428682373663
1.0,0.1625804248003958
1.0,0.32896450124426824
1.0,0.1574047418319966
0.0,0.33139164320693093
1.0,0.1615407674072118
0.0,0.17766756475237278
1.0,0.22610937057397162
0.0,0.13906597239715324
0.0,0.6345146024907697
1.0,0.19921689231466388
1.0,0.17972841671188444
0.0,0.2188293674848636
1.0,0.13383691373552675
0.0,0.2403736660377329
1.0,0.3375818536257238
0.0,0.19074675308728706
0.0,0.16330380797554356
1.0,0.1934227674345046
1.0,0.14010657321234232
1.0,0.16554225313562843
1.0,0.13912883835673917
0.0,0.5624992783797911
0.0,0.11842127150960269
0.0,0.19047051291318573
1.0,0.21949996419096385
1.0,0.2371577301015707
1.0,0.13811718686859586
1.0,0.28414983207133304
1.0,0.12328446116189329
1.0,0.18929099493876644
0.0,0.15352298075508664
1.0,0.14873969039113544
1.0,0.14029233039049382
1.0,0.12818470492168343
0.0,0.11263316973578563
0.0,0.12409099989857753
0.0,0.15728371206387726
1.0,0.14508909424420313
0.0,0.22214506024095337
1.0,0.1407803695056653
1.0,0.183832133651055
1.0,0.12301296908310977
0.0,0.9769890318598171
0.0,0.19160255525626635
1.0,0.36642288946342394
0.0,0.27781917084251984
1.0,0.14656412602220714
0.0,0.1454021486847703
1.0,0.126301526609773
0.0,0.2277622596197102
1.0,0.10959351042227505
1.0,0.21793456097952468
1.0,0.14942564105634637
1.0,0.2227637325293389
1.0,0.11968661037741124
0.0,0.30191355052503965
1.0,0.1594155052542171
1.0,0.2979979856613807
1.0,0.17333763401957702
0.0,0.4006515538229807
1.0,0.19391818823310625
0.0,0.2004845122346821
1.0,0.1496659245489912
1.0,0.14451147817158128
1.0,0.15617638819902413
1.0,0.13629836142263407
1.0,0.11215219426988732
1.0,0.26228196167078155
0.0,0.13934716141804182
0.0,0.2240989974356672
1.0,0.1364376186683366
1.0,0.1498282645668103
1.0,0.12333177451789934
1.0,0.14136982684505117
1.0,0.15002516668493893
1.0,0.19178515950504615
1.0,0.13146315672255848
0.0,0.1495737594052602
1.0,0.14520494851835475
1.0,0.1939033273214794
1.0,0.15919150657435976
1.0,0.15429402938818637
1.0,0.1407111664369094
1.0,0.1425866311554005
1.0,0.119581600686123
1.0,0.148259708192246
1.0,0.13032775890226778
0.0,0.20518339132227204
1.0,0.12333852566964687
1.0,0.1336491105132167
1.0,0.1921209637103206
1.0,0.1464980450779434
1.0,0.12392388582532643
1.0,0.1241951311828392
1.0,0.43973988972532274
0.0,0.15110655907478177
1.0,0.18489841708815813
1.0,0.117085400936625
1.0,0.15121065600196937
1.0,0.11339125235094372
1.0,0.17159771043355032
0.0,0.18690480434228185
0.0,0.6445350025920624
1.0,0.25397797469628247
1.0,0.1182355480037186
1.0,0.17946384647046576
1.0,0.1571130905523681
1.0,0.18092913312875403
1.0,0.15947944721373608
1.0,0.1758594271539078
1.0,0.17608263472824603
1.0,0.14389102239303153
1.0,0.11056237035057426
0.0,0.20158371564990107
1.0,0.13016117678225136
1.0,0.14680617010849772
0.0,0.24507779063485569
1.0,0.16169477652690578
1.0,0.13062463892519194
1.0,0.12796488699646558
1.0,0.14549038627337552
1.0,0.11849701406862423
1.0,0.18159977066337663
1.0,0.12448107174723655
1.0,0.11872897032866914
1.0,0.14459947498899384
1.0,0.1996691730911615
0.0,0.211682099524783
1.0,0.33643149320365906
1.0,0.1569308664028204
0.0,0.17756714968854614
1.0,0.1402101136267515
1.0,0.1722266177059124
0.0,0.18826529124536817
1.0,0.14924287000349024
0.0,0.1498977897226067
1.0,0.13755470511281154
1.0,0.1265951324375476
1.0,0.6628747629623601
0.0,0.1378315893922608
1.0,0.17636149612124952
1.0,0.18529791217918912
1.0,0.20450314366972255
1.0,0.17180668106532093
1.0,0.12606912957122973
1.0,0.1861560145584591
1.0,0.17458874510815803
1.0,0.3573361039109594
1.0,0.13920296290025236
1.0,0.15031067137134102
1.0,0.1429905431873275
0.0,0.19089714630127963
1.0,0.16637572042824955
1.0,0.13675177442458142
1.0,0.11827865140209715
1.0,0.14330139453074642
1.0,0.14857374401080203
1.0,0.22267060168292785
1.0,0.12585228047032548
1.0,0.20022597401327336
1.0,0.15512622176617197
1.0,0.12574974033848607
1.0,0.18781353461268102
1.0,0.16876153044730902
0.0,0.15138208003866394
1.0,0.16070798515337836
1.0,0.12973308556848917
0.0,0.12918181961081043
1.0,0.18555201622170592
0.0,0.1386926450992303
1.0,0.27410727523314593
1.0,0.1910478186190444
1.0,0.12278918638296499
1.0,0.1224003348310615
1.0,0.11646938496229287
1.0,0.11596388622451537
1.0,0.1349041711380542
1.0,0.13026652546530115
1.0,0.1275717415726768
1.0,0.13574348078610066
1.0,0.13369544583785153
1.0,0.29797185195659637
1.0,0.14035746494083434
0.0,0.46806277582030165
0.0,0.19001195731258524
0.0,0.11641886673179591
1.0,0.14681401296318863
1.0,0.11490720981125879
1.0,0.2298249549944298
1.0,0.1661625193898667
1.0,0.13925446725461255
1.0,0.1771795673564196
1.0,0.14060353738895792
1.0,0.17032478178428045
1.0,0.16104650488279626
1.0,0.215001989030561
1.0,0.3729819207145503
1.0,0.18488313636129683
1.0,0.1395811070598444
1.0,0.14336937608526923
1.0,0.19630248351338953
1.0,0.17197915978711698
1.0,0.1498016047206563
0.0,0.17968325503553728
1.0,0.14970290568264621
1.0,0.1317035443846457
1.0,0.16204541794101557
1.0,0.15231641277762042
1.0,0.1720434740790412
0.0,0.1421485703008023
0.0,0.15972127399937386
1.0,0.20613392458753643
1.0,0.10833293680225276
1.0,0.17898798707476093
1.0,0.17065426991396515
1.0,0.1463745833813116
1.0,0.13877985484122868
1.0,0.25498914592314226
1.0,0.1256679641939843
1.0,0.184215927440056
1.0,0.14251319536630958
1.0,0.10606785426823351
1.0,0.15876586612331645
1.0,0.1240568573383517
1.0,0.15403231345479096
1.0,0.19747598694859692
1.0,0.1358498833786932
1.0,0.1414728287853656
1.0,0.16168317774741936
1.0,0.18335238397335496
1.0,0.16674140729932407
1.0,0.14267602144849512
1.0,0.11764161369153259
0.0,0.6409821971844574
1.0,0.14406803209773222
1.0,0.2558336579569689
0.0,0.276317681244314
1.0,0.1312115240468874
1.0,0.207885759327176
1.0,0.16996598434664323
0.0,0.23539953821197002
1.0,0.22159052735800477
1.0,0.27885217586066735
1.0,0.17035929406795203
1.0,0.1485404352951628
0.0,0.19084783923647552
1.0,0.1446586536019735
1.0,0.13673755983726088
1.0,0.21018099383068178
1.0,0.14233511237946916
1.0,0.1516586356274532
1.0,0.18239776981573297
1.0,0.11737450144173
1.0,0.12143419609915973
1.0,0.14909873355812464
1.0,0.14757056897604948
1.0,0.2589652962765694
1.0,0.1407078154550746
1.0,0.14384140347320784
1.0,0.1575332741043085
1.0,0.14782660102936684
1.0,0.16643472212453758
1.0,0.1250231067032047
1.0,0.12487646596763968
0.0,0.7311454114750926
0.0,0.28030235098326617
0.0,0.6434290500094582
0.0,0.16003125984086286
1.0,0.14964663062709882
1.0,0.145140977649046
0.0,0.17886627232242458
1.0,0.1342038236321863
1.0,0.2022568264897684
1.0,0.1296916744782426
1.0,0.19639493203411984
1.0,0.15959294134441193
1.0,0.14932062559636528
1.0,0.13437926805315692
0.0,0.9003177316358735
1.0,0.1301795027565984
1.0,0.11957110722303688
1.0,0.15694418620222672
0.0,0.2170410253230396
1.0,0.33006229571939405
1.0,0.16181388720998235
1.0,0.15473219876178412
1.0,0.13690344001389965
1.0,0.15470170842342568
1.0,0.15285494359215845
1.0,0.2117116221965879
1.0,0.1668500915361938
1.0,0.1194672744905203
1.0,0.18551567044517614
1.0,0.201756851731139
1.0,0.1553482370668393
1.0,0.24669528283370123
1.0,0.14300896512891947
1.0,0.20352456564825927
1.0,0.255166999687795
1.0,0.15013881269358587
0.0,0.17880984568449887
1.0,0.18848523021123575
0.0,0.16409212962648678
1.0,0.13916524646158512
1.0,0.15367486299896116
0.0,0.12404882221276847
1.0,0.21717627129884653
1.0,0.14307036578313648
1.0,0.19938397681060616
1.0,0.14037513353153142
1.0,0.13297579681857385
0.0,0.7672469150396529
1.0,0.18907647422053053
1.0,0.1310663871062029
1.0,0.25385704345722004
0.0,0.41414908573722686
1.0,0.20961253509544608
1.0,0.25236172298162274
0.0,0.15097396583789469
1.0,0.15123792877608533
1.0,0.17739759461269078
0.0,0.8244107036723624
1.0,0.12139928617417106
1.0,0.1370682447091054
1.0,0.19911012397573447
1.0,0.14409113416796937
0.0,0.148195329169846
1.0,0.1441300371003843
0.0,0.14370549125159915
1.0,0.2624930483910166
1.0,0.12331723601573663
0.0,0.13641127123040198
1.0,0.1993803824774889
1.0,0.19610373091021016
1.0,0.11251988490849374
1.0,0.1255612950756394
1.0,0.11681421142994108
1.0,0.1499675992799656
0.0,0.943500216368252
1.0,0.11187128161429971
1.0,0.14463452206341676
1.0,0.2871307541668552
1.0,0.16201060204627948
1.0,0.13397534324874338
1.0,0.207054114794872
1.0,0.1704436061009249
1.0,0.13836780772772184
1.0,0.15358837282773163
1.0,0.15020489538984005
1.0,0.1619988265635659
1.0,0.138939521745158
1.0,0.1702189449355056
1.0,0.2045019300661467
1.0,0.5201453709984087
0.0,0.12178450663547935
1.0,0.13409872419823776
1.0,0.1791023415901266
1.0,0.14788583510951037
1.0,0.23859965743047185
0.0,0.11559290097195418
1.0,0.1518101168666457
1.0,0.1748674988596557
1.0,0.1496906839329557
1.0,0.18595954943847437
1.0,0.1400106728381767
1.0,0.8157816467160179
1.0,0.1417003382916866
1.0,0.1456613203669811
1.0,0.1973863299581835
0.0,0.16498224683664053
1.0,0.14698222571180863
1.0,0.15529351526189683
1.0,0.15068314375887715
1.0,0.18324404916285042
0.0,0.1892865095389914
1.0,0.27195359031715916
1.0,0.2402891974576773
0.0,0.714904991346917
1.0,0.13129641325096209
1.0,0.1822463327871432
1.0,0.12112906742922092
0.0,0.3212452198594625
1.0,0.23849934704784936
1.0,0.15723810752707046
1.0,0.1892456554562384
1.0,0.1305878944527179
1.0,0.15575195232726846
1.0,0.200053110524957
1.0,0.1665071989722663
1.0,0.14029752167704757
1.0,0.16279119507050732
1.0,0.1501136669316825
1.0,0.16905310134011742
1.0,0.11082514341633021
1.0,0.11596064431596087
1.0,0.2956084908855714
1.0,0.1780563943348631
1.0,0.14026250976301802
1.0,0.17328866412134913
0.0,0.6585041554740549
1.0,0.2720134485940896
0.0,0.1902255575373344
1.0,0.11171834275053971
1.0,0.17187682625352985
0.0,0.19932386751223985
0.0,0.13699786462431607
1.0,0.7738343201458548
1.0,0.16491144573319105
1.0,0.19148876530470305
1.0,0.18411346023003572
1.0,0.13512971748989866
1.0,0.1696811514737896
1.0,0.17310318022249038
0.0,0.9153790544413483
1.0,0.14368007599802501
0.0,0.29136848980330454
1.0,0.1650884434135913
1.0,0.1565206461048554
0.0,0.14025932191108847
1.0,0.14891977860806538
1.0,0.11955119623897836
1.0,0.1539189946071713
1.0,0.2392233249028589
1.0,0.23242417524847625
1.0,0.14058032618478922
1.0,0.15562385720803873
1.0,0.1582284283294848
1.0,0.129829448558493
1.0,0.1421805745167054
1.0,0.13354493914741816
1.0,0.12683810381518656
1.0,0.11635117776856108
1.0,0.1824747035933021
1.0,0.1513088964684367
1.0,0.16864032737478607
1.0,0.16012901694838555
1.0,0.12684075776383252
1.0,0.2085721953780445
1.0,0.1485500417016984
0.0,0.17074546488767217
1.0,0.12725115163111
1.0,0.23159111913904795
0.0,0.19010158818206047
1.0,0.2337298034761225
1.0,0.14990688011103392
1.0,0.1854593043911016
0.0,0.13593803559276518
1.0,0.14079524289300205
1.0,0.12453962340152369
1.0,0.17242151613064505
0.0,0.2534008343647245
1.0,0.1271719386829504
1.0,0.14592193235430972
1.0,0.1595057934793096
1.0,0.13263498183633726
1.0,0.15807872576026527
1.0,0.1310820606133113
1.0,0.15145987520380766
1.0,0.1335116750256009
1.0,0.1406498380959723
1.0,0.11280419345373438
1.0,0.14524955761942349
1.0,0.14999731600621435
1.0,0.11369934954608896
1.0,0.12147704303698392
0.0,0.8269836667116904
1.0,0.2162051462230865
0.0,0.13995695145536646
0.0,0.8254380607562358
1.0,0.16030124813799518
1.0,0.1590019255449565
0.0,0.12775857088758824
1.0,0.1213433035247019
1.0,0.1260705987296481
1.0,0.22076426460357435
1.0,0.19642269501627618
0.0,0.15516947453480545
1.0,0.17310318022249038
1.0,0.2715572430241864
1.0,0.12627057309367118
0.0,0.5779822711894314
1.0,0.2994909790416592
1.0,0.6994669388931789
0.0,0.24466938188386533
0.0,0.20089293160478872
1.0,0.1446191154319869
0.0,0.12676923710222743
0.0,0.6146508120210825
1.0,0.13460553032612765
1.0,0.13813478966349757
1.0,0.14289760097799142
1.0,0.255779048118128
1.0,0.1304517106611709
1.0,0.21571499908486746
1.0,0.23699948351962097
1.0,0.1855699259680358
1.0,0.16955022973487122
1.0,0.12686216520153248
1.0,0.15634283447192576
1.0,0.22919298010480327
1.0,0.1821219160541635
1.0,0.17024063927693323
0.0,0.2375104575364102
1.0,0.16396577407332946
0.0,0.7324836419725629
1.0,0.15173553660150108
1.0,0.14970237738336434
1.0,0.18026092249715153
1.0,0.1681465088889491
1.0,0.13399307489305523
1.0,0.12483064708560565
0.0,0.20782976290961963
1.0,0.17349905670868304
1.0,0.1214539145190201
1.0,0.12290733651222852
1.0,0.1196099250777799
1.0,0.17053677552939195
1.0,0.16030487730801257
1.0,0.15153476821472667
1.0,0.1406670225133715
1.0,0.214886881918528
0.0,0.13421640441157057
1.0,0.17033223728814706
1.0,0.2052572353156633
1.0,0.13152692014242995
1.0,0.14211132240623836
1.0,0.12901528450140698
1.0,0.13186808489682522
1.0,0.11805772253685654
1.0,0.1228682034321964
1.0,0.2061940698612662
1.0,0.15156427764107905
0.0,0.8431525419710645
0.0,0.21222025787015164
1.0,0.2165896556310586
1.0,0.14319258726202877
1.0,0.24729222267775508
1.0,0.15747983464397486
0.0,0.15148653092690012
0.0,0.13379451139793141
0.0,0.13203905446975683
1.0,0.13758901428829717
0.0,0.14243335825481507
1.0,0.1576718135630958
1.0,0.3479882157002956
1.0,0.14551824585218998
1.0,0.14644507643507987
0.0,0.720118297041894
1.0,0.17179106225477325
1.0,0.24108992091620507
1.0,0.13639354737892417
1.0,0.20383510767029644
1.0,0.3289884658525132
0.0,0.1768425458238425
1.0,0.7874080272951649
1.0,0.15591363879375209
1.0,0.12267813636211278
1.0,0.15227122588405972
1.0,0.13101396812749133
1.0,0.1264474481374097
1.0,0.15355173435777136
1.0,0.15074816943069003
1.0,0.1294931921180379
0.0,0.17159098665238903
1.0,0.11167432877810368
1.0,0.22350167013131172
0.0,0.16782257077372364
1.0,0.12775657443881705
1.0,0.16880712777425888
1.0,0.11596595086645844
1.0,0.1563718309006883
1.0,0.16089830530221716
0.0,0.18310432309798674
1.0,0.1333508800732086
0.0,0.18319695447630857
0.0,0.13723592552495967
1.0,0.17878819289368464
0.0,0.165281916718366
1.0,0.14314706565673596
1.0,0.16830445365440494
1.0,0.14432065687890083
1.0,0.23920713119986103
1.0,0.12743922878490155
1.0,0.15384183650876238
1.0,0.13425347899386808
1.0,0.1985299147957077
1.0,0.1506234641035734
0.0,0.1712853820440554
1.0,0.15894710657067002
0.0,0.20379070367539776
1.0,0.19590505174943473
1.0,0.13111220103536647
0.0,0.13933031913066862
1.0,0.12981937290869494
1.0,0.11642077784522498
0.0,0.5910743029342492
0.0,0.7051711657297051
1.0,0.2037772188371807
0.0,0.14713321923872724
1.0,0.11528044386947611
0.0,0.8518069628036888
0.0,0.8511949531303412
0.0,0.8450485502205166
0.0,0.226192682125691
1.0,0.15606185888726776
1.0,0.12598069939709855
1.0,0.22327668323212757
1.0,0.12930288958600444
0.0,0.7710135852038219
1.0,0.16517782300820572
0.0,0.7599548133672652
1.0,0.45053501758733194
0.0,0.1273111983734394
1.0,0.13988551099273905
0.0,0.23630945365268485
1.0,0.20936639148551317
1.0,0.12655098936775044
0.0,0.13345281509449247
1.0,0.14001865457053042
1.0,0.1737856199529827
0.0,0.12141139214709373
1.0,0.14234066501798703
1.0,0.12387239498306779
1.0,0.13573236645823228
1.0,0.13685774658619243
1.0,0.17302073136006313
1.0,0.12519352783118975
1.0,0.14983428580171443
1.0,0.21902659149248394
1.0,0.20213403128544793
1.0,0.14323314483080984
1.0,0.14041445053510138
0.0,0.7151720750134049
1.0,0.1462934927168571
1.0,0.20301712034432617
1.0,0.13987825188874503
1.0,0.14420493443954363
0.0,0.1794796695143177
1.0,0.19703939603405318
1.0,0.1268769840520949
1.0,0.15684087615209075
1.0,0.14809187328597218
0.0,0.7870442322425639
0.0,0.2775631964984313
1.0,0.6491389647221202
1.0,0.16354612304026772
1.0,0.1657483877489293
1.0,0.15356162034312892
1.0,0.20138205123826547
0.0,0.1322846539685557
1.0,0.15817150578636796
1.0,0.1584666720297706
1.0,0.11714591888812864
0.0,0.7574931130458348
1.0,0.21958306774740355
0.0,0.1312472587625274
1.0,0.19445648649741076
1.0,0.14863348356285955
1.0,0.2594432884077562
1.0,0.18418162426002704
1.0,0.22193182446793758
1.0,0.15897669322085983
1.0,0.14151931523364758
0.0,0.725800857176121
1.0,0.26086659537739276
1.0,0.18270381844100014
1.0,0.2247928316817669
1.0,0.12300113684213021
1.0,0.15985857906599887
1.0,0.17321724487246593
1.0,0.2516882378039135
1.0,0.13409476024035138
1.0,0.28664200970451736
0.0,0.13855714285878762
1.0,0.14556050441461799
1.0,0.11835739336323248
1.0,0.1317152794132036
1.0,0.11538612623661237
1.0,0.12693132744583902
1.0,0.149681583883706
1.0,0.2418528935310762
0.0,0.21953287155183554
1.0,0.17975908618437386
1.0,0.17065850726051257
1.0,0.12047364710655717
1.0,0.1534725511508871
1.0,0.14879361788854173
0.0,0.1370047279399279
0.0,0.28943928543396924
1.0,0.1395431570289215
1.0,0.13053710853848266
1.0,0.13643308887855965
1.0,0.2085614744384202
1.0,0.12635292755848038
1.0,0.1335614525895259
1.0,0.1267769373819838
1.0,0.14762167352224986
0.0,0.1567666973708557
1.0,0.3363742287910547
1.0,0.14263572510723266
1.0,0.13488988300925697
0.0,0.713922728625476
1.0,0.20055854831265807
0.0,0.24902895056777274
1.0,0.48932234980977574
1.0,0.15399813014594188
1.0,0.13004280076369112
1.0,0.1258673458682089
1.0,0.1842865879467468
1.0,0.14282726618996588
1.0,0.12032845127445468
1.0,0.1461487398853193
1.0,0.2106813941307597
1.0,0.1398582813620185
1.0,0.17099253769965195
1.0,0.13973622072109804
1.0,0.13726646004515752
0.0,0.19054776982121058
1.0,0.14134593194785072
0.0,0.7371270215458772
0.0,0.6945639333255088
1.0,0.3724034761642542
1.0,0.11567557013211038
1.0,0.17803323774404278
1.0,0.14739653045636814
0.0,0.756217082669768
0.0,0.7653341009919341
1.0,0.18001749794300037
1.0,0.14089138066624196
1.0,0.19636211063866982
1.0,0.13429832470228775
1.0,0.14793280428683708
1.0,0.17630823289586905
1.0,0.15606027672081413
1.0,0.14958237986999567
0.0,0.7409293256190347
1.0,0.11888521939919383
1.0,0.11406993048919589
1.0,0.1607330575255449
1.0,0.12378911406585003
1.0,0.17056853352943757
1.0,0.6443918318104014
1.0,0.20397790179439013
1.0,0.20845873417991378
1.0,0.14702543283236702
1.0,0.15351521022458392
1.0,0.13605426218690564
1.0,0.1221022945748188
1.0,0.16872956889937996
1.0,0.16929884970390152
1.0,0.18559506017977567
1.0,0.1578090380491397
1.0,0.14069315172732844
1.0,0.15616889346889917
0.0,0.6388896932930019
1.0,0.16390709420378258
0.0,0.1832406841964327
1.0,0.1717477850349235
1.0,0.16575633955625668
1.0,0.28114712537906306
1.0,0.14953288053089253
1.0,0.14607696217670485
1.0,0.12305494937835582
1.0,0.17401215998407948
1.0,0.2169130842064162
1.0,0.15821153726358583
1.0,0.1340028859944976
1.0,0.17851594835223883
1.0,0.1401232878677977
1.0,0.16279488286161825
1.0,0.13714504616572942
0.0,0.2453511263303486
1.0,0.1626148352662835
1.0,0.1970483266040861
1.0,0.15432311348864813
0.0,0.536442326609359
1.0,0.13632019193627343
1.0,0.23440675587569604
1.0,0.13928563028635443
1.0,0.15114378979469978
1.0,0.17662264138472294
1.0,0.1262537236227278
1.0,0.1503615159119519
1.0,0.27049633748734114
1.0,0.11699559637828372
1.0,0.14514234344345722
1.0,0.20978917149616438
1.0,0.11239968644686293
1.0,0.6850398307391833
0.0,0.8255209141425871
1.0,0.6878669926427579
0.0,0.31218040477224007
1.0,0.13710069793483104
1.0,0.24466884249060972
1.0,0.13553009883915812
1.0,0.21967963236508237
1.0,0.1440985395379153
1.0,0.176776902423742
0.0,0.1465762758025736
1.0,0.12320215802205714
1.0,0.1539413828841505
1.0,0.15881849488543298
1.0,0.17739575840704624
1.0,0.1445846313343272
1.0,0.18751028382129675
1.0,0.19156903906114198
1.0,0.1733448195022973
0.0,0.7857261044427009
0.0,0.6523392137399261
1.0,0.2696965777750595
1.0,0.14874536656353765
1.0,0.9272633780909961
1.0,0.22788311536524386
1.0,0.1163094529639106
0.0,0.13024158668079444
1.0,0.6505508890287399
1.0,0.1771653376277017
1.0,0.16964540876328404
1.0,0.29401652293423874
1.0,0.16954740074993135
1.0,0.11665553024413933
1.0,0.17243467270003876
0.0,0.15671985901553354
1.0,0.17254341887196878
1.0,0.14194676201308853
1.0,0.1436221652371964
1.0,0.2361280741248456
1.0,0.12268478296503482
1.0,0.21407618221079983
1.0,0.13650024378764047
1.0,0.2029332078479682
0.0,0.16859259855198339
1.0,0.11908338297040733
1.0,0.14181747168939318
1.0,0.13356443627944026
1.0,0.8337359171839465
1.0,0.3067209510159048
0.0,0.2829473041119688
1.0,0.19029865213261565
1.0,0.12232609035749464
1.0,0.12113681441190205
1.0,0.12970443238502538
0.0,0.17642112246567665
1.0,0.18567350740518163
1.0,0.13638238133671188
1.0,0.14490725496401335
1.0,0.14088573163606677
1.0,0.11725019810104453
1.0,0.1317961665747448
1.0,0.14230281648744136
1.0,0.20055854831265807
1.0,0.12429842105833311
1.0,0.1494138814889414
0.0,0.29537222432562316
1.0,0.1338835770675546
1.0,0.21063808734700018
1.0,0.1462888744079367
0.0,0.8231825759921346
1.0,0.16026099950082184
1.0,0.1782269564812171
1.0,0.15908267749666205
0.0,0.20645060821604722
0.0,0.23691229915305523
0.0,0.1594971408664928
1.0,0.11702191049182165
1.0,0.1601859582930827
1.0,0.7135822756193806
1.0,0.1885989695644058
1.0,0.2796636462628683
1.0,0.20591596614672902
1.0,0.1876380266002977
1.0,0.1261959928468187
1.0,0.1672979689156434
0.0,0.14886715878868995
1.0,0.17769370494780812
1.0,0.13017028719772417
1.0,0.12725521978864762
1.0,0.17063487867369165
1.0,0.12688611335457645
1.0,0.21039505788118606
1.0,0.33568750357936705
1.0,0.13549865814468054
1.0,0.17287066999902023
1.0,0.19960859181887947
1.0,0.3431589130522905
0.0,0.14919304304617675
1.0,0.16934479575656614
1.0,0.11970098300046006
1.0,0.1392345329291529
1.0,0.16312361464212988
1.0,0.1515639839229933
1.0,0.15041388276398082
1.0,0.20868566510083664
0.0,0.24621293298907387
1.0,0.12888954675166897
1.0,0.16078183863515694
0.0,0.20839996340997546
0.0,0.23976624062930274
1.0,0.1655906654504099
1.0,0.12534393797737708
1.0,0.14492145453093652
1.0,0.14342561346206806
1.0,0.2005711004331865
0.0,0.1615567421225096
1.0,0.1567987934927212
1.0,0.13166839016469556
0.0,0.19733121811909116
0.0,0.1535439356721685
1.0,0.23593142254462096
1.0,0.44438376440931815
1.0,0.6297410745211222
0.0,0.218915780752719
0.0,0.24068662689917664
1.0,0.13300631706855248
1.0,0.15209082420732944
1.0,0.12140132377068069
0.0,0.1571237874804312
1.0,0.14863559623694078
0.0,0.11541099641389463
1.0,0.16313784262315412
0.0,0.24415083104970559
1.0,0.13869547412183647
1.0,0.16969567786482187
1.0,0.1737641447663315
0.0,0.15471748716131617
0.0,0.1522997283319406
1.0,0.1641596747542572
1.0,0.2130268803769403
1.0,0.1714323373317712
0.0,0.3408493494573789
1.0,0.1380041698769009
0.0,0.7246075939969203
0.0,0.16947845124511474
0.0,0.20856875225791416
1.0,0.12743668983597956
1.0,0.1902107057030512
1.0,0.14439894415788312
1.0,0.2613240866810428
1.0,0.11977648021171539
1.0,0.24517057502081496
1.0,0.35929391125554766
1.0,0.23226126336041275
0.0,0.14950123452489605
1.0,0.13069088407602658
1.0,0.19081671923996435
0.0,0.6279923194006137
0.0,0.22763035667038722
1.0,0.12612024012004108
1.0,0.22389707877628395
0.0,0.15177190552346054
1.0,0.16259694636467092
1.0,0.16271226145480777
1.0,0.19726270698979276
1.0,0.1260293531601585
1.0,0.3892456597133702
1.0,0.16290730077304927
0.0,0.8755578008848581
1.0,0.12736365843154596
1.0,0.1838857147393823
1.0,0.11679540282540035
1.0,0.12716812926239873
0.0,0.24929380504097287
1.0,0.13709910462394503
1.0,0.14747854573861052
1.0,0.16430656534599575
1.0,0.12032892799322314
0.0,0.3112256773390226
1.0,0.17047354886016497
1.0,0.2348796975916333
1.0,0.14037169110028624
1.0,0.1357090336065363
0.0,0.17658741787364696
0.0,0.7128512900026485
1.0,0.12588790104705094
0.0,0.1894892439108613
1.0,0.12109474835866574
1.0,0.16096783493290523
1.0,0.2074108452694009
1.0,0.18366406319657236
1.0,0.1463850223008848
0.0,0.177934535818016
1.0,0.11655452348093276
1.0,0.21796893998705802
1.0,0.14284958063968334
1.0,0.12313967959199446
1.0,0.15598033692583402
0.0,0.19948576020921283
1.0,0.12158052662901753
1.0,0.6329261696623212
0.0,0.17799872452796928
0.0,0.17499985446052013
0.0,0.124772913762775
1.0,0.2519938991621148
1.0,0.1274902733516481
1.0,0.7944544725045877
1.0,0.15129182260687002
1.0,0.1324877695923723
0.0,0.8219613175335013
1.0,0.17628095625088147
0.0,0.23972678129462943
1.0,0.13156967234938566
1.0,0.1226530421437162
0.0,0.11517754445061146
1.0,0.19378493631280258
1.0,0.13551552587241
1.0,0.25614199887043965
1.0,0.1262294279625219
1.0,0.17024323972176725
1.0,0.16532512345897155
1.0,0.138589139578434
1.0,0.14403257904735234
1.0,0.12968656371115217
1.0,0.11919475203688601
1.0,0.1497282747022064
1.0,0.14078954185076498
1.0,0.1961055399522741
1.0,0.18256395279314497
1.0,0.16734855053376163
1.0,0.1509652734898188
0.0,0.21130422175851038
1.0,0.25664447885300556
1.0,0.14639361168964382
1.0,0.15525529747321543
1.0,0.13136875681972482
1.0,0.3040386378660499
1.0,0.16836820019615983
1.0,0.1298879243846116
1.0,0.11200635666428849
1.0,0.128091405551368
1.0,0.13450461852442208
1.0,0.15479409786453935
1.0,0.12114303610213872
0.0,0.7352166751473914
1.0,0.17734332451854884
0.0,0.15966326762177718
1.0,0.14514683733404843
0.0,0.1686266171697992
1.0,0.16748300631402313
1.0,0.21255836318327592
1.0,0.20336560817857174
0.0,0.14997631804758915
1.0,0.14441406324738437
0.0,0.20102694252843478
1.0,0.15517836636292903
1.0,0.13601392513996224
1.0,0.13032237531493118
1.0,0.17316539779077245
1.0,0.154624563268565
1.0,0.20597020151983336
0.0,0.16387386211335286
0.0,0.8176054141286381
1.0,0.15193621265425672
1.0,0.15238230585738366
1.0,0.17800320833646865
1.0,0.13527008018382525
1.0,0.13926293811695334
1.0,0.18840430780166717
1.0,0.1244869809204977
1.0,0.1420849996429966
1.0,0.16138841246111735
0.0,0.14799994079594725
1.0,0.11927986543060376
1.0,0.15496172026602584
1.0,0.15091559795911613
1.0,0.13287472030348257
1.0,0.1432667298980166
1.0,0.18422259208642844
1.0,0.14215900820224636
0.0,0.209591245744146
0.0,0.2602411961605757
1.0,0.18418890482508654
1.0,0.15115957199098373
1.0,0.1269886518396114
1.0,0.1463850223008848
1.0,0.1527483922567051
1.0,0.12967207057086794
0.0,0.14121506171659814
1.0,0.13593020388356225
1.0,0.15640548872919846
1.0,0.14540848842694742
1.0,0.16590081562222847
1.0,0.14777611235366517
1.0,0.19508436612954239
1.0,0.5738340404010731
1.0,0.17797785386601594
1.0,0.14506930860469758
0.0,0.33658732780966416
1.0,0.12140646853813497
1.0,0.1396529961979447
1.0,0.16836633786129984
1.0,0.13934436838969488
1.0,0.15746277972880807
1.0,0.18613374450581532
1.0,0.1665058295366466
1.0,0.15289788752450273
1.0,0.13022209275891794
1.0,0.13578951862773248
1.0,0.12571584844619954
1.0,0.17053010480326625
1.0,0.15003762213848937
1.0,0.14565815013596362
1.0,0.1388907783765173
1.0,0.12384706858158556
0.0,0.2531520968408516
1.0,0.13590953650144333
1.0,0.16054663542203496
1.0,0.18129880669593001
1.0,0.14926368573381155
1.0,0.13555810647569044
1.0,0.13182855836812346
0.0,0.16748653403025182
1.0,0.13710029291128178
1.0,0.15088404786916698
1.0,0.15498768111227945
0.0,0.13919694601241595
1.0,0.2074047285661199
1.0,0.12520886011443855
0.0,0.12122502305430327
0.0,0.185977515706107
0.0,0.18220545986579895
0.0,0.184282681222392
1.0,0.12521197577320808
1.0,0.12085227001163334
1.0,0.16085217420657105
0.0,0.25064996627646396
1.0,0.15153745344416036
1.0,0.1666803587450304
1.0,0.12668852840782374
1.0,0.15286728403826844
1.0,0.1388515873487699
1.0,0.14857509103110078
1.0,0.22462313258870592
1.0,0.20342901576855454
1.0,0.2839932873469183
1.0,0.1239222510818857
1.0,0.34656709797738405
1.0,0.4246751865828834
1.0,0.21929447946212122
1.0,0.1481574950475073
0.0,0.14991017881532287
0.0,0.20911591002626595
1.0,0.24422261488992536
1.0,0.15577826971904762
0.0,0.16730764532744025
1.0,0.166697341230034
0.0,0.13684075689261144
1.0,0.14435059724250188
0.0,0.24780962739758416
1.0,0.1495770833971667
1.0,0.144982992452224
0.0,0.3309578477299029
1.0,0.13231118184402368
0.0,0.11699359609657511
1.0,0.17281792835014675
1.0,0.12996254448229716
1.0,0.13538506595060884
0.0,0.797617779300664
1.0,0.1398813712766792
1.0,0.13274651405193305
1.0,0.12873151038852937
1.0,0.2814991827626008
1.0,0.20222072486325993
1.0,0.2701986762186086
1.0,0.14419628231475035
1.0,0.13878384545857292
1.0,0.16834050830657887
1.0,0.16822655792648145
1.0,0.1490972369105873
0.0,0.20588483383030587
1.0,0.11531389321520025
0.0,0.24357844836993525
1.0,0.1500801747460342
1.0,0.12422171328832954
1.0,0.14417952786268573
1.0,0.21424303858368998
1.0,0.15609710747250893
1.0,0.14875244048978065
1.0,0.11520243504821914
0.0,0.16851385818180553
1.0,0.13667291260344205
1.0,0.15901829296383962
1.0,0.1904204932767778
1.0,0.200158043399851
1.0,0.130278908613632
1.0,0.1364738077548746
1.0,0.1840069887718816
0.0,0.5244624315366987
1.0,0.17789019865542843
1.0,0.1997155910125562
0.0,0.16719298878584077
0.0,0.6707284977933119
1.0,0.15895350286458876
1.0,0.14497350517763707
1.0,0.5354027031812751
1.0,0.1565329986895716
1.0,0.18981434366436423
1.0,0.1502848703144899
1.0,0.14707497779946943
1.0,0.18324920859059068
0.0,0.9033947947343378
1.0,0.134163315706888
1.0,0.1778416973455207
0.0,0.8930968524437983
1.0,0.1421620062665001
1.0,0.12253063710816936
0.0,0.13910054765708257
1.0,0.1347693127639058
1.0,0.12400106511667752
1.0,0.13292572125956026
1.0,0.20995231015355087
0.0,0.3789109279720241
1.0,0.12860766249559552
1.0,0.20482468404994902
1.0,0.11768813653579113
1.0,0.14739411055557716
1.0,0.1148176475898165
1.0,0.8056190094232999
0.0,0.8119783288637782
1.0,0.14862233666482816
1.0,0.1717187704450992
1.0,0.2232221896046691
1.0,0.14652676914030416
1.0,0.16208575633285027
0.0,0.1261148925518749
1.0,0.13841198423530876
0.0,0.1985299147957077
1.0,0.18845196566560285
1.0,0.178968065959613
1.0,0.19571627216373244
1.0,0.11283921114048312
0.0,0.22026377383569096
1.0,0.1723337802128423
0.0,0.15039227731760907
1.0,0.13918122187512527
1.0,0.14183603816603807
1.0,0.14922449896709777
1.0,0.19358353451789112
1.0,0.17162659724220664
1.0,0.1304467510468974
1.0,0.14674194394985474
1.0,0.16127254358301968
1.0,0.13781129742310627
1.0,0.17560577903434793
1.0,0.1287534302582598
1.0,0.16473891782346894
1.0,0.1599146373062892
1.0,0.13313931033071869
1.0,0.16259822199870722
0.0,0.18329971275067958
1.0,0.18106853607648055
1.0,0.16790191682700872
1.0,0.1467494947912702
1.0,0.1299896978979619
0.0,0.126522927317269
0.0,0.26189917579609345
1.0,0.11834107777713587
0.0,0.6296155149231055
1.0,0.21783625246909255
1.0,0.11178691877748292
1.0,0.1475125160455789
1.0,0.11184992841386432
1.0,0.16701421583403742
1.0,0.21686387421117437
1.0,0.22919379484503466
1.0,0.17406124888514085
1.0,0.14516554250497982
0.0,0.608515087169495
1.0,0.19040363541487093
1.0,0.16962145277488194
1.0,0.16855982655897073
1.0,0.13158669078847662
1.0,0.18055798869133355
1.0,0.12592642946316912
1.0,0.13058567807918997
1.0,0.18795128649389714
1.0,0.19592561669317132
1.0,0.15142839862589053
1.0,0.13490057478535256
1.0,0.20162758987673102
0.0,0.13456965820562183
1.0,0.11925749885354908
1.0,0.19109527134821347
1.0,0.11782882297928832
1.0,0.42072356052704485
1.0,0.14435227137477413
0.0,0.1775864891222535
1.0,0.1798692320426235
0.0,0.1800280031634488
0.0,0.12907073730025287
1.0,0.1497272000939126
0.0,0.6601851266648022
0.0,0.32860068876850834
0.0,0.12239715300995457
1.0,0.13891099274545693
1.0,0.1302751849129612
1.0,0.15913690898740074
1.0,0.15129031245527313
1.0,0.17470059083949763
1.0,0.13931931559773258
1.0,0.18366930700754258
1.0,0.17156195882649017
0.0,0.23763683632591104
1.0,0.1543862179293255
0.0,0.1904853433287781
0.0,0.8722272185202353
1.0,0.1427108361133702
1.0,0.13053595600660628
1.0,0.1381150162541147
1.0,0.38531234454718155
1.0,0.17202932274644467
1.0,0.14080314864932175
1.0,0.13256911422184925
1.0,0.11902074070349966
1.0,0.11768647224945761
1.0,0.1235529259739766
1.0,0.14635601665782427
1.0,0.12444006638836491
1.0,0.2132993661781275
1.0,0.13391822075235182
0.0,0.18165149148587267
0.0,0.14114734038845178
1.0,0.13695916888429138
1.0,0.16098832398140417
1.0,0.18295623236046799
1.0,0.17455650874446216
0.0,0.12610413173716606
1.0,0.259175382707423
0.0,0.2318129325426116
0.0,0.17719324182873142
1.0,0.13940284791550883
1.0,0.13774147683927296
1.0,0.15514312936640517
1.0,0.2094491782301806
1.0,0.28934340337976894
1.0,0.25594872271992675
1.0,0.22451713020758024
1.0,0.1527742225039661
1.0,0.13332546210277096
1.0,0.20329618741689415
1.0,0.12362292436195899
1.0,0.16526437312122289
1.0,0.1437299057894147
0.0,0.23245757603423112
1.0,0.1259906509557297
1.0,0.24762141065959553
1.0,0.20394878706983544
1.0,0.16201163380287076
1.0,0.14214384985346584
1.0,0.20237187567481563
0.0,0.16809056161574232
1.0,0.14888081735761327
1.0,0.12383950440591251
1.0,0.11952524006878207
1.0,0.17280105809305069
1.0,0.17400633295736667
1.0,0.591365378272054
1.0,0.1976770939226573
1.0,0.1891103642424642
1.0,0.13357233161411652
1.0,0.1295704800023858
1.0,0.24988756594305428
0.0,0.6506091864708614
1.0,0.2725246881087866
1.0,0.11898899611568903
1.0,0.1324453486767504
1.0,0.15637259976851903
1.0,0.12057693862680374
1.0,0.21832741749487294
1.0,0.16262606290330384
0.0,0.7411395559569085
1.0,0.19472448964133193
1.0,0.16014958463902174
1.0,0.27640242386680147
0.0,0.14475619154798147
0.0,0.17385049693594856
1.0,0.17176802287046455
1.0,0.24567073290255115
1.0,0.1807176943257257
1.0,0.6522991925291126
1.0,0.14297131718394018
0.0,0.8014411746697983
1.0,0.13443441157232672
1.0,0.14481274083541928
1.0,0.12010569116803638
1.0,0.12961540689714357
1.0,0.1354161307974503
0.0,0.1311890962606408
1.0,0.1837233175097165
1.0,0.12480021554261378
1.0,0.11529562539450999
1.0,0.1622490455888509
1.0,0.14030905494898605
0.0,0.13517598714110757
1.0,0.1593019332069705
1.0,0.1502645072567218
1.0,0.14238119430521556
1.0,0.22653032135361784
1.0,0.1413042851096501
1.0,0.1981765093597737
1.0,0.179163881523419
1.0,0.18124270293223532
1.0,0.1404994892871846
1.0,0.1659439638931448
1.0,0.13430140133425283
1.0,0.18445897484519358
1.0,0.1404927694099617
1.0,0.13523820534410724
1.0,0.24147049151174027
1.0,0.19487045958737448
1.0,0.13145009507112737
1.0,0.13394637988230107
1.0,0.1354000042342005
1.0,0.32024495231292704
0.0,0.13953349821547778
1.0,0.12935606304025005
1.0,0.12990587177044033
1.0,0.1792592367510909
1.0,0.13432180735169763
1.0,0.15696650806168844
1.0,0.16553801182695527
0.0,0.23069362116995218
1.0,0.26430576883160695
1.0,0.15744573912789972
1.0,0.1936027811289549
0.0,0.3003351883189951
1.0,0.17772870556905507
1.0,0.2608108387859239
1.0,0.16663710697699896
1.0,0.1704312427085366
1.0,0.18613374450581532
1.0,0.1345761302773013
0.0,0.7671038354673765
1.0,0.22588542638873377
1.0,0.11352711302571716
1.0,0.4881285745969802
1.0,0.16062240697013652
1.0,0.3175110586053477
1.0,0.26099452099786635
1.0,0.12625124661075515
1.0,0.2784285515827314
1.0,0.1729634326129581
1.0,0.12664437164929954
1.0,0.21733510640254772
0.0,0.13699786462431607
0.0,0.8525023791350654
1.0,0.4548403697763991
0.0,0.13620269230811166
1.0,0.1715282032869747
1.0,0.11447296867339019
1.0,0.14422940969771814
1.0,0.148436023256051
0.0,0.16520699314027476
1.0,0.1969702054368846
1.0,0.13892896176969116
1.0,0.24716797231842125
1.0,0.19999377206993052
0.0,0.13589661499506278
1.0,0.14433382497830982
1.0,0.23379363128066166
1.0,0.12714023231527238
1.0,0.1706673398835964
1.0,0.14451065423372944
0.0,0.16119226684518295
1.0,0.594132918461061
1.0,0.12437489943863644
1.0,0.13090892495840212
1.0,0.20037977680241914
1.0,0.15149730134323935
0.0,0.14137064254461584
1.0,0.1391611015975932
0.0,0.1819353560934922
1.0,0.1847067789324074
1.0,0.19627302885083586
1.0,0.15923261973553704
1.0,0.2313879652888995
1.0,0.13165218446473947
1.0,0.1474497989442809
1.0,0.1863012717554119
1.0,0.13981401596984822
1.0,0.13894625396568994
1.0,0.1793761863372142
0.0,0.1400734973700133
1.0,0.22465366752219296
1.0,0.14741016073934465
1.0,0.14191081074176026
1.0,0.15175718608246014
1.0,0.15215084691699787
1.0,0.14387888102227275
1.0,0.16783934734907457
1.0,0.22899623097599597
1.0,0.19880474641435142
1.0,0.12784696676226903
1.0,0.1389096868761941
0.0,0.1603418612645009
1.0,0.23205194513073824
0.0,0.1403910429117874
1.0,0.17775359108914923
1.0,0.20647028955673818
1.0,0.12142024256742401
1.0,0.20168377697474982
1.0,0.21785766220126057
0.0,0.2329373524233962
1.0,0.1729791651547501
1.0,0.13289311860641762
0.0,0.1836271727114952
1.0,0.318857923083118
1.0,0.16112056753288018
1.0,0.12550443806298195
1.0,0.4186534351394138
1.0,0.12027138375510193
0.0,0.2676398945047752
0.0,0.19581497247485224
0.0,0.17218813719295623
1.0,0.12965465101733575
1.0,0.1651305750221651
1.0,0.1606433555470972
1.0,0.24402381917055938
1.0,0.129203109703526
1.0,0.18973650414289978
1.0,0.12072095592014198
1.0,0.14034159947324898
1.0,0.15456849598526423
1.0,0.25689505256233425
1.0,0.15544832988171398
1.0,0.18986416319149046
1.0,0.1434219183773402
1.0,0.3159801362497503
0.0,0.9509251473982663
1.0,0.15250089289725421
1.0,0.15085630922953142
1.0,0.12311553571705369
1.0,0.16491228098580224
1.0,0.14818585340530388
1.0,0.13793264293145724
1.0,0.13264833043365887
1.0,0.1499511881845601
1.0,0.1440519759974196
1.0,0.13818612435139555
1.0,0.1493220010760845
0.0,0.16402493129565854
1.0,0.13630547034029228
1.0,0.12175755048484205
1.0,0.30789469837892836
0.0,0.7827504957753235
1.0,0.14472408592411623
1.0,0.12651593982538234
1.0,0.13060397200253449
1.0,0.15157819578915543
1.0,0.2596601679444296
1.0,0.15867928119831998
1.0,0.20297909638638467
1.0,0.14874238624397773
1.0,0.17900951336357274
0.0,0.7267893725527066
0.0,0.24681138217467014
1.0,0.21768195613080876
1.0,0.11373043640812341
1.0,0.13681798046071303
1.0,0.12278788032981558
1.0,0.1259497576225379
1.0,0.22994934378062426
0.0,0.1410669136943884
1.0,0.16278316842438778
0.0,0.12797960614020054
1.0,0.14456140420411123
1.0,0.11716040024643459
1.0,0.1351144945155609
1.0,0.13693448275159426
1.0,0.12683430389438388
1.0,0.1400683429311652
1.0,0.12544214154081812
0.0,0.8092441914490837
1.0,0.1384470380555196
1.0,0.13915022775666297
1.0,0.3439812389448941
1.0,0.12478035760399675
1.0,0.1367883975897478
1.0,0.24855863691267832
1.0,0.1791275477533183
1.0,0.14482827036890789
1.0,0.12571060620423535
1.0,0.15748904984583822
1.0,0.18568837277154093
1.0,0.12169351796574301
1.0,0.12649190726544357
1.0,0.1863523740760027
1.0,0.1326926269135943
1.0,0.12424992753248021
1.0,0.1922953750101326
1.0,0.122769827666937
1.0,0.1765559427385911
1.0,0.13778602890098246
0.0,0.16005657541432283
1.0,0.1488433766429592
1.0,0.16145978764364488
1.0,0.1403094163685683
1.0,0.2307424983591816
1.0,0.1890008014227169
1.0,0.11206360557307049
1.0,0.22545603360822386
1.0,0.12780038566165208
1.0,0.13395784824816315
0.0,0.8235855801404879
1.0,0.13398251466514488
1.0,0.20776970554649
1.0,0.12822194714081736
0.0,0.1600497841242382
1.0,0.11407064315503124
1.0,0.11661293129166161
1.0,0.12051342879486415
1.0,0.2101644142967487
1.0,0.13093958978955123
0.0,0.13000355798192653
1.0,0.12840549568711646
0.0,0.12106483464025863
1.0,0.16247152527413733
1.0,0.14016808834239292
0.0,0.22213938453844584
1.0,0.13548451119206795
1.0,0.2380218544483771
0.0,0.15519103491940112
0.0,0.3570405022529697
1.0,0.8089356254893401
1.0,0.13578286638637127
1.0,0.1295919482140837
1.0,0.14723661011735822
1.0,0.13549310980541984
1.0,0.14887676529785165
1.0,0.13471614903416185
1.0,0.13783194449801628
1.0,0.30468059299289985
1.0,0.16575441851722128
1.0,0.20407857192340662
1.0,0.18917366314095807
1.0,0.13264730853470363
1.0,0.44040665614546726
1.0,0.11982507898805395
0.0,0.29448006633670254
1.0,0.1198247040213356
0.0,0.7243518916015346
0.0,0.1683746008250231
1.0,0.21797935624573328
1.0,0.14615506509663923
1.0,0.16859420802972114
0.0,0.15001888494700577
0.0,0.15499932398013205
1.0,0.6576612503492762
1.0,0.1903912080987844
1.0,0.12740896394908707
1.0,0.20160984538008775
0.0,0.7031690421373533
1.0,0.20891142882379432
1.0,0.22958901000691223
1.0,0.13840683161193013
1.0,0.12871498259613057
0.0,0.15035497626226646
1.0,0.24314702598684879
1.0,0.12085924308746254
0.0,0.13587214452042562
1.0,0.1475678582410892
0.0,0.13176968568385072
1.0,0.1364862642978344
1.0,0.11618439943171766
1.0,0.34437196349498245
1.0,0.15532373823637202
0.0,0.179030281328586
1.0,0.12162319200059357
1.0,0.11270401215776082
1.0,0.1548219252490466
0.0,0.753966534547881
1.0,0.2567475237241148
1.0,0.1832805177339758
1.0,0.17704293056099263
1.0,0.14674831758088924
1.0,0.1599051122786559
1.0,0.14091202498971223
1.0,0.16427213444723
1.0,0.14591888122808572
1.0,0.19094757821513053
1.0,0.16259406958985922
0.0,0.7175699937575275
1.0,0.12854210132387522
1.0,0.21551696724375313
1.0,0.13471193359539502
1.0,0.2865141638030386
1.0,0.13201275822209424
1.0,0.1976298235094439
1.0,0.1272475798024787
1.0,0.1632610247531403
1.0,0.11557867963416546
0.0,0.1887902729571963
1.0,0.11076460815245215
0.0,0.7209704725504691
1.0,0.14786571135150228
1.0,0.11091986807184873
1.0,0.12355626761943894
1.0,0.18959103161525315
0.0,0.13863223649701684
0.0,0.13787077682174542
0.0,0.2403679365194875
0.0,0.12414564072255396
0.0,0.15387535461199842
1.0,0.15103969825115193
1.0,0.15057452087391687
1.0,0.18765670923377675
1.0,0.1503249044142252
1.0,0.45980661535508716
1.0,0.6287372326080305
0.0,0.2244851129682699
1.0,0.2401144238642201
1.0,0.2482632040478252
0.0,0.16729038312660793
1.0,0.15449690721313958
1.0,0.18854081209361973
1.0,0.8529419304240491
1.0,0.201675664515498
1.0,0.23991130161056662
1.0,0.17401800071093232
1.0,0.15536479101474487
1.0,0.2205236911275411
0.0,0.6017017367029465
0.0,0.14119138266088027
0.0,0.5847076271462981
1.0,0.15288094919363648
1.0,0.17656063716254056
1.0,0.15420368581307287
1.0,0.20864152812488823
1.0,0.11744864433091518
0.0,0.22677545518317221
0.0,0.11843717238043805
1.0,0.2055371252973014
1.0,0.19816956492015736
1.0,0.1390759014846703
1.0,0.15177239935951836
1.0,0.13593750150997497
1.0,0.2134050812719388
1.0,0.13515879808004927
1.0,0.13585588719003272
1.0,0.14670823677045441
1.0,0.37484433331370215
1.0,0.12281643483824589
1.0,0.13239457102827712
1.0,0.20835512177273663
1.0,0.1814746626767516
1.0,0.12005052612879263
0.0,0.15179323258984012
1.0,0.14959371701433044
1.0,0.1238775729492344
0.0,0.1887054134272178
1.0,0.22773671370031612
1.0,0.17808165999177528
1.0,0.14319648733251722
1.0,0.12698971118427238
0.0,0.13990272168189488
1.0,0.13227580733224364
1.0,0.19648157664508858
1.0,0.22427213224906772
0.0,0.2453202257446131
0.0,0.7755121151974993
1.0,0.15940196744994195
1.0,0.13647724569745612
0.0,0.17805567685568646
0.0,0.6216910311993613
1.0,0.1530077110575544
1.0,0.18811895448296256
0.0,0.19584704087071025
1.0,0.1290432462271004
1.0,0.14533213128176325
0.0,0.165922002385115
1.0,0.12525950860011492
1.0,0.1407658727877572
1.0,0.16591283070493168
1.0,0.14833584835368618
1.0,0.13776113394103706
0.0,0.13393226662035296
1.0,0.13539060126416036
0.0,0.1845484585800573
1.0,0.1505750273774079
1.0,0.13112505691775778
1.0,0.20865374764246525
1.0,0.17697642310857087
0.0,0.7840458567124827
0.0,0.1415517893306545
0.0,0.8933364282204641
1.0,0.23833837720452988
1.0,0.15985160324393066
1.0,0.14810502155288974
1.0,0.12368679118376313
1.0,0.12686369460616176
1.0,0.1222338984385174
1.0,0.1894488624589219
1.0,0.12240004091897183
1.0,0.22221789230850553
1.0,0.1433580276244102
1.0,0.1629638117924599
1.0,0.1553319162258986
1.0,0.14299371647992076
1.0,0.16539413317812512
1.0,0.14433595168234759
0.0,0.17979653278943108
0.0,0.6822870741048526
1.0,0.1429465380699787
1.0,0.139295999336844
1.0,0.14376772311060237
1.0,0.15913686921498704
1.0,0.12897265618804088
1.0,0.2103493095637129
1.0,0.11710649466292311
1.0,0.1606630595898927
1.0,0.20979934569262382
1.0,0.143770069149052
1.0,0.13867150887301194
1.0,0.18018200856139288
0.0,0.6115002918645337
1.0,0.17800320833646865
0.0,0.12300935781505096
1.0,0.1340360782706148
1.0,0.6690723107575165
1.0,0.18346426010015804
1.0,0.15906314564707946
1.0,0.16435255508043767
1.0,0.13918122187512527
1.0,0.13524774675620488
0.0,0.16167517013977872
1.0,0.12513538449893036
1.0,0.13300434321967014
1.0,0.14492961706996954
1.0,0.16102285743076628
1.0,0.12138018908787795
1.0,0.18375863446267293
1.0,0.10140064485721612
1.0,0.11247797050541797
1.0,0.1326159147728051
1.0,0.18298489837350718
1.0,0.20580105961498163
1.0,0.7068801472648832
1.0,0.15047815492018235
1.0,0.14312336606341391
0.0,0.5515782974651813
0.0,0.6770995909979349
1.0,0.23193543385709448
1.0,0.11703692974753843
1.0,0.13554300845996148
1.0,0.18361568087437108
1.0,0.11718318746473677
1.0,0.12130430077548826
1.0,0.15785802447327735
0.0,0.1678569969203514
1.0,0.12009724839975922
1.0,0.19872752770088398
1.0,0.20247854433950874
1.0,0.1192659166941531
1.0,0.17375846432710929
1.0,0.1333557931425553
1.0,0.11322027206232133
1.0,0.15928593131688285
1.0,0.1371457512010238
1.0,0.14308460956483515
1.0,0.15689802198967429
1.0,0.18280757541109804
1.0,0.21911836770829096
1.0,0.13516942252033948
1.0,0.17099476431736216
1.0,0.11333596665750323
1.0,0.1902900894296038
1.0,0.13008609592999032
1.0,0.1495599595027003
1.0,0.15583702446312098
1.0,0.13635342368454284
0.0,0.31476666522784835
0.0,0.14511042195134227
1.0,0.11668288979668062
0.0,0.14655391645947657
1.0,0.19509025731011986
1.0,0.16262624677803483
1.0,0.12973098883625078
1.0,0.11984044732996313
1.0,0.18463529798316825
1.0,0.13243330514297458
1.0,0.1276084006315229
1.0,0.14795431957643645
1.0,0.12612154072654036
1.0,0.15201335364780377
1.0,0.11118107523668741
1.0,0.16091093089928088
1.0,0.6970051041061238
0.0,0.16592738138828989
1.0,0.2213788477682206
1.0,0.13785591243840678
1.0,0.15610034599515643
1.0,0.13679249429643991
1.0,0.6554343242680165
1.0,0.23450294734596866
1.0,0.15696204787245138
0.0,0.713560676493959
0.0,0.22701831113904292
1.0,0.17217084143425287
1.0,0.44066736792469285
1.0,0.1343089271775577
1.0,0.13928098201846673
1.0,0.3234257837139001
1.0,0.1336171750851094
1.0,0.25201876290316094
0.0,0.30057958399576634
1.0,0.1668702308246267
1.0,0.14409056706829992
0.0,0.8996662494515382
1.0,0.16576214999048844
1.0,0.14115783047839137
1.0,0.1294186071523643
1.0,0.1785467859924439
0.0,0.7970546260232009
0.0,0.15524597190095635
1.0,0.12813718091308224
1.0,0.24032795624163383
1.0,0.1379855588375657
0.0,0.15571672034342154
1.0,0.14103409597074867
1.0,0.16291845159388052
1.0,0.1681539035458156
1.0,0.13373168808359515
1.0,0.134364811976311
0.0,0.6706749101319487
1.0,0.11168299210181576
1.0,0.17099251778588231
1.0,0.2661434593407527
1.0,0.210306080953089
0.0,0.2326155310734881
1.0,0.18288156842033598
1.0,0.13628059721683838
1.0,0.1211215808982593
1.0,0.1251364949613838
1.0,0.13363013683093594
1.0,0.1931334253764987
1.0,0.13490839418324296
1.0,0.13566921157097966
1.0,0.2797453610497057
1.0,0.15316590312845235
0.0,0.25093856216958144
1.0,0.1449572420744224
1.0,0.1536973036945627
1.0,0.19058442067536052
1.0,0.13089152696194772
1.0,0.618675424920597
0.0,0.773288767963421
1.0,0.14133921902793267
1.0,0.25598904367712194
1.0,0.14569657516688506
0.0,0.12133651406316537
1.0,0.13525814871914332
1.0,0.31006732232629186
0.0,0.24144347299504998
1.0,0.16638817815037898
1.0,0.1410207120718231
1.0,0.1481945041055579
1.0,0.13156621996550022
1.0,0.1913489451506225
1.0,0.1543971222851176
1.0,0.19288844175837028
0.0,0.29504982575127214
1.0,0.13145009507112737
1.0,0.12610816730239727
1.0,0.13104366264416056
0.0,0.708115215074878
0.0,0.13300596568453293
1.0,0.1460625057555589
1.0,0.15904014064198047
1.0,0.11272149470825454
1.0,0.14539119779726883
0.0,0.6814453643197701
0.0,0.10476869952460288
1.0,0.17449569252046493
1.0,0.13768485946469378
1.0,0.14012886321472107
1.0,0.19610196684156023
1.0,0.11710318203148151
1.0,0.13302324548400946
0.0,0.17559214943573143
1.0,0.2162765514836107
1.0,0.21811599789491987
0.0,0.21230569415046785
1.0,0.13458284866193748
1.0,0.17115676450038453
1.0,0.1449154975079554
1.0,0.144515016986962
1.0,0.13504676905599677
1.0,0.34464312389111884
1.0,0.2567561834332974
1.0,0.1333175224558989
1.0,0.1724434531251613
1.0,0.11851120729062414
1.0,0.13037804663689156
1.0,0.17596241442065674
0.0,0.7878087246679439
1.0,0.15539156451501346
0.0,0.12708561434266785
1.0,0.14055367630362536
1.0,0.2327782150283778
1.0,0.12973672906690203
1.0,0.1428989821576293
1.0,0.1519443457759655
1.0,0.14386610076203932
1.0,0.12316124433850051
1.0,0.2419839715852733
1.0,0.11680902715495367
1.0,0.17845213149002948
1.0,0.12120069523518662
1.0,0.11473460827236504
1.0,0.13153180262454545
1.0,0.13956123797581366
1.0,0.23997461184455682
0.0,0.1824408591353529
1.0,0.1490415234375274
0.0,0.24662700118960035
1.0,0.1148704281277445
1.0,0.24260525025563495
1.0,0.13668715188053293
0.0,0.13979333163097052
0.0,0.1219773524207689
1.0,0.14500222071242042
1.0,0.1608562522318464
1.0,0.1211697958136938
1.0,0.17099253769965195
0.0,0.17855970000278365
1.0,0.12561153006411008
1.0,0.23046238594550517
1.0,0.1413426865365086
1.0,0.21214038757082465
1.0,0.1795780726954408
1.0,0.1382116936287674
1.0,0.2164057175431623
1.0,0.5556782129949365
0.0,0.1314538448226077
1.0,0.15351830556313928
1.0,0.12203026929833627
1.0,0.1544197529962641
0.0,0.7996911562322584
1.0,0.19730696962007355
0.0,0.16199902538630373
1.0,0.16199947275371152
1.0,0.12305494937835582
1.0,0.1325522305756568
1.0,0.11698994190966427
1.0,0.34819674423024327
1.0,0.1561763769639678
1.0,0.16721836920277022
1.0,0.1479338126676436
1.0,0.13307166878867538
1.0,0.18909701285442393
1.0,0.21256407256291865
1.0,0.205204122185904
1.0,0.14475964121196627
1.0,0.1425155672016688
1.0,0.2458244108732488
0.0,0.7548105113015129
1.0,0.1570046239478038
1.0,0.11831365559721052
1.0,0.21081742771466605
1.0,0.14125567259623184
1.0,0.18628288697720408
0.0,0.1473867860459036
1.0,0.1344793329968169
1.0,0.12861103304642296
1.0,0.15226344617206322
1.0,0.14433902366090556
1.0,0.12899643796157545
1.0,0.1318151436513444
1.0,0.24425366623925593
0.0,0.7463164931164155
1.0,0.1438017913113494
0.0,0.153803531753554
0.0,0.11603198609471987
1.0,0.2466017298316341
0.0,0.15562385720803873
1.0,0.14440959648378093
1.0,0.41278513289669216
1.0,0.14127758276240898
1.0,0.1572396294230446
1.0,0.16250970542672272
1.0,0.12015397354170854
1.0,0.13620110011477493
1.0,0.17678300179639173
1.0,0.14774236081119507
0.0,0.2580659880293871
1.0,0.22021193718169463
1.0,0.13352893507464514
0.0,0.17097222371396126
1.0,0.25618528225298765
1.0,0.11660572459552299
1.0,0.15000409726227193
0.0,0.22353676708850667
1.0,0.2278090610126472
1.0,0.10954311388047122
1.0,0.13253388797713073
0.0,0.13739427360438028
0.0,0.14678419281842225
0.0,0.1637255735844364
1.0,0.29084419784783944
1.0,0.13603231059595045
1.0,0.3138352799047929
0.0,0.3256635404546586
1.0,0.14293543137991083
1.0,0.14027214059032134
1.0,0.17940001550810147
1.0,0.13342380269439746
1.0,0.13581460561572622
1.0,0.13752042738409687
1.0,0.1428968482247408
0.0,0.14100144952923355
1.0,0.20733163419603573
1.0,0.14888472154890398
1.0,0.26333763814003897
1.0,0.15566704973718026
0.0,0.8002167316020296
1.0,0.40211537392711716
1.0,0.11677115103073377
1.0,0.19676559535891014
0.0,0.14093574781520624
1.0,0.13410437626462712
0.0,0.6843116334478169
0.0,0.7018253838488729
1.0,0.16799810339590893
0.0,0.7457839811832406
1.0,0.19464911621504788
1.0,0.2378722112005085
1.0,0.19868502499004526
1.0,0.15066396044689556
1.0,0.11995799130730389
0.0,0.2025720863586763
1.0,0.30027370614841054
1.0,0.16018435004961296
1.0,0.14601510794726014
1.0,0.1308826454853843
1.0,0.2239223839560851
1.0,0.23733001885475546
1.0,0.16557755449143263
1.0,0.16809278081554757
1.0,0.15108364315268685
1.0,0.13977028399084912
0.0,0.7700262141159634
1.0,0.1349054077987527
1.0,0.21448573154154948
1.0,0.12470807750892099
1.0,0.2273775664064458
1.0,0.14955109969410552
1.0,0.19094443428771013
1.0,0.15874767618114272
1.0,0.17602062076984692
1.0,0.12163114226929728
1.0,0.20939506170287714
1.0,0.23186065763676944
0.0,0.18592886441614775
1.0,0.16321981851291245
1.0,0.14181617440096295
1.0,0.1295143212622364
1.0,0.2312437771753041
1.0,0.11832032854931818
0.0,0.14296581730878555
1.0,0.1530109444864769
0.0,0.17394074147150962
1.0,0.170818152206055
1.0,0.125421316455679
1.0,0.18382531539033442
1.0,0.14680854868817805
1.0,0.149277703932702
1.0,0.13493781340812916
1.0,0.12123400965287623
1.0,0.12182933560284392
1.0,0.15175424547710636
1.0,0.17961863756829377
1.0,0.25051734069730036
1.0,0.14942939585228954
1.0,0.28709869299771185
0.0,0.301661760804676
1.0,0.14120220251104032
1.0,0.15491999229863773
1.0,0.1441696978134105
1.0,0.31820776867223866
0.0,0.1489756382115247
1.0,0.13460726803156475
1.0,0.1868784904602706
1.0,0.1394997090848814
1.0,0.11706449236382255
1.0,0.13234466363987973
1.0,0.1399423424015649
1.0,0.2034169381295916
1.0,0.11930905569151062
1.0,0.2201468874566772
1.0,0.1612734340205515
1.0,0.21329806794883832
1.0,0.18874716082486176
1.0,0.1305958476668473
1.0,0.15850121721565802
1.0,0.14611521318314247
0.0,0.40601755706143694
0.0,0.6695853331898924
1.0,0.13924161660393408
1.0,0.18125480279899053
1.0,0.12672966266886754
0.0,0.18226846777347605
1.0,0.1546612618410581
1.0,0.2679691095651673
1.0,0.19968334294719003
0.0,0.15795262577976266
1.0,0.24854339307857742
0.0,0.1653019703677142
1.0,0.16402379811470513
1.0,0.6958042694593487
0.0,0.22411775634952924
1.0,0.20022909690955693
0.0,0.1613816852408123
1.0,0.2305226973836152
1.0,0.13026682478070395
1.0,0.13594400449014776
1.0,0.14685598693750612
1.0,0.1488414763316772
1.0,0.1560465938495531
1.0,0.19591363481699253
1.0,0.12420388898558465
1.0,0.1254234298522433
0.0,0.1739085357756769
1.0,0.1572365172087994
1.0,0.11675638187906356
1.0,0.1512862057634865
1.0,0.1341232029630034
1.0,0.1658442887793523
1.0,0.16223726913094427
1.0,0.14060889286129574
0.0,0.3627190323316538
0.0,0.8511688544158607
1.0,0.22828752720365053
1.0,0.15060536698988602
1.0,0.14705882108360513
1.0,0.11691138067274287
0.0,0.16398081294296196
1.0,0.3264431500815479
0.0,0.17682773415778597
1.0,0.170671325877224
1.0,0.25601908645246874
1.0,0.22019678789950403
1.0,0.19942235979266365
1.0,0.16929063672114963
1.0,0.13113114549275984
1.0,0.15968296918195035
1.0,0.15459661594411522
1.0,0.15948444922639737
0.0,0.13397930078994047
1.0,0.12592999970173402
1.0,0.16324003836791068
1.0,0.1414106283869737
1.0,0.135904287483801
0.0,0.26075875900993983
1.0,0.15266620716477775
1.0,0.1671077139427083
0.0,0.1480717903232549
1.0,0.3045313302053111
1.0,0.20854615473713678
1.0,0.11278329769868445
1.0,0.31144638663941304
1.0,0.11494476049982205
1.0,0.14934660548699696
1.0,0.13998903102890647
1.0,0.14447763084474463
1.0,0.15380590404993422
1.0,0.16226278747632827
1.0,0.24722675165361052
1.0,0.17525501890247042
1.0,0.12251682981375278
1.0,0.23671824947314313
0.0,0.22376678430933628
1.0,0.12282856683865828
0.0,0.1661921737226002
1.0,0.17761749697342255
1.0,0.24407458955344763
1.0,0.15399677705778836
0.0,0.1469296763043091
1.0,0.19360730065109666
0.0,0.5186121880836312
1.0,0.23492307912287547
0.0,0.13919303263220428
1.0,0.2062323146003221
1.0,0.14660502571050815
1.0,0.1409496878284041
0.0,0.9357054984392634
1.0,0.11328978065415884
1.0,0.211169547141001
1.0,0.11845597343687064
0.0,0.7333973517588672
1.0,0.1284137967170187
1.0,0.18612523873688036
0.0,0.21537366135455738
1.0,0.11594173937988117
1.0,0.12420634704220712
1.0,0.13790199523607616
1.0,0.220128881566519
1.0,0.15488958388838425
1.0,0.14025884948809575
0.0,0.14495246706992726
1.0,0.19126804706690148
1.0,0.13893116749721646
0.0,0.20542116021206824
1.0,0.13949810841098176
0.0,0.1393458196746643
1.0,0.19821591785719872
0.0,0.19837102781491223
1.0,0.14581186352944486
1.0,0.1344623797367137
1.0,0.18488267096056188
0.0,0.717644198776066
1.0,0.21491196564854997
1.0,0.16506590786279507
1.0,0.14682320881991273
1.0,0.13522578433515553
1.0,0.16101551024461846
0.0,0.7047864861147215
0.0,0.13410657236596768
0.0,0.24710117822643307
0.0,0.1568002235070125
1.0,0.1797768691004058
1.0,0.15708172413056276
1.0,0.1922613750878529
1.0,0.1773019880924469
1.0,0.2362093573343209
0.0,0.6598247274055224
1.0,0.16508005736646603
1.0,0.18992135992898285
0.0,0.12534548927727085
0.0,0.18250575606204877
1.0,0.16485863216959162
0.0,0.13025094002391968
1.0,0.3127128982480085
0.0,0.23153764984212255
1.0,0.17742833424976656
1.0,0.17822025956688758
1.0,0.7596212222726344
1.0,0.1354791337901945
1.0,0.16513717356219926
1.0,0.14966996012631295
1.0,0.11615991470293019
0.0,0.248218941422649
1.0,0.12075874925275742
1.0,0.11707171882226575
1.0,0.13526150056205322
1.0,0.1876279897386296
1.0,0.20201713268924248
1.0,0.13076505227770796
1.0,0.23529055106854402
1.0,0.13732539663201437
1.0,0.16798304915070494
1.0,0.16226150780814352
1.0,0.13343557937661643
0.0,0.714517773065249
0.0,0.11765221468298637
1.0,0.2327224567829691
1.0,0.1553528723263753
1.0,0.16736454818235347
1.0,0.17096028101033256
1.0,0.24610192802356157
1.0,0.21779063350231664
1.0,0.12584593469865735
0.0,0.1690213417686801
1.0,0.19361167587077122
1.0,0.13516710520993735
1.0,0.1350402513763984
0.0,0.15830329288690392
1.0,0.256441782691907
0.0,0.14154490967185862
1.0,0.13637587635519377
0.0,0.19807909998027173
1.0,0.16748788267779047
1.0,0.13448380691882678
1.0,0.24076242483553512
1.0,0.18551983573268038
0.0,0.1912823987894996
1.0,0.13763260875531058
1.0,0.12846063498520854
1.0,0.13926683947660579
1.0,0.2116998507844443
1.0,0.20758714429120095
1.0,0.11709849599399558
1.0,0.12403421298608952
1.0,0.5658848651162686
1.0,0.13178687053652205
1.0,0.17798331931420286
1.0,0.1521996472859536
0.0,0.9003928627113754
1.0,0.128912894381914
1.0,0.13007516003725206
1.0,0.14064444187086933
0.0,0.17162942038895657
1.0,0.3927145021111432
1.0,0.1314805465922242
1.0,0.17792043465819607
0.0,0.1498646505972996
1.0,0.15617227771371445
1.0,0.13924910037762628
1.0,0.1532225864371164
1.0,0.1768715169426236
1.0,0.19309105342023447
1.0,0.7437670087893566
1.0,0.17413964421087813
1.0,0.1579963458745418
1.0,0.1519393755966656
1.0,0.1396786223531845
0.0,0.6351702405982067
1.0,0.15563470348008424
1.0,0.1704191597323369
1.0,0.14760197623746607
0.0,0.9422534623509594
1.0,0.20990540547783787
1.0,0.12586668026476333
1.0,0.2685754873419841
1.0,0.1447128614913724
1.0,0.12650220203877416
1.0,0.120935181322949
1.0,0.18688555272789953
1.0,0.16542658871195337
1.0,0.1273040886843514
1.0,0.13766874897569314
1.0,0.28730509837294016
1.0,0.20407419819213435
0.0,0.11567253152217327
0.0,0.14448329749295097
1.0,0.1461868737894203
0.0,0.14411061567928674
0.0,0.7186856827843575
1.0,0.1256331766432498
1.0,0.149050785046682
1.0,0.13501380497337356
1.0,0.27977699611873885
0.0,0.8338554937658263
1.0,0.2360652601720601
1.0,0.14917096794740492
1.0,0.10753026680590527
1.0,0.145204209966191
0.0,0.33053747931324595
1.0,0.14374430030162633
1.0,0.1399152827052118
0.0,0.7061267056428364
1.0,0.13862531493881036
1.0,0.16145062350698502
1.0,0.1827808708633818
1.0,0.19552218079710892
1.0,0.15805378822160676
1.0,0.13428172905576696
0.0,0.1315771899670365
1.0,0.20093373294200345
0.0,0.5716755358386347
1.0,0.13307917396194902
1.0,0.11730627156068008
1.0,0.1669697646574867
1.0,0.13170422172770957
1.0,0.13430184109512844
1.0,0.13898385218382403
0.0,0.15426175130621533
0.0,0.7379613460594124
1.0,0.2083440169736962
1.0,0.12098785683278657
1.0,0.13074300485638657
1.0,0.13228961771037906
1.0,0.1376767875379893
0.0,0.17771246488277526
0.0,0.2171364169313985
0.0,0.3079079275480219
1.0,0.21063377115349124
1.0,0.1348878702488766
1.0,0.14256935112696345
1.0,0.1273300230862927
1.0,0.1202531579522953
1.0,0.14733376307935786
1.0,0.1260915580394676
1.0,0.1125546454382631
1.0,0.1335447618031954
0.0,0.14652920901964828
1.0,0.22541756949112912
1.0,0.19068254350950442
1.0,0.14529618338164807
0.0,0.6916748843307109
0.0,0.9673739657508621
1.0,0.22240533618707659
1.0,0.14104604697784773
0.0,0.7971593919443514
1.0,0.15068307631458056
0.0,0.20708957037628806
1.0,0.21521484161448567
1.0,0.41217105030246126
0.0,0.2514598049464891
1.0,0.13018305987609746
0.0,0.15310943195253002
0.0,0.25516594804374915
1.0,0.1229179558255441
0.0,0.8150533999214735
1.0,0.1519536951019388
0.0,0.14787915317136568
1.0,0.11701086383606141
1.0,0.14240065888133857
1.0,0.12946684797263364
1.0,0.21180040199313077
1.0,0.5383568004069466
1.0,0.1568213630712939
1.0,0.16554922111943526
1.0,0.11914138095523119
1.0,0.14418807131039413
1.0,0.2400883445722647
1.0,0.1585682350534422
1.0,0.13152637277430623
1.0,0.1330325135523568
1.0,0.2032404142519203
1.0,0.12584343930733477
1.0,0.1950245524035611
1.0,0.14611000922699602
0.0,0.34513765637466765
1.0,0.11573880763965672
1.0,0.14549888298728642
1.0,0.1344284152768963
1.0,0.2793109559381952
0.0,0.6959588590903278
1.0,0.2401579064382956
1.0,0.11618996771829393
1.0,0.17688055356332855
1.0,0.1615547125817024
1.0,0.15184009028030154
0.0,0.13209585752520692
1.0,0.135341897721605
1.0,0.20095338986406475
1.0,0.14515717798123084
1.0,0.25970964384431905
0.0,0.2779325995503962
1.0,0.26968047868451706
1.0,0.29729841794933587
1.0,0.19759266488357885
1.0,0.2144141890379403
1.0,0.20920266899811568
1.0,0.15491735990817357
1.0,0.2320307022808038
0.0,0.15162821272445504
1.0,0.18788771456834175
1.0,0.17610030106779762
1.0,0.15180459838676885
0.0,0.15627738244915312
1.0,0.15603279879602616
1.0,0.14334125333263092
1.0,0.1850959159465837
1.0,0.1627477106005102
1.0,0.15406495629394945
1.0,0.23730907836975879
1.0,0.12092171757175518
0.0,0.16222245462228158
1.0,0.12757854034948812
0.0,0.27055427076112404
1.0,0.17068101696664262
1.0,0.31776100642916016
1.0,0.20156459453850029
1.0,0.1785752003207831
1.0,0.2209459118166558
1.0,0.1624131079934774
1.0,0.19699339164599028
0.0,0.7942289993884968
1.0,0.2144996806592827
1.0,0.13008914105045488
0.0,0.15711297244574174
1.0,0.2110251389043568
0.0,0.2409597692877422
1.0,0.1414025423999694
1.0,0.14612308977070554
1.0,0.17034027011891317
0.0,0.1403927988240926
0.0,0.7860158956175857
1.0,0.16196350391019787
1.0,0.12953015655321132
1.0,0.1275716155874641
1.0,0.1467810155843744
1.0,0.1529598822790933
1.0,0.11929640632827043
0.0,0.2711796172334159
1.0,0.12866231859561417
1.0,0.14446924927586346
1.0,0.7588354170040217
1.0,0.13247476570288463
1.0,0.45590336005213006
0.0,0.1762183936760907
1.0,0.2949553624228678
1.0,0.15905472365700468
1.0,0.12503498387435408
1.0,0.2072792782488826
1.0,0.3258367105066662
1.0,0.14475101004221547
1.0,0.12709116680228205
0.0,0.1892122972289031
1.0,0.19478052891412123
1.0,0.1591665430459297
0.0,0.16757171101523005
1.0,0.14838577552944188
1.0,0.12128747372240267
0.0,0.15636618595068918
1.0,0.1620771178884426
1.0,0.1363709959056164
1.0,0.13182301257427287
0.0,0.224846985612129
1.0,0.12963138400735097
1.0,0.20374566773889335
1.0,0.1356810459065081
1.0,0.20491166924926418
1.0,0.7318725200764348
1.0,0.18576875305864027
0.0,0.7266546105655958
0.0,0.13383893511403921
1.0,0.1705439081696759
0.0,0.21593260619445487
0.0,0.8906858237717941
0.0,0.16229210918711034
0.0,0.17382889547576708
1.0,0.1948043353326353
1.0,0.1716366982963553
1.0,0.3314498721620025
1.0,0.12403772708828387
1.0,0.21711031275404835
1.0,0.12639145492353343
1.0,0.13181150788165874
1.0,0.18688186734055867
1.0,0.12383052707669528
1.0,0.15264402484182882
1.0,0.14669087216004972
1.0,0.1801778359496793
1.0,0.1606672977768181
1.0,0.2401377861576277
1.0,0.1391730421973555
0.0,0.17376567359168904
1.0,0.13784894001278702
1.0,0.14220299762038535
1.0,0.13204261787067129
0.0,0.17546011235258663
1.0,0.199105502597563
1.0,0.6955253192206472
1.0,0.13519076736510416
1.0,0.13588505459366196
1.0,0.16072736911850027
1.0,0.12124576008325727
1.0,0.20499387814870296
1.0,0.20619882235519227
1.0,0.19751697476757168
1.0,0.11830379755450804
0.0,0.18047722851679082
1.0,0.3324395145001946
0.0,0.7537159339090631
1.0,0.13691585619952895
1.0,0.12764813406694286
1.0,0.14415010349186197
1.0,0.1361348944125016
1.0,0.13372878471331062
1.0,0.1532478616108276
1.0,0.13386361417892223
1.0,0.1403429548591395
1.0,0.19049596438612182
1.0,0.1947633763538963
1.0,0.17926514302031682
1.0,0.2560741981098308
1.0,0.17308962567071606
1.0,0.14658057779629763
1.0,0.18402742266402738
1.0,0.20133287777454567
1.0,0.24971359442528918
0.0,0.21696390673977928
1.0,0.13058567807918997
0.0,0.12039347108912457
0.0,0.593112454822069
1.0,0.24487018915868297
1.0,0.14449154494950345
1.0,0.1427900737774831
0.0,0.18141629720850738
1.0,0.13674776564067992
0.0,0.14613459200699785
1.0,0.19164715654517972
1.0,0.12558801780124862
1.0,0.14296927416429994
1.0,0.11286435452874288
1.0,0.16376879445031012
0.0,0.14279156937893767
1.0,0.1734647516001112
1.0,0.18324727900822346
1.0,0.13095845280422147
1.0,0.41768966538281305
1.0,0.2089706291662241
1.0,0.33904274736797724
1.0,0.1406016643318787
0.0,0.23525782044927102
1.0,0.12914552873713048
0.0,0.2547626002223181
1.0,0.15126602605481443
1.0,0.1310902544795396
1.0,0.22539322258151628
1.0,0.15468669380175537
1.0,0.15018041332306598
0.0,0.15638911056642424
1.0,0.21151490927583538
0.0,0.13862284894038557
1.0,0.2034933299490237
1.0,0.15296254613326188
1.0,0.169749932858981
1.0,0.12109093090154144
1.0,0.20417601505407557
1.0,0.1580920672104157
1.0,0.13163993963018816
1.0,0.13452250004704447
0.0,0.13287301131385176
1.0,0.12901807897182216
1.0,0.13944630401580038
1.0,0.19057225618228457
0.0,0.144867116363262
1.0,0.1674095928892202
1.0,0.1443789728628655
1.0,0.15993289137110067
1.0,0.8701436885727488
1.0,0.156283180129826
1.0,0.12244397986819078
1.0,0.16396223523481412
1.0,0.23166305599149073
1.0,0.15047255390510805
1.0,0.23842674092572202
1.0,0.11623750148710421
1.0,0.13872688080459528
1.0,0.17145123017087882
1.0,0.15081174960585852
1.0,0.11291939661831585
0.0,0.7467686846353714
1.0,0.11076092614207156
0.0,0.2733094559082947
1.0,0.166215695263785
1.0,0.26669075110126095
1.0,0.13554248144705128
1.0,0.1274432177856728
0.0,0.2690485987979425
1.0,0.14258431934672644
1.0,0.14054203392179243
1.0,0.11441086593319316
1.0,0.13457449895827978
0.0,0.2858864893710722
0.0,0.2703289533853459
1.0,0.16404888403513218
1.0,0.14284174509937786
1.0,0.16401659109884204
1.0,0.15198770824973884
0.0,0.1667533949441352
1.0,0.13535165137956595
1.0,0.13867207112040536
1.0,0.12103864995904379
1.0,0.23204671735495508
1.0,0.16987432776090206
1.0,0.1546641711454636
0.0,0.23481626097473118
1.0,0.1596994067400116
0.0,0.21680050821676622
1.0,0.13675047694122977
1.0,0.14130543460614942
1.0,0.13883887023869756
1.0,0.1419477959868506
1.0,0.2629242521477302
1.0,0.7701994870549393
1.0,0.1876683506140484
1.0,0.16929416974989697
1.0,0.2733410825974538
1.0,0.11518381275043443
1.0,0.1728595808696226
1.0,0.1561020613207016
1.0,0.22751140702525086
1.0,0.15429006786177057
1.0,0.1253157591902655
0.0,0.14065565037297756
0.0,0.24638680088600773
1.0,0.1401351390613459
1.0,0.20113190827434646
1.0,0.12709675416885002
1.0,0.1518839292077302
1.0,0.13870517007834504
1.0,0.6533872572430977
1.0,0.14277120714645397
1.0,0.13046506684717474
1.0,0.16697914455314655
1.0,0.14160978472922847
1.0,0.24327167611999678
1.0,0.15910823864367474
1.0,0.17130737090615744
1.0,0.21489874366026185
1.0,0.1737625990208519
1.0,0.13176009902699815
1.0,0.1396870289490043
1.0,0.18332091729951605
1.0,0.1781529062565148
1.0,0.16060037674768834
1.0,0.15365689212400868
1.0,0.11103297110614507
1.0,0.13435384185481625
1.0,0.12738409156284702
1.0,0.1822225317862396
1.0,0.13898728441720454
0.0,0.21696856917672458
1.0,0.1352097657111535
0.0,0.261968712481929
1.0,0.1794558459898149
1.0,0.12978415945555044
1.0,0.12786341656067768
1.0,0.15636725190405143
1.0,0.16819791685136165
1.0,0.16855766425990548
0.0,0.7257644645525183
1.0,0.12638438694279908
1.0,0.18752676352438913
1.0,0.13202576639002306
1.0,0.17205150196668073
1.0,0.1544142644360832
0.0,0.174940470571467
1.0,0.15970771130813766
0.0,0.932932457252147
1.0,0.13659352938804303
1.0,0.39580927279039035
0.0,0.1350867925690995
0.0,0.2041964001739084
1.0,0.16433572407080954
1.0,0.11666914677446294
0.0,0.13578968707481476
1.0,0.12187394652016603
1.0,0.13149559231837415
1.0,0.1452733066310069
1.0,0.15459947050371803
1.0,0.12157699521685417
1.0,0.1525261067003819
1.0,0.17197780925019335
1.0,0.15225769903194664
1.0,0.2330032035035019
1.0,0.1213399909436681
0.0,0.1502684990726102
1.0,0.19197529306607264
1.0,0.13641338298597527
0.0,0.650150086920257
1.0,0.16247998793076113
1.0,0.15498635544609696
1.0,0.1709854501573742
0.0,0.8190227631522237
0.0,0.13651181874949347
0.0,0.19856453888132664
1.0,0.1631246404870732
1.0,0.18736124823910605
1.0,0.12668229062435188
1.0,0.17288068600050954
1.0,0.1349829321586653
1.0,0.1501031377330797
1.0,0.16021845166739124
1.0,0.14089511659125642
1.0,0.24287159969425698
1.0,0.12340694524924933
0.0,0.1471948749963775
1.0,0.12221682470976647
1.0,0.19470392870988618
1.0,0.14106795779473968
1.0,0.11740567423774595
1.0,0.15897650704411603
1.0,0.31435984967493347
1.0,0.1660349470881327
1.0,0.15890938046462766
1.0,0.11035262661535039
0.0,0.18370725449842185
1.0,0.12733006748409792
1.0,0.24239478630931932
0.0,0.15896692755538067
1.0,0.14600971067465374
1.0,0.11127822545933164
1.0,0.13394509885753936
1.0,0.17417638981923333
1.0,0.21678333688953655
1.0,0.13775463482330086
1.0,0.13206307935930883
1.0,0.13934741499091163
1.0,0.1457126817002974
1.0,0.13611810693435467
1.0,0.1752036495633572
0.0,0.1464602450839757
1.0,0.17837835964495385
1.0,0.34967116728858394
1.0,0.12259450662124483
1.0,0.11290344096880423
1.0,0.197110851063794
1.0,0.17941463387540368
1.0,0.114520025493978
1.0,0.15372129391721667
1.0,0.13615081808819274
1.0,0.6414384762850601
1.0,0.180377572623722
0.0,0.19521571782535907
1.0,0.12208306014732218
1.0,0.13406072211218878
1.0,0.14003268077964648
1.0,0.12907280386115028
1.0,0.1540903196101665
1.0,0.14673927102366946
1.0,0.13065528671862348
0.0,0.2771763716365443
1.0,0.15226580424770775
1.0,0.18762610568867244
1.0,0.15606185734539524
1.0,0.18074995420315243
1.0,0.14922449896709777
0.0,0.16121081206732812
1.0,0.1910321867591246
1.0,0.13022392915073666
0.0,0.11962471317659429
0.0,0.1718904765512448
1.0,0.23969436485635187
1.0,0.13570764607264907
0.0,0.13544903379495976
0.0,0.501379574475056
1.0,0.11705771811776067
1.0,0.17199985857536504
1.0,0.13299462220202707
0.0,0.7012005710179643
1.0,0.2542800427746129
1.0,0.2180682458692934
0.0,0.7027518986196297
1.0,0.11362277664402287
1.0,0.14082567827640424
1.0,0.19760709899087825
1.0,0.13296771750294678
1.0,0.1755161302402357
0.0,0.15783394112892046
1.0,0.14186633004136828
0.0,0.7380472695708524
1.0,0.12697097348445674
1.0,0.13996313945145444
1.0,0.1831738450497642
1.0,0.236838286457711
1.0,0.24234885959050012
1.0,0.22619496415443252
0.0,0.7112972455508393
1.0,0.210302944464825
1.0,0.20697064353316308
1.0,0.20197251544982908
0.0,0.7513973363562498
1.0,0.1403949959845916
1.0,0.17112318664978676
1.0,0.15489263127582586
1.0,0.17015957362286716
1.0,0.14923932261625217
1.0,0.13066184797259528
0.0,0.18606250144564085
1.0,0.12101052737817986
1.0,0.19826176761896885
0.0,0.12132456197700947
1.0,0.1698891473242048
1.0,0.11851109788336378
0.0,0.25497556961650325
1.0,0.1598309441694865
0.0,0.1639851827996538
1.0,0.16187775895447765
1.0,0.26940029327684956
1.0,0.12156155949079273
1.0,0.15615077082398154
1.0,0.16093773523314825
1.0,0.17725202575447674
1.0,0.2039362822642864
1.0,0.1505283738370753
1.0,0.15959347829946569
1.0,0.12130637737984407
1.0,0.1437783759123159
1.0,0.22231158816209673
1.0,0.12618166263970576
1.0,0.1515784429614876
1.0,0.14074539139758313
1.0,0.1370318036543825
1.0,0.515125132806577
1.0,0.1461292422651782
1.0,0.14670689016701788
1.0,0.12302363694723761
1.0,0.19934810046937712
0.0,0.13657951262780055
1.0,0.1445008708930262
1.0,0.14848927564177983
1.0,0.21048744207932013
1.0,0.13804294624978142
1.0,0.11534478746317156
1.0,0.1391060245867548
1.0,0.12626273108542585
1.0,0.21661572754000502
0.0,0.2631492320962391
1.0,0.14019707172118268
1.0,0.13678290226883627
1.0,0.1863131987423723
0.0,0.1729676054041207
0.0,0.2039554984180364
1.0,0.1836855819329053
1.0,0.15360702289714545
1.0,0.2033496668322955
1.0,0.155119755523362
1.0,0.15129031245527313
1.0,0.1464900608101144
1.0,0.15981407530359382
1.0,0.11108153665463105
1.0,0.10635359681309009
0.0,0.9567311980074604
1.0,0.20026631888830837
1.0,0.11863708507037651
1.0,0.13474211962400973
0.0,0.1325640452080422
0.0,0.6016089575216784
1.0,0.12009002051745554
1.0,0.13567764557279505
1.0,0.19625444875002096
1.0,0.2270573698747551
1.0,0.1712667904725763
0.0,0.26472392965801994
1.0,0.12572273321459027
1.0,0.21383098625843944
1.0,0.1978329603290111
1.0,0.2119197620839669
1.0,0.14313638631457126
1.0,0.21013867549440013
1.0,0.15299111332265647
1.0,0.15628347283329858
1.0,0.1437514193035031
1.0,0.14409113416796937
1.0,0.1301578824563815
1.0,0.13959445099779466
1.0,0.1689766295944508
1.0,0.12319834773324612
1.0,0.21052149963955968
1.0,0.1988613466519521
1.0,0.1340618283236651
1.0,0.14489302800254167
1.0,0.14941962243846552
1.0,0.1812041133531418
1.0,0.12047313021972761
0.0,0.7441384183259565
1.0,0.11855857082407639
0.0,0.38481230993573357
1.0,0.18864447709086063
0.0,0.26433869249547826
0.0,0.7044988203517076
1.0,0.17861426372367284
1.0,0.16286272224660125
1.0,0.13920269557944676
1.0,0.27077433061120815
1.0,0.11547429137101473
1.0,0.1406362118797827
1.0,0.2017126789946726
1.0,0.24704155302115904
1.0,0.13890300760489638
1.0,0.15995136221353867
1.0,0.2988296179905734
0.0,0.19523847224762703
1.0,0.17882337298607098
1.0,0.22359660685957483
1.0,0.23762191345585293
0.0,0.11628871738583313
1.0,0.31881034987535994
1.0,0.11690332435288364
1.0,0.11278004960109522
0.0,0.16136949648396848
1.0,0.17279468630702755
1.0,0.2216578115126212
1.0,0.21528642302330614
1.0,0.17091298647339748
1.0,0.3490359581739152
1.0,0.1423055961438514
1.0,0.1261594368182768
0.0,0.11665008529611587
1.0,0.12267450940948288
1.0,0.15563229643705312
1.0,0.12070301321385235
1.0,0.2023738927421358
1.0,0.48574982993981697
0.0,0.13671612885507523
1.0,0.146526396127185
1.0,0.14403658143693843
1.0,0.12126892430006031
1.0,0.17225590248852485
1.0,0.459270238317507
1.0,0.12898121160325715
1.0,0.5095943189795031
1.0,0.149788272274468
1.0,0.2507153553128961
1.0,0.16557423752619227
1.0,0.1438446601697424
1.0,0.5308511132087443
0.0,0.15578408066924654
1.0,0.4946202679657785
1.0,0.14185457122560097
1.0,0.15292970235781023
1.0,0.157227443033776
0.0,0.1654211950340324
1.0,0.17581023357588466
1.0,0.22108950804274452
1.0,0.2377156789083067
1.0,0.21660110707470737
0.0,0.7613322501754151
1.0,0.20576535336913193
0.0,0.17296589378417815
1.0,0.2305840727156666
1.0,0.13835898653534284
0.0,0.16373430432113978
1.0,0.19111727849986426
1.0,0.12492930147744041
0.0,0.18089207719035216
1.0,0.1389350685048787
1.0,0.1399125709454535
1.0,0.14998630136302948
1.0,0.19313604445968313
0.0,0.5375269199728292
1.0,0.15004518794455468
1.0,0.2057312774981771
1.0,0.2499411416601376
1.0,0.2613375231952242
1.0,0.1257244751541471
1.0,0.14680643868361887
1.0,0.12576697108512935
1.0,0.43841157677397
1.0,0.15462653808774163
1.0,0.21143174441243529
0.0,0.5177320766734017
0.0,0.5437073858451653
0.0,0.15448861389687585
0.0,0.17979653278943108
1.0,0.23484204390079888
1.0,0.13937407026091142
1.0,0.6055295549429109
0.0,0.1379899609026315
0.0,0.1595825078784151
1.0,0.14128715130989788
1.0,0.2157137043081796
1.0,0.13052711924501814
1.0,0.1700270259970995
0.0,0.1458033479964389
0.0,0.6705160952448215
1.0,0.17499858621083486
1.0,0.16121361725832628
1.0,0.18353108901579596
1.0,0.12193141957092635
1.0,0.16937586951960237
1.0,0.15195391237842382
1.0,0.13854014879754684
1.0,0.12011865506280262
1.0,0.20472279419875095
1.0,0.15903158774457105
1.0,0.2109254201309373
1.0,0.12021503675609357
1.0,0.1296471561289868
1.0,0.24669859531659033
1.0,0.126428547013949
1.0,0.11512609857086609
1.0,0.19779146192246688
1.0,0.12970902979954713
0.0,0.7748233647807058
1.0,0.1487811599691634
1.0,0.13936204679573938
1.0,0.15265941042367315
1.0,0.1749888831795191
1.0,0.1380068835721222
1.0,0.18624301514291564
1.0,0.15553103468796659
1.0,0.12054817564807496
1.0,0.17723338933152077
1.0,0.14662443947911086
1.0,0.13387923026688686
1.0,0.15158372544192789
1.0,0.1302233609114377
1.0,0.184879304594609
1.0,0.1453459135135884
1.0,0.17261637910631733
0.0,0.7142410870977287
1.0,0.22150398623485523
1.0,0.15265608262110086
1.0,0.15057520651225564
1.0,0.19901923222880635
1.0,0.19476888589765606
1.0,0.14807349406383685
1.0,0.15528870343896584
1.0,0.14011948357226656
0.0,0.1479309153220345
0.0,0.7658183565189771
0.0,0.14399272683956554
1.0,0.7251287723615263
0.0,0.2561369669945659
1.0,0.11668143568041855
1.0,0.18662716074393515
1.0,0.15999161334290735
1.0,0.16146114486452579
1.0,0.12137953127488077
1.0,0.11925306214083775
0.0,0.1220328590161599
0.0,0.13905686758064595
1.0,0.11073365623441
0.0,0.15143674283210629
1.0,0.12635600315137574
1.0,0.14300173316380105
0.0,0.13888731470408067
1.0,0.11404289526936184
0.0,0.12773147601583323
1.0,0.17478229834355252
1.0,0.1295606196622453
1.0,0.15706512331339262
1.0,0.1913577571170838
1.0,0.2654866547969926
1.0,0.1503256903233191
1.0,0.14580484268373972
1.0,0.3482004117008519
1.0,0.11285631102095572
1.0,0.145652812213665
0.0,0.4562710146654717
1.0,0.1680138752123307
1.0,0.1827548150562931
1.0,0.1703471442677581
0.0,0.24805947272813944
1.0,0.12513272966043187
1.0,0.11632179853033187
0.0,0.23551408464116164
0.0,0.4064217563143542
0.0,0.27166616455272574
1.0,0.14940871041469816
1.0,0.11278028084771197
1.0,0.26711427076261673
1.0,0.15245193072272478
1.0,0.20750833637199684
1.0,0.1843610323119208
1.0,0.148855021431763
1.0,0.13113888997686585
1.0,0.1183079604941929
1.0,0.2866452732825334
1.0,0.17325214363043706
0.0,0.1764023304822694
1.0,0.23085831164914017
1.0,0.7069627763463489
1.0,0.14593219027057025
1.0,0.1130541062791992
1.0,0.13312398928047786
1.0,0.14537858202309806
0.0,0.16802131822022115
1.0,0.13707196795157184
1.0,0.1355151430941498
1.0,0.18562151979262653
1.0,0.2176647482528744
1.0,0.17281606094362223
1.0,0.9974675762972405
0.0,0.21318404958449444
1.0,0.17388115602374288
1.0,0.15479409786453935
0.0,0.26316809461696833
1.0,0.2052789469263887
1.0,0.19369693099409557
1.0,0.15008504968778547
1.0,0.13120710388676926
0.0,0.18834083562964865
1.0,0.12213962905839815
1.0,0.23626436547600294
1.0,0.18228690161890393
1.0,0.1324032147354104
1.0,0.16398977428723982
1.0,0.13847938264789883
1.0,0.14110676956331114
1.0,0.13574590638170092
0.0,0.2100940970143007
1.0,0.13399252673557094
1.0,0.21866428925784465
1.0,0.11723733057529573
1.0,0.12656813211933116
1.0,0.18946817497165214
1.0,0.12592513094839608
1.0,0.13479502123326836
1.0,0.27618994784202233
1.0,0.15031784763193845
1.0,0.16127050257359654
1.0,0.12453456469694524
1.0,0.19618279936605387
1.0,0.13402676480647324
0.0,0.7550301343364145
1.0,0.6977674329560316
1.0,0.651714178521883
1.0,0.35279008028380865
1.0,0.15235616600246338
0.0,0.14369848230250493
1.0,0.1518916162960896
1.0,0.2510671815007427
1.0,0.13098137271147625
1.0,0.12079121474600885
0.0,0.18491128722489059
1.0,0.19752248279731377
0.0,0.14037080946238245
1.0,0.2603930236812808
0.0,0.24856984505501956
0.0,0.1612169438587293
0.0,0.18095034873129168
0.0,0.22673858930870405
1.0,0.19689301532224424
1.0,0.2238801328576564
1.0,0.15787371264054184
0.0,0.12154547837315433
1.0,0.14005328925663096
1.0,0.12196500547059763
1.0,0.1660349470881327
1.0,0.17094836008436698
1.0,0.2329047167115833
0.0,0.20882656258663312
1.0,0.1833807423156506
1.0,0.1685908157862288
1.0,0.24594365803964624
1.0,0.17244385026742393
1.0,0.1554274756658347
1.0,0.11873863333305301
1.0,0.16815641777554557
1.0,0.12582316889658252
0.0,0.19712389815752818
1.0,0.16198089372044167
1.0,0.14096943658452132
0.0,0.1669094950830261
0.0,0.13792966263810824
1.0,0.12939223845449876
1.0,0.17793329755386988
1.0,0.16968103204067397
1.0,0.1607993647217374
1.0,0.2425532333002377
0.0,0.1738007219419041
1.0,0.11763594662406252
1.0,0.19717534341284992
1.0,0.23461078853361694
1.0,0.18801098708516628
1.0,0.17232008734085014
1.0,0.16219429869934687
0.0,0.16808910870729166
1.0,0.2007291803258211
1.0,0.168083143461503
1.0,0.21894158480376436
1.0,0.14947535986768867
0.0,0.18558696675850428
1.0,0.21571120815310751
1.0,0.14001458610394646
1.0,0.13737677256342773
1.0,0.13655562167579494
1.0,0.12627177641146647
0.0,0.2357267125162691
1.0,0.14519865006899535
1.0,0.14343289337125997
1.0,0.17132611239949025
1.0,0.15750132923462468
0.0,0.22941205997760594
1.0,0.15539883588227532
1.0,0.1656281594690051
1.0,0.14335631736038845
1.0,0.23298366100509382
0.0,0.5635463475185694
1.0,0.156759736279113
1.0,0.1501162013529559
1.0,0.131145149172615
0.0,0.5630694662830454
1.0,0.21678539425962084
1.0,0.15756625412527647
0.0,0.14413403277632075
1.0,0.14384095211733827
1.0,0.23563948387503542
1.0,0.19210420200460576
1.0,0.16126156680833592
0.0,0.24001331206758847
1.0,0.13036142060490596
1.0,0.14413679514982802
1.0,0.29944989332226835
1.0,0.11823437349516563
1.0,0.12910634029740287
1.0,0.17378728094281548
1.0,0.18880081502799795
0.0,0.1446224985762865
1.0,0.18406370624563428
1.0,0.12751198764015692
1.0,0.1550057060175657
1.0,0.13542410272562033
0.0,0.6953949028419746
1.0,0.14892576771908406
1.0,0.17566400138687133
1.0,0.1415829082861101
1.0,0.1550341527065805
1.0,0.12611004568944684
1.0,0.2321475749770896
1.0,0.1283736895157488
0.0,0.1846806340721291
1.0,0.14871403086128332
1.0,0.19097279838340508
1.0,0.14746665606312204
1.0,0.1580738015483114
1.0,0.19729960530515345
1.0,0.17030087703792351
1.0,0.12412716096551069
1.0,0.13398424234756512
1.0,0.19071779597441307
0.0,0.7866730291111578
1.0,0.11880120712178444
1.0,0.1222972275269203
1.0,0.131288427214318
1.0,0.21187552107502972
1.0,0.1582033053906653
1.0,0.13745425345667694
1.0,0.31052685421683435
1.0,0.18064288767027648
1.0,0.22317280524148886
0.0,0.12628002890675483
1.0,0.14787877414599315
1.0,0.15425734717327177
1.0,0.13993494142579688
1.0,0.16537588983785168
1.0,0.7402200749346061
0.0,0.9808876290599395
0.0,0.23214246002644168
0.0,0.14525685774446218
1.0,0.15902271333251317
0.0,0.16857420804970347
1.0,0.21112652956156952
1.0,0.13554164593351525
1.0,0.2224430050924565
1.0,0.12711029697008813
1.0,0.13878630196607666
0.0,0.3094309777136809
1.0,0.17065839140692862
1.0,0.3357893402349392
1.0,0.18530296489911213
1.0,0.1921253021950422
1.0,0.1446375529324473
1.0,0.15746934613773889
1.0,0.13852407737665717
1.0,0.14149000593998917
1.0,0.20368282237192192
0.0,0.12402084740576746
1.0,0.22514307570545378
1.0,0.14652295588836128
1.0,0.23991409050632795
1.0,0.14460263420028052
0.0,0.7521775281860507
1.0,0.21436288875676712
1.0,0.13879362380951732
0.0,0.1771238694010755
0.0,0.8750261556734881
1.0,0.17372119654985185
1.0,0.16866361348146353
0.0,0.7223532527567152
0.0,0.8444230771646022
1.0,0.14176073439713988
1.0,0.13611767681468612
0.0,0.13933962134380873
1.0,0.44604473824746294
1.0,0.14278428590787062
1.0,0.13587056420994814
1.0,0.541791461386895
1.0,0.1490002902875397
1.0,0.6610680555224764
0.0,0.8749950468434557
0.0,0.9108114594836965
1.0,0.14446421460090575
1.0,0.14310856154784724
1.0,0.23002803295616825
1.0,0.1259979569168792
1.0,0.16524866840515595
1.0,0.15003261109864352
1.0,0.23969126175568622
0.0,0.15630212639908359
0.0,0.22828448333684925
1.0,0.19733949763998648
0.0,0.22254887952906588
1.0,0.14907836831565424
0.0,0.21990187839305053
1.0,0.2019228780615231
1.0,0.16793783637210757
1.0,0.12086211099385191
1.0,0.1336553546414737
1.0,0.1355934293447698
1.0,0.13759477506467155
1.0,0.11170970810160874
1.0,0.15764492848336453
1.0,0.13773787489906408
1.0,0.16567820697937718
1.0,0.1168318540835056
1.0,0.19136607581371468
1.0,0.1346626703456606
1.0,0.16003552645803465
1.0,0.12868876170049026
1.0,0.11426206770358371
1.0,0.170841576808479
0.0,0.2942066951960719
1.0,0.23912011233020136
1.0,0.1310725663015
1.0,0.6073278137317866
1.0,0.17274433373572862
1.0,0.12812630554185922
1.0,0.11693060883696282
1.0,0.20535788834105895
1.0,0.11724923076599492
1.0,0.14322952936553446
1.0,0.1520201398496991
1.0,0.16317670412101382
0.0,0.29974960781637505
0.0,0.19733068603023596
1.0,0.117396824600983
0.0,0.5296026335157424
0.0,0.14785185794627398
1.0,0.23917061008974494
1.0,0.17362850553655051
1.0,0.17128391606054494
1.0,0.2241815633990677
1.0,0.12982197362335213
1.0,0.41319455463117005
0.0,0.14203978183932897
1.0,0.15514020384343796
1.0,0.12183698110262209
1.0,0.15843794539968237
0.0,0.14145753749782064
0.0,0.21067811676856807
0.0,0.144807667990982
1.0,0.15893674290515913
1.0,0.14735471483251072
1.0,0.13550197217556248
1.0,0.2681373275667521
1.0,0.15002890783971345
0.0,0.13532261376794985
1.0,0.25621542246866824
1.0,0.24827717053115617
1.0,0.24215839388470628
1.0,0.12760901687458748
1.0,0.1504592451637481
1.0,0.14816509612233641
1.0,0.1354704211688038
1.0,0.19878020864211698
0.0,0.1105197904102988
1.0,0.11727160072002873
1.0,0.12008388733570952
0.0,0.21103220742948392
1.0,0.23919026764658624
1.0,0.17137739992935452
0.0,0.3609199483524227
1.0,0.13893470649474704
1.0,0.14558476931111075
0.0,0.23480955762430322
1.0,0.15522568830372707
1.0,0.1607836294540833
0.0,0.12634762101742514
1.0,0.20225263799099635
1.0,0.2521491515677038
1.0,0.1525634850217823
0.0,0.27319297388603414
1.0,0.14797012452890645
1.0,0.12900663344137786
1.0,0.6817475375322397
0.0,0.17512892635162958
1.0,0.34098880446876056
0.0,0.1469590141325996
1.0,0.19273035763296564
1.0,0.15385043202103577
1.0,0.43675841916418234
1.0,0.17761174276532643
1.0,0.14992581049372755
1.0,0.15072393554226682
1.0,0.19490317318671524
1.0,0.13291828103388348
1.0,0.13085170042750127
1.0,0.13622380277834778
1.0,0.1329335399084005
1.0,0.16277361580501548
1.0,0.1126066466769734
1.0,0.1360121076477978
1.0,0.5567210546251022
1.0,0.13435132433196673
1.0,0.17179106225477325
1.0,0.20935720797757518
1.0,0.20708496189530912
1.0,0.12406709332061394
1.0,0.13490452185666202
1.0,0.15998236837108115
0.0,0.21617542384123023
1.0,0.1657800191489328
1.0,0.18503876452520918
0.0,0.15539605973677417
0.0,0.1568305313193077
0.0,0.16665324384694125
1.0,0.1594876121504818
1.0,0.14136465074770344
1.0,0.13878772920000293
0.0,0.790385898037618
1.0,0.17297898428986747
1.0,0.15856439877240092
1.0,0.11772873670367323
1.0,0.1860302729222193
0.0,0.2406644678043952
1.0,0.18358054923704592
1.0,0.1949676023597523
0.0,0.6791359058160678
0.0,0.1531872024863592
0.0,0.6917904250772823
1.0,0.13037395703491617
1.0,0.1253090233953058
0.0,0.8287454753450594
1.0,0.2284354231140775
0.0,0.3850162813778234
0.0,0.7501450068414792
1.0,0.19532753405893377
0.0,0.15529612502309065
1.0,0.14839956749901506
1.0,0.16633680173006693
0.0,0.1387314693749726
0.0,0.17167573308892192
1.0,0.21238715814695952
1.0,0.13718353628547886
1.0,0.13910183374781382
1.0,0.14336930695053451
1.0,0.17717106531729887
1.0,0.16565682861397446
1.0,0.13070776297394415
1.0,0.13367480091131156
1.0,0.16105592377754752
1.0,0.1447937567416473
1.0,0.14225390303361285
1.0,0.1346003998483829
0.0,0.24666590152180023
1.0,0.14369062075495898
1.0,0.1721968689677228
1.0,0.17611130281669607
1.0,0.15208305884184536
0.0,0.32001856730255396
1.0,0.2446092222508761
0.0,0.21786022276525097
0.0,0.7698376457326721
1.0,0.13332051918269494
1.0,0.22511968710861585
0.0,0.17307661859401924
1.0,0.12633836196499115
1.0,0.23308868626916657
1.0,0.17885449631413708
1.0,0.18063890375795166
1.0,0.1932154340298491
1.0,0.15581319489971113
0.0,0.1531685509119094
1.0,0.18918639647768776
1.0,0.1662104921647386
0.0,0.11447381027022452
1.0,0.14024914633764662
0.0,0.16436474430362713
0.0,0.75248719794675
1.0,0.15407810080101003
1.0,0.12687421854581726
1.0,0.12550094196270545
0.0,0.14970964884818172
1.0,0.1327503326781686
1.0,0.12955760591761756
1.0,0.2759382232073102
1.0,0.1310368664602385
1.0,0.1500124283818861
1.0,0.14804325949993757
1.0,0.12890180887569247
0.0,0.7122149314076952
1.0,0.262035535702019
1.0,0.20376646567684809
1.0,0.13615981881743833
1.0,0.16329362535093883
1.0,0.12686164634517239
1.0,0.14064387074852103
1.0,0.11581539777123628
1.0,0.2174949150949541
1.0,0.12676485354780032
1.0,0.20924577241849596
1.0,0.12139133928164092
1.0,0.14984281709846736
1.0,0.12077244819621524
1.0,0.14099411159567987
1.0,0.1292105289867469
1.0,0.17891281263127423
1.0,0.19093832048631876
1.0,0.1602510381707688
1.0,0.14860384702657625
1.0,0.2167390785990454
0.0,0.7756452654254163
1.0,0.6717380759960009
1.0,0.2933737717906566
1.0,0.1599737187169714
1.0,0.1213381385068778
1.0,0.17134701616784498
1.0,0.13060868501925627
1.0,0.21119914414352992
1.0,0.9232850928618288
1.0,0.19971710296175804
1.0,0.16176699995453714
1.0,0.13500064965104752
1.0,0.12405414989335495
1.0,0.1764824662714095
1.0,0.13602214017284953
1.0,0.17668895655390315
1.0,0.17480446499582958
1.0,0.13043612871498755
1.0,0.13514733994030226
0.0,0.18302741699301694
1.0,0.1565892547427169
0.0,0.7239640471617905
1.0,0.1604009072309972
1.0,0.2376062988491191
0.0,0.16017694790393922
1.0,0.17610114847530633
1.0,0.17992777335697363
1.0,0.15953009398469364
0.0,0.8407129597022487
1.0,0.1540067192452671
0.0,0.6882949544023891
1.0,0.12458995398265515
0.0,0.14515107035318175
1.0,0.14399272683956554
1.0,0.18562290946544857
1.0,0.2567056152659928
1.0,0.1565384417511101
1.0,0.1298399742445573
1.0,0.11018489389684394
1.0,0.15673142617971347
1.0,0.11381682699678808
1.0,0.14993552884005656
1.0,0.1251910920510675
1.0,0.18237704060952953
0.0,0.2697251119556341
1.0,0.21746505217422762
1.0,0.13859758026706304
1.0,0.18141040151157906
1.0,0.1805758625029128
1.0,0.14277430071761088
0.0,0.14287275517271425
0.0,0.14937006266582042
1.0,0.11560050908217456
0.0,0.7630038901710379
1.0,0.13381328386133307
1.0,0.14492297915522556
1.0,0.2005372401507416
0.0,0.6887251879754971
1.0,0.16335770994608567
1.0,0.13235007867594284
1.0,0.1748875453957046
1.0,0.18455661520054778
0.0,0.2524085537800269
1.0,0.14497764062451968
1.0,0.13301626143709833
1.0,0.15381373849159619
0.0,0.13906501485044498
0.0,0.37625509347216
0.0,0.21918914151630609
1.0,0.17037426425797897
1.0,0.6886919634750308
1.0,0.2168673677285201
1.0,0.1268721281310775
1.0,0.12533613494077078
1.0,0.23210752311032057
1.0,0.1307799625040278
1.0,0.21127771591046518
1.0,0.14824305587934694
0.0,0.18997047978555315
1.0,0.20672673423649368
1.0,0.16037774425941398
1.0,0.17225719990089472
1.0,0.13337678534627972
1.0,0.11750971654947484
1.0,0.12868894935666597
1.0,0.1680818136881178
1.0,0.1172421607886116
1.0,0.20543527906469483
1.0,0.18208425513159954
1.0,0.2080317459454536
1.0,0.14525930629217043
1.0,0.1491174786262489
1.0,0.12704667246014123
1.0,0.15355370629072507
1.0,0.7818250565477569
1.0,0.14289768266031444
1.0,0.20043901110222562
0.0,0.12871513588494188
0.0,0.15152808157851527
1.0,0.14402301985001187
0.0,0.20235645863319385
1.0,0.12636408654893927
1.0,0.12920585910261706
0.0,0.8092071356315695
1.0,0.16777129200040275
0.0,0.19041372616319197
1.0,0.2641523247905677
1.0,0.12078187429899456
1.0,0.24138610397486926
1.0,0.14430350722825191
1.0,0.12149880992517881
1.0,0.31827808561755766
1.0,0.15698023108595716
1.0,0.13693625448033764
1.0,0.16926410089184485
0.0,0.14005228225921862
0.0,0.26302587217138396
1.0,0.15430746857634126
1.0,0.13088756926664502
1.0,0.17239559538466898
1.0,0.1291220343362096
1.0,0.2675827284177229
1.0,0.21676758514904249
1.0,0.12704679354095116
1.0,0.24108264075440522
1.0,0.13591154298708874
1.0,0.16957662295344467
1.0,0.1545477822841863
0.0,0.285242266732022
1.0,0.18893199659942062
0.0,0.1345873060603242
1.0,0.17178935475008583
0.0,0.14980977139101748
1.0,0.1718037947503569
1.0,0.2521836597772307
1.0,0.13778164801819826
1.0,0.12147669774977843
1.0,0.15066767149648752
1.0,0.22282921898268349
1.0,0.13446734205343014
1.0,0.19846619586945402
0.0,0.13380756711302455
1.0,0.11702566091341005
1.0,0.1738435506455106
1.0,0.13096774283524104
1.0,0.1340949150731684
1.0,0.14230281648744136
1.0,0.13803304383694226
0.0,0.1668826336057614
0.0,0.13813749386677965
1.0,0.13863613528388585
1.0,0.12110177237984387
0.0,0.17156579210159306
1.0,0.3579753226550395
1.0,0.17082296633717742
1.0,0.1350653860790384
0.0,0.21540028224927876
1.0,0.12989824111005532
1.0,0.167348188153436
1.0,0.12938713125281787
1.0,0.14614380705213015
1.0,0.11641216562895962
1.0,0.14870473981551435
1.0,0.18249793992382501
0.0,0.16171103003901266
1.0,0.24947098263820844
1.0,0.23501849036875622
1.0,0.15552784090792815
0.0,0.18604464500624895
1.0,0.11281928712797329
1.0,0.14014728602156012
0.0,0.15860197952129218
1.0,0.20563594540056662
0.0,0.1851585512685876
1.0,0.13143487155519862
1.0,0.1371242014763373
0.0,0.19563185077680045
1.0,0.12299975623164094
1.0,0.13871662120566997
1.0,0.162736912184419
1.0,0.14586224666559522
0.0,0.14728437000107375
1.0,0.1870045566790739
0.0,0.38772021624252484
0.0,0.17290017579357664
0.0,0.7625175998821654
1.0,0.25868905784339924
1.0,0.2165464316083483
1.0,0.4954652369335938
1.0,0.1373495790074869
1.0,0.13885785806004014
1.0,0.1869915652500912
1.0,0.14996495688006628
1.0,0.1262205806443656
1.0,0.16640339332075438
1.0,0.13388654169055103
0.0,0.17240415316095647
1.0,0.2095520765686536
1.0,0.12602977556906014
1.0,0.18862025519975145
1.0,0.13777955525786434
1.0,0.25079212393718786
1.0,0.11257451826352194
1.0,0.15038280118423564
1.0,0.2280805571251624
1.0,0.2784676572354967
0.0,0.7054302491171967
0.0,0.2779094057017235
1.0,0.1258525088476018
1.0,0.13714776502143367
0.0,0.21375085738662092
1.0,0.1435254125654455
1.0,0.15154460754060228
1.0,0.24071160917049605
1.0,0.16854409558541616
0.0,0.6734883801380278
1.0,0.21306741996995848
1.0,0.12809796434981457
1.0,0.14116498495531227
1.0,0.13987981065927524
1.0,0.13923528013965214
1.0,0.13813685685961763
1.0,0.13438723640516104
0.0,0.1724254461462621
1.0,0.1967808735568226
0.0,0.21603510517643976
1.0,0.12956083425089227
1.0,0.13560213867841442
1.0,0.18727348827536183
1.0,0.13688510364337658
0.0,0.590998954510607
1.0,0.3136412188739449
0.0,0.8361842533660354
1.0,0.14533463828363247
1.0,0.15321969935092694
1.0,0.25486462573293756
1.0,0.1320774783898817
1.0,0.14122240455764756
0.0,0.7397755008638555
1.0,0.15306273708741525
1.0,0.15671905028315714
1.0,0.12272656724407893
0.0,0.1254014646442868
1.0,0.11619896739002766
1.0,0.1470343633465493
1.0,0.20137495593964516
1.0,0.17221609485303624
1.0,0.1576560349956333
1.0,0.21689008013403355
1.0,0.12639510838610035
1.0,0.16806665602323034
1.0,0.13255925924435208
1.0,0.20929340164735444
1.0,0.18831021456998653
0.0,0.15319415410090131
1.0,0.15226580424770775
1.0,0.14619523125592693
1.0,0.23195292330110073
1.0,0.1213716185246263
0.0,0.25589578353261444
1.0,0.11901563920203673
1.0,0.13740972916372562
1.0,0.13764623073302995
1.0,0.16178437994472727
1.0,0.12835200265291014
1.0,0.11888251143155759
1.0,0.12928968792924245
1.0,0.15868958189319715
1.0,0.13101970147386277
1.0,0.13558232934070713
1.0,0.13579193615900498
1.0,0.18343287637702532
1.0,0.1702104292242722
1.0,0.2449994673265864
0.0,0.14308974186810708
1.0,0.16751860930222773
1.0,0.13958046509607613
1.0,0.1660420434947507
1.0,0.16470589934921387
1.0,0.14284095680161735
1.0,0.13232762754671423
1.0,0.20870443754701729
1.0,0.13441772071868985
1.0,0.17251987349143283
1.0,0.24859758740268723
1.0,0.1567448803573821
1.0,0.13840894226124068
1.0,0.20306714986143481
1.0,0.2116895390757737
1.0,0.2933691544085607
1.0,0.1513745889851309
1.0,0.1175546077662234
1.0,0.13959220704527575
0.0,0.13593803559276518
1.0,0.20028406018744016
1.0,0.18225380968497273
1.0,0.23539726229807034
0.0,0.14816368972799965
1.0,0.1605557345237083
1.0,0.18696272090045818
1.0,0.1364538649673711
1.0,0.1483533193870873
1.0,0.24873274981283278
1.0,0.14056441139511866
1.0,0.12467976358134025
1.0,0.15499377708554907
1.0,0.18600990600581158
1.0,0.22654318505981252
1.0,0.11419168343263109
0.0,0.16735111814679038
0.0,0.24037163877190337
1.0,0.1182070222223961
1.0,0.1799266000245785
1.0,0.22985200267159944
1.0,0.14960808443675633
1.0,0.2581134708079491
1.0,0.11550062863826294
1.0,0.16558103868932827
1.0,0.17796548101690268
0.0,0.2476061653562338
0.0,0.19776396401312513
1.0,0.157224993001011
1.0,0.16449100615997836
1.0,0.1315847615652207
1.0,0.1179031140967911
0.0,0.2597038209644845
0.0,0.8074729968297021
1.0,0.40583169467544467
1.0,0.12493623785729036
0.0,0.21927570507896166
0.0,0.14058886981109797
1.0,0.15956001224919314
1.0,0.19288683735732748
1.0,0.20099913438209138
0.0,0.7400300628616885
1.0,0.1311689730678569
1.0,0.12731843058918302
1.0,0.21998118078005457
1.0,0.16700739182096203
1.0,0.13703290607982144
1.0,0.12151532621265104
1.0,0.15714829334499192
1.0,0.1944900159554116
1.0,0.1168110315413522
1.0,0.11552995678226785
1.0,0.12705652590246097
0.0,0.1115723581166862
1.0,0.1848623382815976
1.0,0.15543700880457179
0.0,0.8401762472297947
0.0,0.17440948377726284
1.0,0.18364765395414206
1.0,0.1376267830178194
1.0,0.15299958624797905
1.0,0.15156408741450678
1.0,0.21215415285140615
1.0,0.16220534476088777
1.0,0.16348388415767268
1.0,0.1706358341871833
1.0,0.18066084877085276
1.0,0.1874350999744907
1.0,0.17436943443075426
1.0,0.15865060971147094
1.0,0.15273980839988766
1.0,0.30312068221664945
1.0,0.1818033981166861
1.0,0.24801371156015029
1.0,0.1216518283719975
1.0,0.14290343540038852
1.0,0.16514636334842148
1.0,0.16148228139830922
1.0,0.3371078777488916
1.0,0.12417065954403472
1.0,0.19305656366738588
1.0,0.11458662341066295
0.0,0.3018039676098203
0.0,0.10585429501383703
0.0,0.12996207911651592
1.0,0.15927075122248935
1.0,0.1171202823718116
0.0,0.7277192450825353
1.0,0.14423837881618284
1.0,0.23062414963995825
0.0,0.1288668124115282
1.0,0.14884595506918696
1.0,0.16773912701180482
0.0,0.36702384683245126
1.0,0.14019546826217533
0.0,0.14449398485646137
1.0,0.13070639435642672
1.0,0.1304007596139687
0.0,0.8455169119361631
1.0,0.13617895557164383
1.0,0.135674837503989
1.0,0.17025942072043532
0.0,0.14397635659760355
0.0,0.6770864233365218
1.0,0.1907448688823663
1.0,0.14419628231475035
1.0,0.1722819910120703
1.0,0.20346098169907978
1.0,0.21269828796789492
0.0,0.16676821429666733
1.0,0.17711849470910035
1.0,0.15462353082728775
1.0,0.1480247886346746
1.0,0.1371804145326453
1.0,0.15674344303013144
1.0,0.13665998208380714
1.0,0.14729459833582115
1.0,0.13864492257001393
1.0,0.1664175587354041
1.0,0.19790848552834284
1.0,0.17867245825352773
0.0,0.14417048547519795
1.0,0.23926600741950876
1.0,0.13850926910492933
1.0,0.12163495047648576
1.0,0.1342701121326999
1.0,0.13815890237143413
1.0,0.1602179982864289
1.0,0.15321440299566313
1.0,0.15130968165816017
0.0,0.7326770707615039
1.0,0.15305699621384683
1.0,0.17413483908960548
1.0,0.2062822050970361
0.0,0.15167463158793903
1.0,0.1899001788759651
1.0,0.15801480654767341
1.0,0.12121024606658959
1.0,0.17085422014121154
1.0,0.16649734543416772
1.0,0.12209720832286342
1.0,0.1605236576511292
1.0,0.16617303287283636
1.0,0.12520772122339985
1.0,0.20457038868259558
1.0,0.17126008783538982
0.0,0.8159176733263018
0.0,0.13977715909823163
1.0,0.19351072462731078
1.0,0.12310467469889108
1.0,0.18325226513438408
1.0,0.13342770286884187
1.0,0.20570845709613672
1.0,0.21747888802529425
1.0,0.6086998531668938
1.0,0.165950125816968
0.0,0.17402043745182882
1.0,0.1906605223048301
1.0,0.1608731890196733
1.0,0.14451867485482917
1.0,0.142338305625072
1.0,0.11673603413531153
1.0,0.1564235376208718
1.0,0.13230950276652687
1.0,0.12171234810410625
1.0,0.13883170864137595
1.0,0.16467595072836183
1.0,0.13479989275181947
1.0,0.12748554730171657
0.0,0.35776564663500743
1.0,0.21678390011264081
1.0,0.15390578032542435
1.0,0.1215426406773642
1.0,0.14325913618334252
1.0,0.2264995740693856
1.0,0.25489150713260444
1.0,0.1227293344183239
0.0,0.556205964754156
1.0,0.1295194527293564
1.0,0.18727252243576842
1.0,0.12725655265911517
1.0,0.16103037159630285
1.0,0.17046950400568117
1.0,0.1390971308914497
1.0,0.4475746186766475
1.0,0.2022522090793898
1.0,0.16403617508509527
1.0,0.19860159430048918
1.0,0.14037385788312384
1.0,0.1217230883240118
1.0,0.1733053616064404
1.0,0.19783132607709386
1.0,0.13710931873926535
1.0,0.15226580424770775
1.0,0.3280048166207242
0.0,0.7537364885167075
0.0,0.5992239567398594
1.0,0.15591287138798637
1.0,0.13886554542459828
1.0,0.148537445009986
1.0,0.18261360457329634
0.0,0.2487974936262407
0.0,0.22099068890188878
1.0,0.16457202378331826
1.0,0.23801227758822996
1.0,0.21625949396126076
1.0,0.16543698901181758
1.0,0.2216343814288707
1.0,0.19024748235568667
1.0,0.19965893224091757
1.0,0.13947547151609596
1.0,0.17016179071236326
1.0,0.21595584703037873
1.0,0.11312178334236334
1.0,0.11331884478382781
1.0,0.21784080457649957
0.0,0.13688034869679777
0.0,0.15959436236473634
1.0,0.16597731704195828
1.0,0.1403772641267147
1.0,0.17501901213188809
1.0,0.12277006314985695
0.0,0.15440545901584624
1.0,0.15669981313968795
0.0,0.23050943309595628
1.0,0.2715449514004793
1.0,0.19181412939768983
1.0,0.21905960544773007
0.0,0.16679006090924642
0.0,0.16533189396042547
1.0,0.1229083334465414
0.0,0.39743959715103416
0.0,0.19201507234281656
1.0,0.11693302537821981
0.0,0.7194951627099282
1.0,0.265984311277921
1.0,0.18493497590919972
0.0,0.14543317983333592
1.0,0.9821003364252017
1.0,0.13103971073957654
1.0,0.1307787570103044
0.0,0.16285728971001678
1.0,0.14450014543239986
0.0,0.16975179577411026
0.0,0.27423423326291174
1.0,0.24088431529257703
0.0,0.16336275978847759
1.0,0.12062363699202916
1.0,0.16554621208901754
0.0,0.1609521799734963
1.0,0.1586531177165007
1.0,0.13825381701760786
1.0,0.15477467055443894
1.0,0.15938651138261062
1.0,0.15468078969910415
1.0,0.16323236188901336
1.0,0.25647149948887704
1.0,0.1307749826136071
1.0,0.1654425681195204
1.0,0.2512925308808134
1.0,0.23551532940949038
0.0,0.11674725825346843
1.0,0.12077759304424562
0.0,0.15412808544811007
1.0,0.21682155258679003
0.0,0.14842177868148565
1.0,0.11995619280185299
1.0,0.14349653120616757
1.0,0.15118921342413671
0.0,0.6717524862448918
0.0,0.13618569412800396
1.0,0.2534466412713009
0.0,0.1725167988497628
0.0,0.28462705787760467
1.0,0.13237930959838096
1.0,0.21799591440615285
1.0,0.12782824911853408
0.0,0.17389676855828073
1.0,0.1333731821309908
1.0,0.1375290979015833
0.0,0.18175831829995737
1.0,0.16237793505024123
1.0,0.15447536479146462
1.0,0.12889941835901186
1.0,0.14034227083808604
1.0,0.1119292637270003
0.0,0.7090678813059228
1.0,0.25889342416723604
1.0,0.1773067190220935
1.0,0.13547592930686214
1.0,0.18077815826442067
1.0,0.13336275131982567
1.0,0.13382396135252894
1.0,0.13989013190697042
1.0,0.26136137652867997
1.0,0.17618931214392064
1.0,0.12571695505470515
1.0,0.1385049185348517
1.0,0.12969073145166865
1.0,0.11528458699365185
1.0,0.17798105151086807
1.0,0.47496794052311475
1.0,0.17106011569710933
0.0,0.12272784690838834
1.0,0.12672482769090831
1.0,0.19076527905317342
1.0,0.1403772641267147
1.0,0.14409913727602874
1.0,0.13713418650320552
1.0,0.12383714757911035
1.0,0.15799183452888932
1.0,0.12920332734719997
1.0,0.21844524465730952
1.0,0.13163781599619528
1.0,0.19129913790901687
1.0,0.1966739636804884
1.0,0.13228461994264817
1.0,0.14988915939966685
1.0,0.12906491224825078
1.0,0.13853059300153991
1.0,0.6580831872029521
1.0,0.13382890311368456
1.0,0.1739267357680655
1.0,0.2023386014575176
1.0,0.2070292509099142
0.0,0.8134996414713519
1.0,0.13073927638428717
1.0,0.1371794580346949
1.0,0.21133328556306463
0.0,0.1947879561229785
0.0,0.23226425734245104
1.0,0.11400506395665788
1.0,0.18694921024474864
1.0,0.12998654773738094
1.0,0.17715743988408583
1.0,0.12249154523776695
1.0,0.22994824254422075
1.0,0.13600325238307465
1.0,0.12205380465578675
0.0,0.12325837968828168
1.0,0.15355370629072507
1.0,0.13024285951476988
1.0,0.1696208089308583
1.0,0.16473060102386972
1.0,0.14784660924395632
1.0,0.1439409342682807
1.0,0.14279907662694735
1.0,0.1418586501254886
1.0,0.2533788803737643
0.0,0.1401660928021886
1.0,0.21150869623506274
1.0,0.17704153511502385
1.0,0.4599444383276271
1.0,0.13544095684252933
1.0,0.13610581436473146
1.0,0.13808569714100105
0.0,0.12118724201741726
1.0,0.15332162375559122
1.0,0.16443344910192292
1.0,0.3286951724516377
1.0,0.21962336925920556
1.0,0.1867931155417717
1.0,0.13357052519646695
0.0,0.5911004650803593
1.0,0.2766335211295663
0.0,0.11832110639468163
1.0,0.8590362954636883
1.0,0.4287880175236012
0.0,0.13045438311457325
0.0,0.14364216091382254
1.0,0.1497875358258104
1.0,0.122383891045442
1.0,0.15659053125673972
1.0,0.12068324846993139
0.0,0.1763080213389817
1.0,0.13359705883447504
1.0,0.21103182057897185
1.0,0.12151974176824731
1.0,0.13339695277434305
1.0,0.14528785208098838
1.0,0.16103579750281427
0.0,0.21740319841832845
1.0,0.12969259373673325
1.0,0.15473092846184955
1.0,0.16298825659417848
0.0,0.26988957128440827
1.0,0.11709081991831305
1.0,0.12230847700850933
1.0,0.19068109968327962
1.0,0.5926744806326923
1.0,0.23288520334751317
1.0,0.14048864862795973
0.0,0.23598101623983025
1.0,0.12517032825266794
1.0,0.136354711305389
1.0,0.14942623775594888
1.0,0.13632019193627343
1.0,0.16682800720943813
0.0,0.13831307024781836
1.0,0.11669075406909113
1.0,0.14020211518880032
1.0,0.11283352934468605
1.0,0.1612773294040598
1.0,0.114005272312528
1.0,0.16390029957542995
1.0,0.1265866863484476
1.0,0.22246646791848879
1.0,0.14350707258081985
1.0,0.15067834106182376
1.0,0.11196356497792426
1.0,0.21946626137713765
0.0,0.19210500686651533
0.0,0.1521711599099711
1.0,0.23140426865831087
0.0,0.6938558122579404
1.0,0.15230216710780853
1.0,0.21071465797380695
1.0,0.1894018166538889
1.0,0.13243685339438838
0.0,0.1699689765642931
1.0,0.14124873141165428
1.0,0.13811292141005505
0.0,0.15529889687799925
0.0,0.12527281509171073
1.0,0.19825578723428394
1.0,0.12689761833573343
1.0,0.11893718826707278
1.0,0.15030335660363414
1.0,0.16663151507147966
1.0,0.1318272161282561
1.0,0.18519166064128068
1.0,0.2694336576010016
1.0,0.14370807224678395
1.0,0.12199701617561176
1.0,0.11985852648190332
1.0,0.15335075757733474
1.0,0.12908895766706674
1.0,0.15032133641128198
1.0,0.17386462968544925
1.0,0.10636148906500809
1.0,0.1378752343719175
1.0,0.136247933440777
1.0,0.12110880610969088
0.0,0.12683482319345296
0.0,0.14556718052670803
1.0,0.12439961835315527
1.0,0.15634640239907027
1.0,0.1445626316217864
1.0,0.16080224958714506
0.0,0.798480468696136
1.0,0.2276243073297597
1.0,0.24454393335617164
1.0,0.34468746686261253
0.0,0.12617541788624764
1.0,0.2035344082580891
1.0,0.13473859680447897
0.0,0.13021654037061747
1.0,0.2216398129774625
1.0,0.12167000802744177
1.0,0.13845084061105561
1.0,0.1429831100873883
1.0,0.15561703273865235
1.0,0.30994320692799304
1.0,0.1909727231910513
1.0,0.14357034675151603
1.0,0.15376516780978244
1.0,0.17936403473459395
1.0,0.16257858835065375
1.0,0.1309724700648287
1.0,0.13975299676095354
1.0,0.22223714287126894
0.0,0.2912312355405128
1.0,0.14639838654084647
1.0,0.1613705425849319
0.0,0.6493080987399897
1.0,0.17273024382385127
0.0,0.15929481309110038
1.0,0.16764224960460494
1.0,0.12661549955049722
1.0,0.13624162603653467
1.0,0.18283002148489091
1.0,0.2552029478053789
1.0,0.13433683232605365
1.0,0.15905472365700468
0.0,0.6859442652026146
0.0,0.18116184971339033
0.0,0.8274472010752694
1.0,0.13573103900184946
1.0,0.170840940954343
1.0,0.1722472142241519
1.0,0.2167221728333647
1.0,0.1701806583302502
0.0,0.9262879443022409
0.0,0.1813711611780241
0.0,0.1904178188500556
1.0,0.13532441654354266
0.0,0.2042219678995565
0.0,0.7754618221643563
1.0,0.1832999263076549
1.0,0.191535969674142
1.0,0.1837534146655656
1.0,0.11226082808659532
0.0,0.1689004695425642
1.0,0.18502303640107587
1.0,0.12486483074680965
1.0,0.15410816629473956
0.0,0.36539111446909944
1.0,0.18133605945239584
1.0,0.18287954466106293
1.0,0.11298325715306268
0.0,0.1365153972340324
1.0,0.1559837677071918
1.0,0.5695407758042398
1.0,0.1483003786554704
1.0,0.12371584634212673
0.0,0.8484896133415187
1.0,0.18747809882685362
1.0,0.12718012281728996
1.0,0.2032602884866066
0.0,0.20372179419591174
1.0,0.165704270765206
1.0,0.12149938299408292
0.0,0.4016426616898421
1.0,0.15117401608133585
0.0,0.3057737452902486
1.0,0.49989153486211824
0.0,0.23065779252134444
0.0,0.19011985691309696
0.0,0.1726993284967442
0.0,0.14066779963860154
0.0,0.3042418997575179
1.0,0.13860607925000823
0.0,0.31200499411128324
1.0,0.169124982329527
1.0,0.6150321870427882
1.0,0.14312864934629133
0.0,0.2797600451919945
1.0,0.1150576956277356
0.0,0.17693323479104117
1.0,0.12159373908851145
1.0,0.25120944720108407
1.0,0.18626656844843126
1.0,0.12085924308746254
0.0,0.14617519410087887
1.0,0.18323149507149028
1.0,0.12647420880754334
1.0,0.13043633304550772
1.0,0.14037385788312384
1.0,0.16395988408183337
0.0,0.6780592488451663
1.0,0.13935822396396436
1.0,0.22478245273287323
1.0,0.1596288929964249
1.0,0.13117192394617838
1.0,0.14232571852775722
0.0,0.6689274856927423
1.0,0.14332137917354282
1.0,0.5839535128772502
1.0,0.16629161332678533
1.0,0.13474608596637505
1.0,0.1211697958136938
1.0,0.17887103463901222
0.0,0.2093939576764242
0.0,0.13878450029064737
0.0,0.1295533296432999
0.0,0.2669971339096363
1.0,0.1252894803798298
1.0,0.1773049760469717
1.0,0.21525190742569722
1.0,0.15627345545411142
1.0,0.1655037986439103
1.0,0.11698432108507406
0.0,0.2774629722483746
1.0,0.28833294560458445
1.0,0.17984210520399369
1.0,0.632507145545061
1.0,0.16059771993573424
1.0,0.18892935325319016
0.0,0.13872851602192005
1.0,0.1546290536715842
0.0,0.2208800572309777
1.0,0.13401913024896095
1.0,0.1473644999734296
1.0,0.13921448783234036
1.0,0.18855394307132323
1.0,0.18996885630812443
0.0,0.7239079618479158
1.0,0.1287085915607057
1.0,0.12782975940530772
1.0,0.1739413957935222
1.0,0.11261006393852202
1.0,0.17776371484044184
1.0,0.12924090665529298
0.0,0.12150941628408995
1.0,0.19066543725655427
1.0,0.13638545769403176
1.0,0.16244267675590252
1.0,0.15467232755420668
1.0,0.15747183351172267
1.0,0.17358490794254144
1.0,0.1399401788700354
0.0,0.21614202051084874
0.0,0.17418782344605355
0.0,0.17603248944464123
1.0,0.17527153953019003
1.0,0.23062069990497924
1.0,0.11469481637382362
1.0,0.15626701301772494
1.0,0.15485602897307904
0.0,0.7789441232681508
1.0,0.21448372579279507
0.0,0.16655259323517935
1.0,0.617735983171984
1.0,0.13677846033431695
1.0,0.1384154323773339
0.0,0.21757751291690586
0.0,0.6529016388536383
1.0,0.14238344395988267
0.0,0.15651260591846727
1.0,0.1501376577948823
1.0,0.26083614556728574
1.0,0.22543716642129608
1.0,0.1300633815131208
1.0,0.4212219161474092
0.0,0.1444907496711485
1.0,0.1729905546412146
0.0,0.16575936962376325
1.0,0.13665039662267398
0.0,0.3602650173069918
1.0,0.21017249058161247
0.0,0.4718428654868314
1.0,0.11761470597636181
1.0,0.10648820644729096
1.0,0.14590691957041602
1.0,0.1896798376573129
0.0,0.13411475807763573
1.0,0.31463699605347406
1.0,0.2091631390324662
1.0,0.18440046454131243
0.0,0.8287093803537543
1.0,0.16097475202574985
1.0,0.12210351384979679
1.0,0.1545185256141779
1.0,0.13113847436158754
0.0,0.44712337879910435
1.0,0.14397452644202036
1.0,0.7386845995279399
1.0,0.11658097345500662
1.0,0.1499586932193494
1.0,0.1510607899175831
1.0,0.15580539854298714
1.0,0.11435992897722391
1.0,0.7040845868532837
1.0,0.1926647583337444
1.0,0.1578221246514443
1.0,0.1659699470110071
1.0,0.15003463422138918
1.0,0.1866378501381134
1.0,0.17543089357012476
1.0,0.1293073305337169
0.0,0.1355383247416958
0.0,0.6503121039744484
1.0,0.22319734822638415
1.0,0.1404252520947542
0.0,0.1418394440696612
1.0,0.1726769502883978
1.0,0.20247125516529563
1.0,0.2138016023136471
0.0,0.12886084296450495
0.0,0.25246489938633065
1.0,0.17366803264590136
0.0,0.1810768157492022
1.0,0.19378888534938443
1.0,0.1411827679626212
1.0,0.6783536630488354
0.0,0.11855243781724278
1.0,0.18556791480843848
1.0,0.16053536390075895
1.0,0.22528804092794574
1.0,0.11361537594710713
0.0,0.8130275208333566
1.0,0.13121998248826672
1.0,0.1217016920549665
1.0,0.14543048212291776
1.0,0.136436204669382
1.0,0.946329458535496
1.0,0.14614504418931318
1.0,0.13972632006366315
0.0,0.1395410896256165
1.0,0.19501188576886397
0.0,0.29058596144259186
1.0,0.14446734935259653
1.0,0.13370821405930322
1.0,0.19675937305916436
1.0,0.11836249866103332
1.0,0.124678744895932
0.0,0.14263300931796363
0.0,0.622113697233837
1.0,0.12220345658215459
1.0,0.12379584332469773
1.0,0.13811916169411376
1.0,0.13867734698232193
1.0,0.14694741121697574
1.0,0.16746256169539175
1.0,0.19558127095286115
1.0,0.15086799097061343
1.0,0.13865764721610552
1.0,0.13854525854958277
1.0,0.2401579064382956
1.0,0.1632984656246097
1.0,0.14927825402272232
1.0,0.12635111880268457
1.0,0.12969951354680698
1.0,0.1245295052878781
1.0,0.2689145450392254
0.0,0.14313596101885961
1.0,0.5054029762962439
1.0,0.15432688527283478
1.0,0.1740091168747424
1.0,0.14587137988504528
1.0,0.1610446393950734
1.0,0.17201532294882005
1.0,0.14619373325157214
0.0,0.6321652064950651
1.0,0.2718168284116437
1.0,0.10573374663150159
1.0,0.11777613380935825
0.0,0.5792363606592783
0.0,0.30650818890776
1.0,0.1127837620261779
1.0,0.11420681919802878
0.0,0.7849583391514974
1.0,0.13809635186475044
1.0,0.18990443204949936
1.0,0.123583584524529
1.0,0.15676742254041642
1.0,0.12022214501195949
1.0,0.2032440172621659
1.0,0.15768249974455284
1.0,0.1558401261017277
1.0,0.1738537929585996
1.0,0.1758048435462759
1.0,0.16189077400987661
0.0,0.12383556265374429
1.0,0.17707289953191796
1.0,0.2207220942367074
1.0,0.17274166420966375
1.0,0.2285142529048857
0.0,0.13986746688703133
1.0,0.1736446785550687
1.0,0.12191559286683284
1.0,0.15090665987536722
1.0,0.29468665804628613
1.0,0.1422337250992033
0.0,0.18745638600628411
0.0,0.18301512722021795
1.0,0.15888930647268074
1.0,0.20613152996022577
1.0,0.16012351126941538
1.0,0.14428523559875694
1.0,0.1783213073313593
0.0,0.240830871453813
1.0,0.13423279759733342
0.0,0.17788069486443558
1.0,0.14007494946490562
1.0,0.13933390789595523
1.0,0.18656669812690407
1.0,0.1742263476023248
0.0,0.6427802032266842
1.0,0.25930309218205994
1.0,0.2539730495153897
1.0,0.13971095551081736
1.0,0.11992410387688557
1.0,0.14604233384904353
1.0,0.1672671889315378
1.0,0.6622570101443181
1.0,0.17238315096224244
1.0,0.14703934046986655
0.0,0.745335229688483
1.0,0.13197156158049128
1.0,0.18371041281069367
0.0,0.1388217486679134
1.0,0.13024173773372605
1.0,0.2007821975419959
1.0,0.23701408876352148
0.0,0.18779870843982405
0.0,0.221070362513214
1.0,0.1212067975589397
1.0,0.18835623028612825
0.0,0.1393741917503909
1.0,0.12389521581615504
1.0,0.16943888989325406
1.0,0.17873014590758274
1.0,0.12060058706793153
0.0,0.17014504151110554
1.0,0.14121339396820842
1.0,0.1212112696773936
0.0,0.7062653177912586
0.0,0.17445416149882198
0.0,0.13505437142570864
1.0,0.1333241782719321
0.0,0.16509688008911905
1.0,0.14640912368706893
1.0,0.17680836436065783
1.0,0.16801443981681252
0.0,0.24950359438885883
0.0,0.23314545804646314
1.0,0.20133319377411873
1.0,0.12603067504505439
1.0,0.18580676948102293
0.0,0.25244414233894585
1.0,0.13941288102165328
1.0,0.11710649466292311
0.0,0.8140599798166025
1.0,0.1591286661957424
1.0,0.15936974532072923
1.0,0.20055522836960338
1.0,0.2914992675015404
1.0,0.17277090427803443
1.0,0.13654017793973805
1.0,0.19587294978568004
1.0,0.13379221582970469
0.0,0.8000155984386882
1.0,0.1588744583364199
1.0,0.1501824775631052
1.0,0.12266150105999307
1.0,0.16239550473567532
0.0,0.7581974737815942
1.0,0.11255991915367214
1.0,0.14706882801645027
1.0,0.17214390772333854
1.0,0.19199360115004005
0.0,0.23825886830885368
1.0,0.15137129694465
1.0,0.15764706051061617
0.0,0.16550202696021676
1.0,0.13528744717626195
1.0,0.155819599941862
1.0,0.20860468032381962
0.0,0.27629319143116204
1.0,0.17782509207643815
1.0,0.19575278989635803
0.0,0.20786534676488633
0.0,0.15377040003976827
0.0,0.6883830625705452
1.0,0.1904874427860619
1.0,0.2280965127873389
1.0,0.13034306493382553
1.0,0.20768926472967086
1.0,0.1813075253878771
1.0,0.2238522511550437
1.0,0.12710249422467912
1.0,0.11741718479192653
1.0,0.13458571772616834
1.0,0.19648454838212204
1.0,0.1562146845587491
1.0,0.23697412380167926
0.0,0.17797821797880375
1.0,0.1451347566327883
0.0,0.6677179043893373
1.0,0.22773872764488134
1.0,0.16770432347597164
1.0,0.15488113740566634
0.0,0.2526569531595424
1.0,0.128996938586458
1.0,0.13555166390627105
1.0,0.20840304179719937
1.0,0.1555542888212733
1.0,0.17234969174222603
0.0,0.2162479347525592
0.0,0.5813347450708986
1.0,0.1660221087104895
0.0,0.3602202662355779
0.0,0.2123201231126317
1.0,0.12531528800520553
1.0,0.11719511707278152
1.0,0.1983790661627256
1.0,0.11854180499479106
0.0,0.18971894717164794
1.0,0.1687516960588329
1.0,0.2077108627328581
1.0,0.1733053616064404
0.0,0.1997310875804017
1.0,0.12078006445805023
1.0,0.13731838047308909
1.0,0.14395081480557415
1.0,0.13232799903104808
1.0,0.12269913299570268
1.0,0.12528220681802482
1.0,0.13030370107780986
1.0,0.12991061085135724
1.0,0.23156865652246617
1.0,0.12599592579610353
1.0,0.19800577331988534
1.0,0.16951803597893844
1.0,0.15957586465581497
1.0,0.13002270127088977
1.0,0.26469016783020316
1.0,0.1373891815197945
1.0,0.14112050971053702
1.0,0.14965854663441247
1.0,0.1813282096489972
1.0,0.23754689096878445
1.0,0.1669380470447983
0.0,0.6197767077426033
1.0,0.18110182631918437
1.0,0.15410798997165587
0.0,0.6609513221189247
0.0,0.14388156260006602
1.0,0.19021160711376262
0.0,0.2029786881415092
1.0,0.1533150154745514
0.0,0.18553544899405305
1.0,0.19021497328076775
1.0,0.13757595548408175
0.0,0.6690873607762944
0.0,0.693581171696132
1.0,0.13730809341160766
1.0,0.12930914524896808
1.0,0.18570574476137724
1.0,0.17639061335024275
1.0,0.20154527368128494
1.0,0.12926882076626578
1.0,0.134826503897443
0.0,0.6863367311307921
1.0,0.16216822587019686
0.0,0.7375976616849436
1.0,0.22982661739145616
1.0,0.17859949873927183
1.0,0.13013340742042778
1.0,0.11941703073461174
1.0,0.12846174693768408
1.0,0.12919098139776686
1.0,0.1353809402650773
1.0,0.1446011497508829
1.0,0.15787521583705844
0.0,0.12597778909834312
1.0,0.13014073637496748
1.0,0.1435000870596107
1.0,0.12141066250583088
1.0,0.17054811089568034
1.0,0.16450757164730834
1.0,0.13017377896141857
1.0,0.14968612765513134
1.0,0.1323083821144152
1.0,0.1625708663034191
1.0,0.1358267103392058
0.0,0.1775563458815108
1.0,0.11217324448722255
1.0,0.17083875539112592
1.0,0.45813951530819386
1.0,0.16308170870210859
1.0,0.14908699542620218
1.0,0.1365290780176629
1.0,0.15392425543271615
1.0,0.14554884115147637
1.0,0.2035726940884811
0.0,0.1660787672329419
1.0,0.14913608350757834
1.0,0.1503385900749118
1.0,0.18262443912768012
1.0,0.15458797141951053
0.0,0.7647235859177439
1.0,0.22561171828933957
1.0,0.18364700732809047
1.0,0.15936194299800854
1.0,0.12270224249243988
0.0,0.22837581533573992
1.0,0.12451676165375303
1.0,0.11764589415441884
1.0,0.3902610820054794
1.0,0.15048111294463162
1.0,0.13906493491575067
0.0,0.12110177237984387
1.0,0.12190395408441124
1.0,0.16110170103795396
1.0,0.1369573468412496
1.0,0.1129088603536379
1.0,0.13307529096845006
0.0,0.20511036401362448
1.0,0.1619580216344667
0.0,0.34751280733763346
1.0,0.12517503225814997
1.0,0.13342544036493698
1.0,0.16304059741463361
0.0,0.1775999289674005
0.0,0.7193435641385744
1.0,0.13245237345368843
1.0,0.18588360674565352
1.0,0.13886613643385748
0.0,0.20869245178198936
0.0,0.20416643198444195
1.0,0.12335545377325263
1.0,0.16060199460507396
1.0,0.1508755320767975
1.0,0.15358295338523642
1.0,0.22730984912113383
1.0,0.20852172400037028
1.0,0.19305979792054628
1.0,0.1450080846943126
1.0,0.13550577626020444
1.0,0.18375279962948954
1.0,0.13840202556957937
1.0,0.182748535896888
1.0,0.14860001242934506
1.0,0.1346916665568979
1.0,0.15204344697176497
1.0,0.2195437234730344
1.0,0.17089125672543948
1.0,0.6943780678226048
1.0,0.20802048367719939
1.0,0.15919637922958751
1.0,0.15369730935132098
1.0,0.14646272356251144
0.0,0.21087999228937604
1.0,0.17476545852192615
1.0,0.12799972351653266
0.0,0.6608136122385729
1.0,0.1651305750221651
1.0,0.14905803454109434
1.0,0.14095883466669978
1.0,0.13947050727215327
0.0,0.8010992544481357
1.0,0.13451635221367575
1.0,0.1579744841415388
1.0,0.12486319177441718
1.0,0.14025837887030213
1.0,0.16593831445602847
1.0,0.1544412475164274
1.0,0.15215471939606995
0.0,0.3619641418135394
0.0,0.6663492703332266
0.0,0.7418590892638137
0.0,0.14910438278539273
0.0,0.181692728117558
1.0,0.16539111695435527
1.0,0.16072320116355154
1.0,0.16071429080604704
1.0,0.15479016341193075
1.0,0.13051054767325532
1.0,0.14810144537463177
1.0,0.3707756219152517
1.0,0.15204724795306945
1.0,0.15968040049395893
1.0,0.1609171172599675
1.0,0.18299424274211484
1.0,0.16219956915515976
1.0,0.13054326365852076
1.0,0.31270331988791167
0.0,0.12151425107812786
1.0,0.18971375285141956
1.0,0.11245732324397362
1.0,0.14785881492254038
1.0,0.16229289203726993
1.0,0.12569324577892338
1.0,0.14668966489271118
1.0,0.12965465101733575
1.0,0.14414141607577724
1.0,0.21891832075858408
1.0,0.14928267540594076
1.0,0.16385101353483167
1.0,0.22967115678752315
1.0,0.20062519239755205
1.0,0.6347367265603118
0.0,0.7765150365762885
1.0,0.13092383912008398
1.0,0.1241361795003979
1.0,0.13396080408800637
1.0,0.14486699482491894
1.0,0.17216936312709663
1.0,0.1350370586498365
1.0,0.15008048702823784
1.0,0.4030899113605896
0.0,0.15072689511217474
1.0,0.2013664958656285
0.0,0.2421140416161942
1.0,0.12405657692507555
0.0,0.22740387889577696
1.0,0.14307830029856006
1.0,0.15172517812432262
1.0,0.24233885014801693
0.0,0.6668445816331616
0.0,0.13972942922414366
0.0,0.8049136646003271
1.0,0.24648266788035522
1.0,0.14016764667732962
1.0,0.6871395233068883
0.0,0.6333723654483585
1.0,0.15391139588539426
1.0,0.13830020639816265
1.0,0.20661447644202857
1.0,0.13708235869712115
0.0,0.166956778373321
0.0,0.21722515274636545
1.0,0.1363166442041548
1.0,0.15720836333802402
1.0,0.15157036195684448
1.0,0.15672525790488445
1.0,0.12140345586291557
1.0,0.14154042585621918
1.0,0.20302082927149445
1.0,0.13029587929630337
0.0,0.7528860791461592
1.0,0.17653223615784208
0.0,0.2220506460114562
0.0,0.15215084691699787
1.0,0.12744465071148015
0.0,0.8609146938554396
0.0,0.7518366175395619
1.0,0.15363588893919577
1.0,0.15451332745330848
1.0,0.1244446571931771
1.0,0.209324039663212
1.0,0.12723784060116738
1.0,0.19410533883122316
0.0,0.23986778006442022
1.0,0.6970597550269764
1.0,0.2043858334380615
1.0,0.12599285352478673
1.0,0.14673417933758637
0.0,0.8197147511310758
1.0,0.16270602326582895
1.0,0.13250813793316452
1.0,0.14527295820901165
0.0,0.1330826193858744
1.0,0.12308800553739552
0.0,0.6591713319605569
1.0,0.11851133931138325
1.0,0.6127457082768928
1.0,0.6431624598920767
0.0,0.17458404260990323
1.0,0.12535751907671422
1.0,0.3047330384918575
1.0,0.2687585782492953
1.0,0.19801588079303933
0.0,0.7611283854771459
1.0,0.3324370370201587
1.0,0.11690016958463978
1.0,0.19061155103506555
1.0,0.27545436811990687
0.0,0.121777448582712
0.0,0.1539183912619435
1.0,0.16530978427275422
1.0,0.12525331558989028
1.0,0.19328157548097558
1.0,0.14820941404093668
1.0,0.21900823877335784
1.0,0.11229551397726234
1.0,0.2537535535706794
1.0,0.13975841943054723
0.0,0.17943340311383438
0.0,0.21973555081243545
1.0,0.21027047910547803
1.0,0.23153206391352943
1.0,0.13840104392947095
1.0,0.14966996012631295
0.0,0.750003846602675
1.0,0.14493936705120958
1.0,0.20478579024533994
1.0,0.2169181323226792
1.0,0.31838303757857667
1.0,0.1583120146818282
1.0,0.19799708305276675
1.0,0.1984100461991969
1.0,0.11636142026733776
1.0,0.14699031840877408
0.0,0.15486360026527568
1.0,0.13517443578272392
1.0,0.23426055917715638
1.0,0.7656416353438894
1.0,0.16571197116499892
1.0,0.1300409567422608
1.0,0.1577817244243671
1.0,0.632829777694194
1.0,0.18549929779754415
1.0,0.15343374004403565
1.0,0.13477278894722655
0.0,0.13206752987847437
1.0,0.12182161257827995
1.0,0.1396916383347443
0.0,0.11726527392412622
1.0,0.17441961125129168
1.0,0.18405318417003302
1.0,0.12423382277538653
1.0,0.1641703815022888
1.0,0.28951233885376926
1.0,0.18419180502510035
1.0,0.6322182502679257
1.0,0.17103676789861666
1.0,0.18613675413917252
1.0,0.23185148381163823
1.0,0.1476569792053979
1.0,0.2876459924395959
1.0,0.13190310604705824
1.0,0.11730185739203802
1.0,0.11038343154566488
1.0,0.28996677222856726
1.0,0.15943631355892718
0.0,0.14571998455709234
1.0,0.1373127528195892
1.0,0.7214626416222061
1.0,0.11834403782791159
0.0,0.14191412891944966
0.0,0.8388458986600968
1.0,0.16846224765183437
1.0,0.15555183269856765
1.0,0.16183341333026435
1.0,0.14848896599640027
0.0,0.21248154832444244
1.0,0.5089486037480297
1.0,0.12529363145593886
1.0,0.15579644527077008
0.0,0.17114799676823333
1.0,0.15691624576190677
1.0,0.1680871313273048
1.0,0.2041172703972609
0.0,0.15718510396842367
1.0,0.18005953436980693
1.0,0.1800980009517189
0.0,0.7113164412549411
0.0,0.22383993893354726
0.0,0.8032647960622661
0.0,0.1691278762122187
0.0,0.1604722300933752
0.0,0.13961850823447985
0.0,0.8414462586700764
1.0,0.13242300792363615
1.0,0.15090194610593688
1.0,0.13280252788399327
1.0,0.1496744674322561
1.0,0.13939050646396245
1.0,0.14115141111367502
1.0,0.14895691540841094
1.0,0.12127816848862782
1.0,0.25499846934761705
1.0,0.14991271845853582
1.0,0.15496386965528752
1.0,0.15422267045463134
1.0,0.1390983362808812
0.0,0.23151793707064872
1.0,0.1258489216816444
1.0,0.19808485718229352
0.0,0.1456933511273255
0.0,0.13799639601688352
1.0,0.17148176014153227
1.0,0.14523034404375967
1.0,0.12404800512812475
1.0,0.10878790813601591
0.0,0.25944707693443114
0.0,0.2461748220051866
0.0,0.2867179268106752
1.0,0.16855724293200813
1.0,0.136865450339418
1.0,0.13006031986540778
1.0,0.12859686520825464
1.0,0.21833629367243834
1.0,0.14435697623245514
0.0,0.7831443321425433
1.0,0.1390942047494923
0.0,0.8319393561749443
1.0,0.14763223593472086
1.0,0.13852262546063598
1.0,0.15737237666487014
1.0,0.18530664620164627
1.0,0.2222016137017131
0.0,0.6895922787502938
1.0,0.20480844228599515
1.0,0.15332159123980882
1.0,0.24004998947206435
1.0,0.1393792527342832
1.0,0.14968052328968462
1.0,0.16712582312727975
1.0,0.29570445554432134
1.0,0.21631055010059463
1.0,0.1296591804646302
1.0,0.16233736110010577
1.0,0.22684053015061167
1.0,0.14417330143946017
1.0,0.21362512172116122
1.0,0.1360597297687136
1.0,0.19498289948014136
1.0,0.13652404768455717
1.0,0.1722508020355309
1.0,0.15084115387867525
1.0,0.11291097795713301
1.0,0.16281685491656506
1.0,0.13875935960667207
0.0,0.25104507752518657
1.0,0.1481732069572369
0.0,0.17606549952813
1.0,0.22790002493515416
1.0,0.18776087641259576
1.0,0.14837670000331693
1.0,0.18944521095030142
1.0,0.12392713753912243
0.0,0.35963062864293394
1.0,0.20593925182025818
1.0,0.12563689406041434
1.0,0.15883357235528195
1.0,0.6894419390094753
1.0,0.22445010280742872
1.0,0.13885215483777125
1.0,0.16815348071705338
0.0,0.22415003752927165
1.0,0.6850459398742064
1.0,0.291999442955151
1.0,0.21464650115850625
1.0,0.12780144843017593
1.0,0.2113350525897133
1.0,0.2709871133784246
0.0,0.14472123344128396
1.0,0.18561922431206845
1.0,0.14945488220586234
0.0,0.25410650224381515
1.0,0.15539665633990396
1.0,0.11761825063129916
1.0,0.16463295390035138
1.0,0.14008831775199893
1.0,0.1341688858426212
0.0,0.13277151370004192
1.0,0.19513651590366365
1.0,0.14287839709201822
1.0,0.1303238810846178
0.0,0.19871053074896605
1.0,0.16815985286824364
1.0,0.15605910217894214
1.0,0.14048389529122762
1.0,0.11988153429553261
1.0,0.156237608721145
1.0,0.1560854316141137
1.0,0.13478242018754794
1.0,0.2447408137122773
1.0,0.15521155996826563
1.0,0.16204639272267496
1.0,0.1620481757269101
1.0,0.15403455207341388
1.0,0.196418325618948
1.0,0.13267898208302376
0.0,0.1875512984768435
1.0,0.18873289148301764
1.0,0.12126750333321501
1.0,0.16518483446208765
0.0,0.6230883585841178
1.0,0.14352987713063725
0.0,0.8423710981357473
1.0,0.18510482493511238
0.0,0.1343903842384414
1.0,0.1223532486002401
0.0,0.1713094150994915
1.0,0.14582159870255296
1.0,0.204772930800716
1.0,0.12930288958600444
1.0,0.2134764897795245
1.0,0.11156845901176726
1.0,0.15858342152617488
1.0,0.14505250571733985
1.0,0.1660226171807565
1.0,0.1258090644499641
1.0,0.14850610608536752
1.0,0.2917937627160333
1.0,0.13376518854069108
1.0,0.15780151883090998
1.0,0.1195590638318178
1.0,0.13811358765142268
1.0,0.18405613236022256
1.0,0.135220989388822
0.0,0.12595996525514086
1.0,0.2400065046960581
1.0,0.1603277155459698
1.0,0.12266659573931671
1.0,0.1322663113457443
1.0,0.14425799852818944
1.0,0.13381464331776116
1.0,0.1212341885332795
1.0,0.13160862029790776
1.0,0.2179713983127458
1.0,0.6488391636778466
1.0,0.1214023025389035
1.0,0.20500143844686936
1.0,0.274650921820048
0.0,0.16768940640241237
1.0,0.1506310955770126
1.0,0.1313595892545919
0.0,0.28551375866265916
1.0,0.2179521828294183
1.0,0.24095930479273286
1.0,0.4051412077733586
1.0,0.21303476311905079
1.0,0.14365410932878708
1.0,0.17502255465136274
1.0,0.14025592865746284
1.0,0.22405058388155064
1.0,0.1295112952253592
1.0,0.1488621188790218
1.0,0.2018419142875737
1.0,0.14435458849452454
1.0,0.1689258577543059
1.0,0.13530685236085405
1.0,0.12236599232467416
1.0,0.25908399628782597
1.0,0.1602451273189266
1.0,0.14828718190725154
1.0,0.19342500598363044
1.0,0.1667686036982341
0.0,0.2355379366398901
1.0,0.13034011814090096
1.0,0.18203588432370765
0.0,0.7500686949700273
0.0,0.15015707056380456
1.0,0.13446746958228184
1.0,0.12433759386453802
1.0,0.18449224034226197
1.0,0.12013235613289519
1.0,0.13422101625031835
1.0,0.12075450966156909
0.0,0.21071068329469445
1.0,0.14180494333739957
1.0,0.125330282406385
0.0,0.1293714246882236
1.0,0.15383290168117236
0.0,0.8032360135281635
0.0,0.20518128566742044
1.0,0.12767420448264388
1.0,0.1386398538204895
1.0,0.12294077177214635
1.0,0.18356432785824695
1.0,0.12589037459289443
1.0,0.13445502206156645
1.0,0.508961700841007
0.0,0.19190930130597117
1.0,0.13220366243809734
1.0,0.13830590175567714
1.0,0.14937860088369326
1.0,0.11498695602454145
0.0,0.7214226288159746
1.0,0.26169976078802426
1.0,0.13465149748327665
1.0,0.21659533423295718
1.0,0.13483446071903415
0.0,0.20103171688962607
1.0,0.4976664431433282
1.0,0.15416325758306382
1.0,0.17734742902915546
1.0,0.1516607841680293
1.0,0.1351663661711302
1.0,0.1376217174790486
1.0,0.2497783286478381
1.0,0.12138364868677942
1.0,0.1813435362375606
1.0,0.14099422218582724
1.0,0.15071347793665335
0.0,0.6884750128155334
1.0,0.1264185256324798
1.0,0.5613748218781665
0.0,0.20229283887650717
1.0,0.12735413076556246
1.0,0.13289484044042754
1.0,0.1325891939413667
1.0,0.16138619698147283
0.0,0.7206665057031796
1.0,0.14457041369289225
1.0,0.154609814492907
0.0,0.6887231244158545
1.0,0.1216006676258008
1.0,0.15583283945737914
1.0,0.14623669018624375
1.0,0.2276204557754672
0.0,0.1691685404885992
1.0,0.15645162435393412
1.0,0.12239537902353548
1.0,0.7146661877255314
0.0,0.8188220594805155
1.0,0.2069353645921167
1.0,0.14673067334282275
1.0,0.1395713063137375
1.0,0.22230592393359294
0.0,0.1660269197287937
0.0,0.17288322871942863
1.0,0.1741860259602509
1.0,0.11708364513533609
1.0,0.15699623214718106
1.0,0.15871123996801617
1.0,0.16695957781356519
1.0,0.13830113021628831
1.0,0.13623810203690734
0.0,0.8316501054723087
1.0,0.13153745547504847
1.0,0.14060882293545485
1.0,0.11835426309624097
1.0,0.16912415800442993
1.0,0.27109010998971916
1.0,0.16208496374833858
1.0,0.14147512371876614
1.0,0.14543961221057455
1.0,0.15355426302860076
1.0,0.13647792610421694
1.0,0.16595059927813138
1.0,0.11963415468018357
1.0,0.4805547081612649
1.0,0.162424729373161
1.0,0.13488763196247577
1.0,0.21741317367554502
1.0,0.15706671926707072
0.0,0.14997399186758043
1.0,0.16054269490995976
1.0,0.1780894722178855
0.0,0.10658003256680448
1.0,0.12588072765397496
1.0,0.13575883635841424
1.0,0.2015147261223723
1.0,0.17026732169361047
1.0,0.1693592137973191
1.0,0.14068287017094538
1.0,0.16716322949622398
1.0,0.19985320530447104
1.0,0.16231810696027327
1.0,0.1697326341730374
1.0,0.16325518464566224
1.0,0.11640330745224758
1.0,0.1496695306596817
0.0,0.43468481165182205
1.0,0.2875259125445957
1.0,0.2256527772308602
0.0,0.1607681952785882
1.0,0.1599005244597781
1.0,0.15163283920024662
1.0,0.21110346776693578
1.0,0.1276096127196955
0.0,0.6864152110823215
1.0,0.1867874985411987
1.0,0.18351844214220625
1.0,0.1302742887828663
1.0,0.1415080669057659
1.0,0.1205784332365708
1.0,0.17501416054726815
1.0,0.12804614655215396
1.0,0.13045323612096726
1.0,0.5256475617598312
1.0,0.16079502638405563
1.0,0.11330287905847636
1.0,0.21093603274699224
0.0,0.227739067789279
0.0,0.19688536410360968
1.0,0.1433251285019267
0.0,0.18986765946532458
0.0,0.9645813717919897
1.0,0.4702231211989363
1.0,0.1711841796002327
1.0,0.11717775965134769
1.0,0.1308909588393472
1.0,0.6824341646705467
1.0,0.12908399540270887
1.0,0.24026458751206592
1.0,0.23135525132471269
1.0,0.14443638923885804
0.0,0.6873143540937483
1.0,0.16313765740284758
0.0,0.16188819147374856
0.0,0.2526194502677864
0.0,0.23690484083326468
1.0,0.21897144253163736
0.0,0.2052203084053673
1.0,0.13489676557858177
1.0,0.12865312828522357
1.0,0.44749906388540295
1.0,0.20250079016723144
1.0,0.142861823693608
1.0,0.15017944776853043
1.0,0.24361671622670678
1.0,0.13803674650745834
0.0,0.12703482845046776
1.0,0.1212983743105236
1.0,0.1560256713761019
1.0,0.15151597209282242
0.0,0.698155691433072
1.0,0.1605265774492678
1.0,0.21194638422132295
1.0,0.14540392379402822
1.0,0.14476448969826716
1.0,0.15261623051982431
1.0,0.17433583293211508
0.0,0.13357322592918985
1.0,0.1312053303005103
1.0,0.13427342626497019
1.0,0.12442768624857647
0.0,0.16846382410105565
0.0,0.8311842368162758
0.0,0.6572497510855879
1.0,0.13724810298728163
1.0,0.12323038509979178
1.0,0.1350661355827396
1.0,0.20603097283155225
1.0,0.18992288721837902
1.0,0.18929698239671733
1.0,0.11856543633574124
1.0,0.20586335316146076
1.0,0.22146114471724798
0.0,0.7109852230021261
1.0,0.18581303539127125
1.0,0.16921390982924944
1.0,0.16646079314400108
1.0,0.15440593351538845
1.0,0.2355920712657994
1.0,0.17324572142598071
1.0,0.22380619940000346
1.0,0.17675818457298564
1.0,0.18325420225762146
1.0,0.12608844460815383
0.0,0.13306273316239603
1.0,0.26498407569300886
0.0,0.17363879841048913
0.0,0.1724463073562862
1.0,0.17182004887250224
1.0,0.22660490434077596
1.0,0.20365238586920165
1.0,0.13940915923758068
0.0,0.19859169803738685
0.0,0.1219214539421245
0.0,0.26747374154402903
1.0,0.13602009696563988
1.0,0.23607321539902726
0.0,0.2182328555524281
0.0,0.6736504956596185
1.0,0.12035621577633415
1.0,0.23348943654146226
1.0,0.17426033850521117
1.0,0.13078734707754847
0.0,0.2096536227762429
1.0,0.12930304570353468
0.0,0.1744732479922786
1.0,0.14853068301161088
0.0,0.12483455515968589
0.0,0.17258513439518064
1.0,0.1728968351680209
1.0,0.1535118330053753
1.0,0.3318805627005271
0.0,0.14329864942163972
1.0,0.1442328867861543
1.0,0.16736886881885138
1.0,0.19133319673309557
1.0,0.1623056776016396
1.0,0.20012517598529944
1.0,0.170276424999681
1.0,0.19279816045879528
1.0,0.16546858556423172
0.0,0.7342424469598656
0.0,0.19759522423516473
0.0,0.12241975982650966
1.0,0.14617708943537366
1.0,0.16985151143537713
1.0,0.1421734526436731
1.0,0.14405917253530764
1.0,0.7121738436080671
1.0,0.14981313541888874
1.0,0.22128959175925
1.0,0.13502059184414128
1.0,0.12909299901597593
1.0,0.1282283844886407
1.0,0.14899974951222272
1.0,0.18149870766208687
0.0,0.23352404251781256
1.0,0.15385999349336743
1.0,0.12874640507934265
1.0,0.14268769128697845
1.0,0.13201275822209424
1.0,0.1527454157031558
1.0,0.11704807700309539
1.0,0.130253872091861
1.0,0.1356766899041637
1.0,0.42494615624363963
1.0,0.2605216259784151
1.0,0.18410755567145265
1.0,0.14161781566800413
1.0,0.13332051918269494
1.0,0.17929388213161124
1.0,0.17558238639335455
0.0,0.13455656546227623
1.0,0.168515996164056
1.0,0.138729589156246
1.0,0.11592862824723926
1.0,0.13221126646146442
1.0,0.1719674464089922
0.0,0.15098859979465185
1.0,0.14387947466737938
1.0,0.173088621302248
1.0,0.20514086146966848
1.0,0.10949282497577506
0.0,0.16582969799975034
1.0,0.14893022008110812
1.0,0.12932478999683006
1.0,0.17298467209665191
1.0,0.9906814852435859
1.0,0.13655210749278412
1.0,0.12989444780830428
0.0,0.7496370528054452
1.0,0.2822633990641137
0.0,0.6584658655034584
1.0,0.22424793276873067
1.0,0.7058603977341201
1.0,0.11737888663719864
1.0,0.1202631070933532
1.0,0.12618313292018934
1.0,0.23243622246399265
1.0,0.12905601793037058
1.0,0.13124650289469242
1.0,0.2266472356858018
0.0,0.12442621231102613
0.0,0.6778034304221523
1.0,0.1358129976950302
1.0,0.12612844396157896
1.0,0.24588379763748713
1.0,0.12943658349900167
1.0,0.12446987635088957
1.0,0.17299989078179645
1.0,0.15610034599515643
1.0,0.22323244547108423
0.0,0.3628397425173341
1.0,0.22121951530299366
1.0,0.1240585458715302
0.0,0.8316399421794486
0.0,0.15189931975281323
0.0,0.1660641814926168
1.0,0.14716103494318122
1.0,0.1394127210370597
1.0,0.12093716894932638
1.0,0.18968942372960862
1.0,0.14980359505824892
1.0,0.14047170658955943
1.0,0.14035385874626294
1.0,0.12258159814957537
1.0,0.13821588477387714
1.0,0.18432189778054797
1.0,0.17847123779214202
1.0,0.2447090867721794
1.0,0.20219038051593152
0.0,0.3198447542127022
1.0,0.18590697209899432
1.0,0.18804984981641948
1.0,0.1604678066518569
0.0,0.8146907223464174
1.0,0.16224403425888612
0.0,0.20551644521573298
0.0,0.2139833755805507
0.0,0.11214432484177372
1.0,0.19674883180425784
1.0,0.1437408088769555
1.0,0.21941868099989092
1.0,0.21024084702423285
0.0,0.7413113594594705
1.0,0.15526634047154464
1.0,0.13600650076148335
1.0,0.14521266292907498
1.0,0.13103665729579994
1.0,0.16202130663788183
0.0,0.2374650606759825
1.0,0.21648946084492526
1.0,0.19169949821634624
0.0,0.40695771686606685
0.0,0.15315750093402458
1.0,0.13616759360999964
1.0,0.12049485631783974
1.0,0.14845292859212678
1.0,0.12017433568847491
0.0,0.841984994789832
1.0,0.18661755945557734
1.0,0.19731816570706862
1.0,0.9022580513670229
1.0,0.1846047509359563
1.0,0.17191840389976487
1.0,0.14119059552150992
0.0,0.14191790364809675
1.0,0.17830390653625738
1.0,0.15558734543769048
1.0,0.11465469157345909
0.0,0.7128406511039128
1.0,0.2136447184334591
1.0,0.15154163218024475
1.0,0.13598294293630075
1.0,0.12653459070851336
1.0,0.17820780352908194
0.0,0.14983974760413454
1.0,0.18441930378308247
1.0,0.1543887490634136
1.0,0.17442287289963854
1.0,0.12315358325235803
1.0,0.21679097300212524
1.0,0.18056198129436896
1.0,0.12305919508366259
1.0,0.15362228412232948
1.0,0.14133165973423922
1.0,0.6577058678721355
1.0,0.18507202706558468
0.0,0.7299071369480692
0.0,0.1417506792370513
1.0,0.15379579023625145
0.0,0.20887590305673043
1.0,0.12492215251250538
0.0,0.15528797607105216
1.0,0.1182186879056516
0.0,0.22530382367284052
1.0,0.14418949159550798
1.0,0.17107167122007128
0.0,0.8435788016988035
0.0,0.17352141456459136
1.0,0.1445406599622976
1.0,0.1837635700903547
1.0,0.1302811555094312
1.0,0.20947383645001394
1.0,0.19490675808901914
0.0,0.24902214667907552
1.0,0.11956006719757328
1.0,0.12815930450047142
1.0,0.11372025883952397
1.0,0.17042090960639533
1.0,0.29452932590127234
1.0,0.1451352384659722
1.0,0.12411251938709689
0.0,0.18408935972371154
1.0,0.1335726985934007
1.0,0.13523765756815187
1.0,0.13164255969840621
1.0,0.1524031733326483
1.0,0.15855165000001348
1.0,0.6258594695590212
0.0,0.17798948193566022
0.0,0.27771056124732885
1.0,0.13019446890109365
1.0,0.13933962134380873
1.0,0.2177973448391145
1.0,0.24491424478940083
1.0,0.17422669194689921
1.0,0.15804257998819649
1.0,0.18114874301465833
1.0,0.1742653682787959
1.0,0.1647792804260696
1.0,0.14923484397526798
1.0,0.20826382676520294
1.0,0.13924596190924965
0.0,0.6689065874248865
1.0,0.1535599886926049
1.0,0.256113172184983
1.0,0.1233014964059137
0.0,0.19673316960737763
1.0,0.1626963491839445
0.0,0.21326702868784997
0.0,0.15341018919074645
1.0,0.16030234756686135
0.0,0.15846720632542566
1.0,0.1454335079436082
0.0,0.8740268233260524
0.0,0.5840328465008531
0.0,0.27870997255072405
1.0,0.11586650162533352
1.0,0.25734740582268223
1.0,0.3061623305917057
0.0,0.2166850292027085
1.0,0.3106490371222662
1.0,0.16901854228202784
1.0,0.15233131730569194
1.0,0.12953914621054008
1.0,0.9637861586762786
0.0,0.3826283866816871
1.0,0.13590327317697337
1.0,0.1188775003876188
1.0,0.11340242802839806
0.0,0.19392235367912614
1.0,0.16925793341949957
1.0,0.13896445326167828
0.0,0.18577617240008137
1.0,0.13021092636296916
1.0,0.16845051630339225
1.0,0.38849539336187755
0.0,0.7142868415066215
1.0,0.14235973081244058
1.0,0.11633448651049338
1.0,0.19163855745365665
1.0,0.14432037080286308
0.0,0.16855796711039828
1.0,0.13872851602192005
1.0,0.225088669843862
0.0,0.1887100028575811
1.0,0.13592974638460875
1.0,0.17276930821025838
0.0,0.721438200461942
1.0,0.13315558628405022
1.0,0.17335250303633243
1.0,0.1531768328343902
1.0,0.22064060532343033
1.0,0.13798612576835334
0.0,0.8732710072432752
1.0,0.22829061887141866
1.0,0.1666900818251057
1.0,0.18008389420375903
1.0,0.37400530346827154
0.0,0.13738818452650015
0.0,0.13361943939921794
1.0,0.2477483210125836
1.0,0.12990182796540206
1.0,0.13575363425606912
1.0,0.1350386258769164
1.0,0.1348020190362177
0.0,0.6894101833317656
1.0,0.11994388277757806
1.0,0.6562897252200242
1.0,0.11618079594440123
1.0,0.1343007132997821
1.0,0.1705199373118853
1.0,0.1380222231229653
1.0,0.21962631715404457
1.0,0.13828571564066705
1.0,0.12073465135164163
1.0,0.16079418592097083
1.0,0.133201014534999
1.0,0.13484119531109973
1.0,0.12473040225024412
1.0,0.1357079924713629
1.0,0.12087011483414734
1.0,0.14075231547824907
1.0,0.1676212277819331
1.0,0.2773675798349552
1.0,0.21535264668076992
1.0,0.15332227107976482
1.0,0.14058921010073122
1.0,0.11281715166293371
1.0,0.13998495843999925
1.0,0.13312800494840493
1.0,0.15944125564741396
0.0,0.2609161015695274
1.0,0.6402770869932488
1.0,0.14731977142845754
1.0,0.15326830325100071
1.0,0.13152684521430213
1.0,0.13798178967253927
1.0,0.1830557263032011
1.0,0.11374036615523242
1.0,0.13196795544450746
1.0,0.11788253158336848
1.0,0.2088039691413317
1.0,0.13167717011905433
1.0,0.14235766389593374
1.0,0.14820227729806357
1.0,0.14349308361526114
1.0,0.13694896850617655
0.0,0.16163824533305282
1.0,0.1740165175317412
1.0,0.17675480127005816
1.0,0.15629548987065567
1.0,0.18043499980659305
0.0,0.22579665287864803
0.0,0.8519939450916517
1.0,0.1312744487459636
1.0,0.21204514480194747
1.0,0.1439556336175022
1.0,0.15388143078828787
1.0,0.12334981232438536
1.0,0.11218183441884855
1.0,0.13203721854358474
0.0,0.7657779102356087
1.0,0.1382129584527576
0.0,0.16911709614403803
1.0,0.19784377339664272
1.0,0.20363292354608453
1.0,0.196011396851138
1.0,0.13030986109689702
1.0,0.13992833116864878
0.0,0.9844332662668733
1.0,0.12546690163119167
0.0,0.6712839844411329
0.0,0.8429453031949002
1.0,0.13083128055283155
1.0,0.1319726668491934
0.0,0.7261677345922397
0.0,0.2091809651690686
1.0,0.11968917999909157
0.0,0.6157087329812327
1.0,0.1656196115666706
1.0,0.12954558233252467
1.0,0.28812308980955126
1.0,0.11627638687113162
0.0,0.3047330384918575
1.0,0.1171451804642929
1.0,0.28884878159017435
1.0,0.20037411197929034
1.0,0.3459737121398968
1.0,0.15468937855467546
0.0,0.7252633228515196
0.0,0.12320773429161036
1.0,0.1414234032808689
0.0,0.13356382824294066
1.0,0.17147286243981197
1.0,0.19655675090062674
1.0,0.1953260109059417
1.0,0.17279080720412798
1.0,0.14157368733436848
1.0,0.14603551580542573
1.0,0.1256679641939843
0.0,0.35182163099416897
1.0,0.29153913759589867
1.0,0.2439537294183859
0.0,0.21597985743187076
1.0,0.22227900983683957
1.0,0.12897927274675125
1.0,0.17068563018296723
1.0,0.11384537452379595
0.0,0.14595600523041463
1.0,0.5076305454630365
1.0,0.6582272739355927
0.0,0.8140255127148126
1.0,0.6974430150285365
1.0,0.6891021033007444
1.0,0.1616894549051987
1.0,0.19012696160816156
1.0,0.20784945927647158
1.0,0.7539155275886513
1.0,0.14925428191458046
0.0,0.2353474781338829
1.0,0.16635495677440792
1.0,0.18401982503366743
0.0,0.18462664256966055
1.0,0.25755673381852795
0.0,0.7697304113735335
0.0,0.12885121909182384
0.0,0.13622769227266263
1.0,0.14635958868357624
1.0,0.1263335196096761
1.0,0.15026226206062343
1.0,0.14135961056105284
1.0,0.11800798627628106
0.0,0.21546487547751136
0.0,0.1579519594736155
1.0,0.13069260875619282
1.0,0.11490262745466961
1.0,0.17250525925344706
0.0,0.7553781687676765
1.0,0.16730230281935043
1.0,0.16735843966301056
1.0,0.19705839857663732
1.0,0.13375105635224516
0.0,0.23472736846437636
1.0,0.14643635593193238
1.0,0.1259118996759674
1.0,0.18566286155569456
1.0,0.14889467302432635
1.0,0.15357418534555656
1.0,0.1931483346842987
1.0,0.15424476147455723
1.0,0.16626741390558952
1.0,0.11643060334562294
0.0,0.1554172245559644
1.0,0.1307950101377996
1.0,0.15551201452408248
1.0,0.15280745153857056
0.0,0.16656046884027265
1.0,0.16520041845378886
0.0,0.34961288254205214
1.0,0.20770371420631695
1.0,0.20266706185907357
1.0,0.14676629271048003
1.0,0.12324626487847379
1.0,0.1487992512386781
1.0,0.16984557215306273
1.0,0.1328096422412055
1.0,0.12358645165318771
0.0,0.32001219823914484
0.0,0.11800134002349416
0.0,0.13286518463315322
0.0,0.6689906550366641
0.0,0.16547000849557036
1.0,0.12945102984118273
0.0,0.19735981526428903
1.0,0.23534983758291061
1.0,0.22925206839021972
0.0,0.14543763621822536
1.0,0.19184125003998675
1.0,0.11674083078587483
1.0,0.13417630859447804
1.0,0.12489079244241197
1.0,0.20308014138203034
1.0,0.20023487276798246
0.0,0.17988040354398804
1.0,0.1395818735101072
1.0,0.17965747137993926
1.0,0.17366330625209125
1.0,0.15896098832570515
1.0,0.13170053105790058
0.0,0.14135620904581103
0.0,0.11481503944881943
0.0,0.12950648368176143
1.0,0.25739477926415366
1.0,0.11632291061470801
1.0,0.20750942711630693
1.0,0.2333206375480814
1.0,0.19083421931756828
1.0,0.1743489614960878
0.0,0.21868087493644683
1.0,0.1580636591367165
1.0,0.13580594771331123
1.0,0.12562398298381172
1.0,0.13900064247109944
1.0,0.1219298284194904
1.0,0.11990229627314353
1.0,0.13120307961247146
0.0,0.6124447546312326
1.0,0.12751411380642252
1.0,0.15107795867240448
1.0,0.1834334138718926
1.0,0.13737056490998278
0.0,0.21575744154522147
0.0,0.22425309637577018
0.0,0.7547345134789131
1.0,0.11828700572365625
1.0,0.1874595795381434
1.0,0.21499674618654352
1.0,0.1260030326048781
0.0,0.6991253667289157
0.0,0.5804291509249597
1.0,0.14475724506577414
0.0,0.22204132929012688
1.0,0.13002030924336627
0.0,0.1364192822404664
1.0,0.12990448737146465
1.0,0.15560504046146584
1.0,0.19541375811650752
1.0,0.21068053912036655
1.0,0.11697437297466706
0.0,0.13162767933791963
1.0,0.1967724310722111
0.0,0.186489945601654
1.0,0.1311941815328056
1.0,0.15431953804439347
1.0,0.13818981748497627
1.0,0.21054955839425227
1.0,0.16749661283144746
0.0,0.21435476332747794
1.0,0.12207384380046649
1.0,0.19405325331464285
1.0,0.21369026490685328
1.0,0.15720047252384328
1.0,0.14703680582850098
1.0,0.15496999948273027
1.0,0.15170275772600483
0.0,0.6935722755833176
1.0,0.14166320749240302
1.0,0.14242217435529791
1.0,0.17837145294309342
1.0,0.1311660893210297
0.0,0.6960355391949722
1.0,0.16003172215165729
1.0,0.12198030015221395
1.0,0.20397891450033045
1.0,0.18822950697418295
0.0,0.2058914780679445
1.0,0.15303324451981282
1.0,0.16464842132602342
1.0,0.39467193234373066
1.0,0.19049980046367188
0.0,0.19021353929771745
1.0,0.27660736898851346
1.0,0.11731923497202612
1.0,0.12966270411648972
0.0,0.20399012187762822
1.0,0.17113974467977155
1.0,0.15857540597022113
1.0,0.1122486842620235
1.0,0.30947344715573255
1.0,0.14628067141627166
0.0,0.21195189098853273
1.0,0.16217012575607836
0.0,0.16186213456346377
0.0,0.19678886416521446
0.0,0.17107403402695964
1.0,0.1256272213660773
1.0,0.14053112661817047
0.0,0.6785797042855046
0.0,0.16409895098015836
1.0,0.1140491772859864
1.0,0.25059613888258436
1.0,0.12688311489419313
1.0,0.11682229086066198
0.0,0.1820858579765594
1.0,0.6313276584326375
0.0,0.7612713952998019
1.0,0.16611759454173325
1.0,0.14807708136317765
1.0,0.42663666875630524
1.0,0.1459082309593207
1.0,0.13394729738170763
1.0,0.14994076227794628
1.0,0.14041001645560391
0.0,0.1818856231625121
1.0,0.16714379823453118
1.0,0.1893058572250137
1.0,0.15384099183844047
1.0,0.2131503722774556
1.0,0.1630890427374364
1.0,0.18633583250427455
1.0,0.27019873209253853
0.0,0.5123161190388252
1.0,0.16435202082637945
0.0,0.27851721333657475
1.0,0.13701472997957387
1.0,0.1723685500822747
0.0,0.13454733372091132
1.0,0.15629002919695134
1.0,0.16006489437500737
1.0,0.13209086808961124
0.0,0.12397260000087018
1.0,0.1940741902977866
1.0,0.15119936560996194
1.0,0.11612092642200678
0.0,0.15889386532659877
0.0,0.20601935471521737
1.0,0.14475972130295434
1.0,0.2302241727173182
0.0,0.7168238488812426
1.0,0.17642601242130151
1.0,0.1273365467119475
1.0,0.19320930013390492
0.0,0.13037458538836422
0.0,0.14081837645920692
1.0,0.14341040228750168
1.0,0.1455735343701694
1.0,0.1580375536387555
1.0,0.13266049953952996
1.0,0.1868230629414137
1.0,0.14244337975230226
1.0,0.13250051982675926
1.0,0.14397633756153183
1.0,0.13140345411422427
1.0,0.7038567374612685
0.0,0.9495315746648949
1.0,0.18031272453706437
1.0,0.12101677192090743
1.0,0.14217443772989424
1.0,0.2718616289490723
1.0,0.12372009175294318
1.0,0.17591007333100195
1.0,0.13166035353236394
0.0,0.15327248929026405
0.0,0.14670751131677395
1.0,0.21296797440832227
1.0,0.17121262273708504
1.0,0.13987427274191222
0.0,0.4039685766446214
0.0,0.20026978412478957
1.0,0.15150619936044152
1.0,0.15675313060144502
0.0,0.13915311447010947
1.0,0.12464471628449991
1.0,0.193568042694232
0.0,0.23271026583796084
1.0,0.1885961008808007
0.0,0.13857630622985118
1.0,0.17074370566167496
1.0,0.11501401758277918
1.0,0.21363285021930623
1.0,0.1358621034396884
1.0,0.14688102317166862
1.0,0.14165804573745688
1.0,0.14057338245361195
1.0,0.1412971256755312
1.0,0.1734726887035073
1.0,0.1486885931099201
1.0,0.12139177019662006
1.0,0.143179971978046
1.0,0.20318376682035721
1.0,0.15401493839911484
1.0,0.1742085235891273
1.0,0.13341036499238623
1.0,0.16808641873350283
0.0,0.19002158667558244
1.0,0.14984187324535314
1.0,0.17667972072495008
1.0,0.8077054479716197
1.0,0.20668082658976772
1.0,0.17940869345680832
1.0,0.17270868339021161
0.0,0.19288722061125907
0.0,0.13211668386003161
1.0,0.12464166076197225
1.0,0.1270701503910845
0.0,0.7996511021090854
0.0,0.31403421375458507
1.0,0.11031306898239168
1.0,0.16904301531682075
0.0,0.764431489221154
1.0,0.1547487085490714
1.0,0.21710013530074734
0.0,0.21348702823656873
1.0,0.14350466134369322
0.0,0.14552999619158857
1.0,0.15610034599515643
1.0,0.13196235510701548
0.0,0.12391316817882436
1.0,0.12187956089194163
1.0,0.23239145134883887
0.0,0.23202667041315495
1.0,0.15334122555844865
1.0,0.13377267421759353
1.0,0.5456491081493072
0.0,0.8519357437377515
1.0,0.16914276766526326
1.0,0.1259517911575614
1.0,0.15702293734887396
1.0,0.1504936328895481
0.0,0.16354061634343398
1.0,0.14097049262029338
1.0,0.1552553876619237
0.0,0.8109440953243863
1.0,0.16484071660398147
0.0,0.6698444407140735
1.0,0.17633568800580812
0.0,0.16806837311151168
1.0,0.13722703250794577
1.0,0.156958813317008
1.0,0.16168255804256604
0.0,0.11642448846128972
1.0,0.2698888960506515
1.0,0.2579170857420764
1.0,0.18459060365834112
1.0,0.7272890324872338
1.0,0.13883773618079376
1.0,0.21113901646731736
1.0,0.2253119642493826
0.0,0.1584468893986395
0.0,0.30946417550029537
1.0,0.14495651705121826
0.0,0.10218379566176228
1.0,0.11768262275802488
0.0,0.2791003829493284
1.0,0.2068275246612017
1.0,0.1431996334684843
1.0,0.15039181283739356
1.0,0.16680550872352706
1.0,0.14390889120465866
0.0,0.7886215178475111
0.0,0.7125715125584728
0.0,0.11542130604358658
0.0,0.7563928884141237
1.0,0.29829417430276306
1.0,0.17849836326884427
1.0,0.14013884228256546
0.0,0.7204447534658163
1.0,0.13657727757285232
1.0,0.1554376332100984
1.0,0.13197625559456416
1.0,0.14528781471080965
1.0,0.15556218843270375
1.0,0.1369724469954542
0.0,0.9607249341533662
1.0,0.15515509677841877
1.0,0.12072389074356993
1.0,0.1185169016417208
0.0,0.27644314720273255
1.0,0.1987096035969822
0.0,0.22664947795880075
0.0,0.26945865303302363
0.0,0.17930078964870566
1.0,0.16876489587818588
1.0,0.1363089827696473
1.0,0.16759409826588323
1.0,0.118706259233614
1.0,0.23114468973497382
1.0,0.13755981450548282
1.0,0.3727364903324468
0.0,0.6158741006416456
1.0,0.13381673692905793
1.0,0.11275573777347492
1.0,0.3241334365156947
1.0,0.17264589556201737
1.0,0.13943543755433963
1.0,0.25021182432918954
1.0,0.13176030681080597
0.0,0.1641414358454285
1.0,0.1510033051609112
1.0,0.15428474885225685
0.0,0.2635603933395978
1.0,0.13159065233483846
1.0,0.330696240745897
1.0,0.12068030668528495
1.0,0.14376909406835459
1.0,0.25717595138787297
1.0,0.14153238909567212
1.0,0.13223918283348934
1.0,0.1349284959478283
1.0,0.13437818612287566
1.0,0.11596347867501333
1.0,0.1437518206286872
1.0,0.19743963809850795
0.0,0.1215188700102241
0.0,0.2060584611508821
0.0,0.12672927134719325
1.0,0.1723927700555331
1.0,0.1533271939385571
1.0,0.1911554050975096
1.0,0.14018508218946568
0.0,0.3795401494359687
0.0,0.11514911903344704
1.0,0.21633647987957827
1.0,0.18537422941861836
1.0,0.12155990190925492
0.0,0.1438496585739023
0.0,0.19476823600362636
0.0,0.20602999141741352
1.0,0.1614005108784895
1.0,0.17493367052504272
1.0,0.6417402403644397
1.0,0.28026361115188514
0.0,0.7037764804759563
1.0,0.1256679641939843
1.0,0.21297286020596418
1.0,0.15084351994278267
0.0,0.7256863378860758
1.0,0.14505331146165423
1.0,0.13504925366510778
1.0,0.2230715862166952
1.0,0.16003382102294372
1.0,0.25971885453920907
1.0,0.11616687636773138
1.0,0.24236130968333736
0.0,0.166512335225649
1.0,0.14954368966311837
0.0,0.20256737747414333
1.0,0.1434894241202994
0.0,0.11843354427224406
1.0,0.22875659087916467
0.0,0.17219115284647746
1.0,0.13454744512613137
1.0,0.16068948662959637
1.0,0.22524979877271256
1.0,0.12747738122738073
1.0,0.18559247141016177
1.0,0.15906699752718678
1.0,0.12999960669150312
1.0,0.13125311832797915
1.0,0.1779995010746218
1.0,0.13762647976810127
1.0,0.17062997380642786
0.0,0.14012154777271235
1.0,0.14049673324657064
1.0,0.1648427189583923
1.0,0.1262004164389432
0.0,0.711828048220982
1.0,0.13997816035435695
1.0,0.27575562996653213
1.0,0.1893420067916496
1.0,0.5849260626629055
1.0,0.11688388996674404
0.0,0.12130146762666927
1.0,0.6302068561613354
1.0,0.15479962266694636
1.0,0.14328528994591028
1.0,0.14494410821610992
1.0,0.1310263765134101
1.0,0.1211622394017764
1.0,0.14164062972571312
1.0,0.18830024781474375
1.0,0.13055115820987195
1.0,0.11803084233249428
1.0,0.13834141193739613
1.0,0.1407374259392674
1.0,0.46976620572778804
1.0,0.16741532862233022
1.0,0.15423178259160053
1.0,0.15940277750318665
1.0,0.17322352629466187
1.0,0.14101986038098901
1.0,0.1274685142681966
1.0,0.1266312609361152
1.0,0.1456396123074465
0.0,0.11040160442518843
1.0,0.18394726102730097
1.0,0.23833007595075573
1.0,0.22977742836451132
1.0,0.1154223227898229
1.0,0.12922634461735638
0.0,0.1832983898710231
1.0,0.1709093691012702
1.0,0.19793451977908572
1.0,0.14150958397859625
0.0,0.16702884982089983
1.0,0.18196851278623527
1.0,0.5231182801285098
1.0,0.1339256674269954
1.0,0.16569522892440225
1.0,0.13836834840177448
1.0,0.566265185060431
0.0,0.2546794364692311
1.0,0.2675595690451811
1.0,0.24046436466393828
1.0,0.12423666625913266
1.0,0.1495482008438752
1.0,0.14625307245623342
1.0,0.2311624312788062
1.0,0.18459280982041015
1.0,0.22547734696273336
1.0,0.2909475720884832
1.0,0.16041818590618273
0.0,0.21569849555490894
0.0,0.1367521939954668
1.0,0.26673344785576736
0.0,0.13682186766274196
1.0,0.14000772615929669
1.0,0.18086744542012634
0.0,0.49180698893254393
0.0,0.1976878021790991
1.0,0.5116176166451769
1.0,0.14432739239276993
0.0,0.11729288317269115
1.0,0.15638693739656295
0.0,0.14409056706829992
1.0,0.20936614218706529
1.0,0.1632589783874817
1.0,0.2567507703836148
1.0,0.19751157345060721
1.0,0.14464504653933052
1.0,0.1115349360945238
1.0,0.22529994149767696
1.0,0.11628871738583313
1.0,0.12684090540513504
0.0,0.2236454069810908
1.0,0.20364287612767762
1.0,0.2172448723549536
1.0,0.12169931320626093
1.0,0.6224116880516068
1.0,0.14528571779461907
1.0,0.14115426486961802
1.0,0.14529898523184892
1.0,0.15848755850681062
1.0,0.12456610038658389
1.0,0.7274670579919301
1.0,0.13135566620156258
1.0,0.20985636249991013
0.0,0.6621612347975041
1.0,0.12544260521640815
1.0,0.14613163303827692
1.0,0.1130541062791992
0.0,0.15195844168044637
1.0,0.33915047700234247
1.0,0.16138868667466022
0.0,0.8454100809527163
0.0,0.16148729918613192
0.0,0.14790298469507634
1.0,0.13030718948280628
0.0,0.8142409584936182
1.0,0.17719341212747164
1.0,0.140134693580101
1.0,0.1631102782843994
0.0,0.22415349155828757
1.0,0.19030374629976088
0.0,0.15778398474414623
1.0,0.30454083019066613
1.0,0.15297139847331154
1.0,0.16807076202435878
1.0,0.16785910124333248
1.0,0.1437514899342367
1.0,0.11255800540147665
1.0,0.1287199938153719
1.0,0.143497781138628
0.0,0.14906092494795076
1.0,0.13641096123530794
0.0,0.13695212632031883
1.0,0.1668091791171199
0.0,0.21647516857754157
0.0,0.31534711685071226
1.0,0.13143876234444718
0.0,0.22840560491730721
1.0,0.1716486301004866
1.0,0.33663836730009744
1.0,0.12575108742567753
1.0,0.13822811737048069
1.0,0.13638709190426734
1.0,0.1624428505487957
0.0,0.1804497322945623
1.0,0.17758346638718026
1.0,0.11381506614933545
1.0,0.3594965281407352
0.0,0.12075441496398598
0.0,0.12851158207534097
0.0,0.14420410252719618
1.0,0.12645502604313108
1.0,0.23817541687216803
0.0,0.23498803966068005
1.0,0.1484504224344878
1.0,0.1499729874099489
1.0,0.11172100227011517
1.0,0.2264684730530434
1.0,0.16945461307003085
1.0,0.1594356755341425
0.0,0.2045491274363319
1.0,0.13421341430038436
1.0,0.5202556132670181
0.0,0.18279001335073974
1.0,0.12310786722509426
1.0,0.11499316385664604
1.0,0.1689751771840593
1.0,0.14404643065737555
1.0,0.24868503375748197
1.0,0.13521876396749266
0.0,0.741763078676005
1.0,0.16341073874533585
0.0,0.21387868046220737
0.0,0.25016778858088706
1.0,0.25993674438802583
0.0,0.271094590799999
1.0,0.1749355268553534
1.0,0.13918510916355054
1.0,0.13370946658855765
1.0,0.13505144906295774
1.0,0.1718817503395984
1.0,0.13516786372890854
1.0,0.15130775679331276
1.0,0.6776688412109668
1.0,0.11468249558504928
1.0,0.14641559628568857
1.0,0.15620957904923927
1.0,0.152647375198933
1.0,0.12922502054222984
0.0,0.30400964435557987
0.0,0.17428727756401008
1.0,0.1453025740577839
1.0,0.13166823770763192
1.0,0.22230570160156837
1.0,0.21784791964532724
1.0,0.13190704563613342
1.0,0.14580484268373972
1.0,0.14481056951290117
1.0,0.20237764799232283
1.0,0.16072786833774722
1.0,0.18200664911754016
1.0,0.14561249615724337
1.0,0.14304079650019297
1.0,0.2889239282947502
1.0,0.11641814966613706
0.0,0.595896726586081
1.0,0.17970979954361976
1.0,0.20355125831298393
1.0,0.19879962858668976
0.0,0.15157119429324462
1.0,0.18943815432440791
0.0,0.15641677734060255
1.0,0.15787111618166771
1.0,0.14057275921064616
1.0,0.20605663210688052
1.0,0.1865337589730922
1.0,0.17437925762021744
1.0,0.16563818803177421
1.0,0.15275923679940218
1.0,0.1487702715421766
1.0,0.185423268727684
0.0,0.19798253524463094
1.0,0.14337916188450373
1.0,0.14774474513152525
1.0,0.13309520239671324
1.0,0.12188574291768717
1.0,0.20405047488805905
1.0,0.18351749597222866
0.0,0.17841069427282652
1.0,0.18284120600540754
1.0,0.3209973450317374
1.0,0.1319212203508111
1.0,0.1421660383150336
1.0,0.1382750063855558
0.0,0.11997330982006182
1.0,0.10985834251870108
1.0,0.17064952530872657
1.0,0.1248939150873346
1.0,0.15720118017860452
1.0,0.12132305194691106
1.0,0.14194983434312824
1.0,0.13900148811700208
0.0,0.29183369399591197
0.0,0.1271651516634439
1.0,0.13426122856245304
1.0,0.11893211622221334
1.0,0.16914981931976614
1.0,0.14789562278027413
0.0,0.24389919251120407
1.0,0.12585845540897322
0.0,0.13986897411507193
1.0,0.11972211136510968
1.0,0.12655490108905343
1.0,0.22718988035414456
1.0,0.2799486816683051
1.0,0.16088998006916022
1.0,0.16801229737986567
1.0,0.16271835646270483
1.0,0.14976546082350017
1.0,0.2002763893003574
1.0,0.13339337676912744
1.0,0.1340416719428651
0.0,0.1311863653237808
1.0,0.1606847026464001
0.0,0.26328648526034437
0.0,0.7838366076321581
0.0,0.12435912286163953
1.0,0.1455352367558903
0.0,0.20801674358516375
1.0,0.11882214029380145
1.0,0.2158000243478979
1.0,0.13260506710294928
1.0,0.14169420822094914
1.0,0.18072192523535358
1.0,0.11595201551943946
1.0,0.1985299147957077
1.0,0.17161120635825966
1.0,0.1932503896245451
1.0,0.2008461300182267
0.0,0.891087239308211
1.0,0.2431360735294369
1.0,0.1610768409581279
1.0,0.11215588738841786
1.0,0.1475966085424918
1.0,0.1932088144351658
1.0,0.13902270159695562
1.0,0.13950011732083079
1.0,0.1382705568782745
0.0,0.30924819389036107
1.0,0.15534722140814083
1.0,0.12203558941612991
1.0,0.16479542868660757
0.0,0.7674428857215957
1.0,0.18656420140356134
1.0,0.13772095448605415
1.0,0.13919083279494016
0.0,0.2613680875966936
1.0,0.27241197877947676
1.0,0.2031778953677239
1.0,0.1419999647654041
1.0,0.12771647630954464
1.0,0.13495165116002816
1.0,0.29852737320624523
1.0,0.15394480670290944
1.0,0.17326151244675225
1.0,0.15654480946743965
1.0,0.1919163511277331
1.0,0.1400482922110683
1.0,0.5227623037509224
0.0,0.16329837959721039
0.0,0.1483864654195357
1.0,0.2086812171548046
0.0,0.13417532303082902
0.0,0.1540420552870827
1.0,0.9493446959359865
1.0,0.1404808896652625
1.0,0.21750469615883417
1.0,0.14434698273973168
0.0,0.1723419298134491
1.0,0.29323425797115465
0.0,0.20370962705163997
1.0,0.6504325234091654
1.0,0.8043469927253332
1.0,0.17360763020233172
1.0,0.13874162613327368
1.0,0.14962096043829154
1.0,0.16742025352756262
1.0,0.13386787372159026
0.0,0.1219380383208315
1.0,0.19019603066605928
1.0,0.1300850210343848
1.0,0.14399782319282872
0.0,0.13253934795731537
1.0,0.20742001308103686
1.0,0.08220975071424363
1.0,0.18130115006729064
1.0,0.158476362283138
0.0,0.23637286108461497
1.0,0.15454432137585195
1.0,0.20680138663244163
1.0,0.13855445571569502
1.0,0.1395428934739088
0.0,0.22630986282199517
1.0,0.1510042911447571
1.0,0.16587478133971478
0.0,0.13979822461580937
0.0,0.1744989630030177
0.0,0.16144299135524576
0.0,0.16832647465946315
1.0,0.20792735347041824
1.0,0.2162634438717448
1.0,0.12546683387586444
1.0,0.24663467887455148
1.0,0.1328575362741432
1.0,0.2121373164564172
1.0,0.17760193674168767
1.0,0.17210693652359998
1.0,0.16786535630050592
1.0,0.13878471839859152
1.0,0.16387225164517294
1.0,0.1179390340098031
1.0,0.14557592360130467
1.0,0.19706332819183203
0.0,0.22403544775708284
1.0,0.14102486486563826
1.0,0.16879054446383535
0.0,0.21014986560822402
0.0,0.21964963797483827
1.0,0.21047967431548564
1.0,0.13804099081329857
1.0,0.1418579268964315
1.0,0.15268402918385549
1.0,0.20820309732658548
0.0,0.13219113713024133
1.0,0.20209982493619394
0.0,0.696537993335173
1.0,0.3911750830264028
1.0,0.13921147657828414
1.0,0.15374309503499017
1.0,0.1974809141008923
0.0,0.20245503920943952
1.0,0.23541165223896177
1.0,0.14346497437939076
0.0,0.700451546805812
1.0,0.11595855055006032
1.0,0.1579665036361534
1.0,0.1254946204762284
1.0,0.19211601213526153
1.0,0.13591140042918615
1.0,0.17194800697656543
1.0,0.16161449321853572
1.0,0.13779404341321566
1.0,0.11779974114827596
1.0,0.18316857375267082
1.0,0.11402108319235205
1.0,0.15897040048840527
1.0,0.15881050123249674
1.0,0.11964253878214959
1.0,0.246603093334965
1.0,0.22631490006538935
1.0,0.11963415468018357
1.0,0.24185323783536306
0.0,0.1423004770807068
1.0,0.1356845177507825
1.0,0.12978199984764982
1.0,0.14862472870289722
1.0,0.17100521835826454
1.0,0.14090238596358318
1.0,0.21016907815345764
0.0,0.7515268711775519
0.0,0.11603257756346952
0.0,0.17780642805822167
1.0,0.124781433528242
1.0,0.2543609305165113
0.0,0.24771832386306925
1.0,0.21854477370515402
1.0,0.16775757849523543
1.0,0.19262375981162028
1.0,0.11645785177398438
1.0,0.13807610654428937
1.0,0.12153430106559382
1.0,0.21576542834296952
1.0,0.13401894325356623
0.0,0.2117244754674077
0.0,0.1598008462543703
1.0,0.16252616786800644
1.0,0.16642465619946922
1.0,0.11413138485446706
1.0,0.17806116239733705
0.0,0.16296478956159444
1.0,0.1666196990782811
1.0,0.14183813772134668
1.0,0.16615929761374515
1.0,0.18246442601492685
1.0,0.13070073160836582
1.0,0.11691172858345134
1.0,0.1409862186028441
1.0,0.1863012717554119
0.0,0.27636792382131325
1.0,0.11759768942301418
1.0,0.19382087118944735
1.0,0.6901111803708659
1.0,0.13633919237336323
1.0,0.1262293378353172
1.0,0.14702392778611606
0.0,0.7288486555222373
0.0,0.2475965962779899
1.0,0.1317643370223306
1.0,0.2871420006433256
1.0,0.17578769639841152
0.0,0.8004816492121073
1.0,0.15981262456948708
1.0,0.15402592713755636
1.0,0.14463332953480035
1.0,0.14367146640619244
1.0,0.6319187931409491
1.0,0.16555152267306728
1.0,0.15983409013260685
1.0,0.14200443052815315
0.0,0.14700871081250033
1.0,0.1790831293161207
1.0,0.17798750140652286
1.0,0.1285779409622706
0.0,0.8422291285349741
1.0,0.16664569170845922
1.0,0.16060048524149728
0.0,0.18913991969339472
1.0,0.13076489016597215
1.0,0.1868435127716267
1.0,0.16079818482308772
1.0,0.12967923864765107
0.0,0.7121264292236859
1.0,0.1480944864095568
1.0,0.16414970418091324
1.0,0.12138778023196328
1.0,0.12161255657358183
1.0,0.1775055724579192
1.0,0.12964209945273708
1.0,0.16762320878098647
1.0,0.13728948541658959
1.0,0.17047895521295164
0.0,0.15404628693964517
1.0,0.45398468989778606
0.0,0.2648986606647413
1.0,0.1624629412408347
1.0,0.1413857054915616
0.0,0.7589236725229428
1.0,0.28025459743602776
0.0,0.25080906359261745
1.0,0.13381529034290518
1.0,0.1420223362690829
1.0,0.16773650423939312
1.0,0.2693455150752754
0.0,0.13915950418067735
1.0,0.23910894278713302
1.0,0.20250468304435543
1.0,0.1548078442517754
1.0,0.13437755467904933
1.0,0.17813280928784547
1.0,0.14435391840402045
1.0,0.18262698103605357
1.0,0.1525929094668219
1.0,0.22224543939849484
1.0,0.1266813557505505
1.0,0.18979551580769494
1.0,0.14531747889811508
1.0,0.2250044993077982
1.0,0.15024280699908832
1.0,0.1523155254149381
0.0,0.1366440274261259
1.0,0.16310359160270904
1.0,0.14474658854376043
1.0,0.149675414750008
1.0,0.141535446760512
1.0,0.18340697715902288
0.0,0.22989848446747763
1.0,0.12667177464663293
0.0,0.1468665066908713
1.0,0.13008653002615234
1.0,0.15267145935843007
1.0,0.18898975194907042
1.0,0.15707507869949444
1.0,0.19006439796762276
1.0,0.13448677968547007
1.0,0.12453433742625264
1.0,0.6178640522682585
1.0,0.10630714125035878
1.0,0.12319762246934618
1.0,0.13384685620319414
1.0,0.1525007959596132
1.0,0.17868858504915164
1.0,0.14888214069273553
1.0,0.14153836751182924
1.0,0.11737888663719864
1.0,0.19863527048548602
0.0,0.13729882132015714
1.0,0.11576857680558617
1.0,0.1362306723131379
0.0,0.13020046477004354
0.0,0.769721379101254
1.0,0.12336201950622527
0.0,0.153982516451314
0.0,0.21739067004317214
1.0,0.21712204978255512
1.0,0.11171440432536806
1.0,0.13469212104173822
1.0,0.13525814871914332
1.0,0.1677239529076524
1.0,0.7144111570922076
1.0,0.16015899583710913
1.0,0.11651619799537916
0.0,0.1391471213332004
1.0,0.14454354991075447
1.0,0.21746761160446548
1.0,0.1445597552074801
0.0,0.8075798269239145
1.0,0.14239945706267498
1.0,0.1398848848531471
1.0,0.1887608349251476
1.0,0.146817465184649
1.0,0.154148003646565
1.0,0.16087633457937434
1.0,0.19508669714072913
0.0,0.1681503032760684
1.0,0.13861361404689432
1.0,0.1055934569122906
1.0,0.1372796511535631
1.0,0.21117957019860822
1.0,0.122141983565494
0.0,0.26187017744982943
0.0,0.1769866188507545
1.0,0.18749152877110475
1.0,0.29506857676834297
1.0,0.12989244867795235
1.0,0.30346798586924606
0.0,0.13841114243440367
0.0,0.2657850599624396
1.0,0.1187391280912431
1.0,0.1623088548529813
1.0,0.16982119268651708
1.0,0.13853062667172011
0.0,0.264912788993817
0.0,0.22586806108560376
0.0,0.17487240232999168
1.0,0.17138968544920974
1.0,0.14085337844075196
1.0,0.1263217845119845
1.0,0.13551411993013418
1.0,0.22831246904682478
1.0,0.14649358734761753
1.0,0.21461559022063903
0.0,0.13025698374145234
1.0,0.1345854372808024
1.0,0.20480110535232288
1.0,0.13159340914471485
1.0,0.22976445211082097
1.0,0.1497136077170419
1.0,0.13896126195984837
1.0,0.1296991018382333
1.0,0.13902208729713927
1.0,0.13777112752450393
1.0,0.14028713125269765
1.0,0.14715577303784144
1.0,0.22620639365435113
1.0,0.1464321927343185
1.0,0.11397942414309703
1.0,0.2301673401330745
1.0,0.14646850772324926
1.0,0.13929444348877962
1.0,0.14994014041559256
0.0,0.17170778590181834
1.0,0.13089277406423971
1.0,0.16647719332501898
0.0,0.21756851905961638
1.0,0.2254075159238781
1.0,0.11853069379174108
1.0,0.16503185002903853
1.0,0.160925831052808
1.0,0.11730044416685947
1.0,0.14490705000760495
0.0,0.42321426405225726
1.0,0.16726962572710524
1.0,0.1392131118207236
1.0,0.18555282431969722
0.0,0.22666832549897065
0.0,0.11913419026619154
1.0,0.13762150579533627
1.0,0.24475720738030238
1.0,0.1801815786356855
1.0,0.12267593084754846
1.0,0.12169184908915298
1.0,0.19612148802487095
1.0,0.2647546181759345
1.0,0.16064968892535458
0.0,0.19770954877833058
1.0,0.16014507289280266
1.0,0.1588734271651795
1.0,0.19994994474348426
1.0,0.1469172216543595
1.0,0.24353521892584973
1.0,0.11368107707964636
1.0,0.11405821798379479
0.0,0.6968049400805512
0.0,0.1323822381840316
1.0,0.11244700963597476
1.0,0.27972180618234643
1.0,0.15382171832503222
1.0,0.13565061447394955
1.0,0.13629738307930983
1.0,0.14849365593926345
1.0,0.20244481678745674
1.0,0.14797744454276207
1.0,0.17197650493944827
1.0,0.2666812981905877
1.0,0.7105758173474364
1.0,0.2248174133711489
1.0,0.12231210634292056
1.0,0.1856475777236446
1.0,0.15678040900042323
1.0,0.11230576174418894
0.0,0.21809098418199957
1.0,0.1317559527488249
1.0,0.12639580513020188
1.0,0.15899540583810168
1.0,0.14322673732281443
1.0,0.12577120775630568
1.0,0.1270685768786729
1.0,0.22296063833941504
0.0,0.13133842682816876
1.0,0.12992459348345875
1.0,0.2732475239936689
1.0,0.13421577443705224
1.0,0.3869301512081209
0.0,0.1434370548693491
1.0,0.21674845456361946
1.0,0.12952008654072145
1.0,0.1302858537269067
0.0,0.12846885390953844
0.0,0.1556085205964446
1.0,0.19970086244497842
0.0,0.6363199369809773
1.0,0.14093541616721483
1.0,0.12863835025870396
1.0,0.21683408620280353
1.0,0.16054465840020993
1.0,0.23197220887250036
1.0,0.3488954500749235
0.0,0.13641441803193022
0.0,0.12249239537197576
1.0,0.15568755518837418
0.0,0.7130753885324991
1.0,0.15523211414949878
0.0,0.14580075314045382
1.0,0.195658793996629
0.0,0.17203423411293783
1.0,0.1371532152409337
1.0,0.19796750491618464
1.0,0.14320992285927892
1.0,0.12205375866386359
0.0,0.768725565766397
1.0,0.19241069365840258
1.0,0.18791599419312466
1.0,0.17845007223140708
0.0,0.13697715366588126
0.0,0.14500399510130302
1.0,0.1834019195448131
1.0,0.12238396580241206
0.0,0.2532203110692506
1.0,0.18177259211253616
1.0,0.13671172589123226
1.0,0.1867952269650247
1.0,0.1407142192207348
1.0,0.20466654047927468
1.0,0.17754022752522114
1.0,0.167990855382957
0.0,0.7777248836707199
0.0,0.23734522306108585
1.0,0.14101589917982904
1.0,0.11467970349539103
1.0,0.13315307284548417
1.0,0.13702874083821892
0.0,0.17383646186828172
1.0,0.12185642372895689
1.0,0.18375292959880263
1.0,0.15070160753018746
0.0,0.12602506163100968
1.0,0.23293713989758102
1.0,0.11631605733624717
1.0,0.16553068666032988
1.0,0.22247079469521625
0.0,0.1483151288230775
1.0,0.15062635839925476
1.0,0.8122137797596003
0.0,0.11312087103394519
1.0,0.2680077927570609
1.0,0.15465352333680182
1.0,0.11248256856559868
1.0,0.3392936134802592
1.0,0.14386260481509439
1.0,0.12132059162056996
1.0,0.14659325343973084
1.0,0.2180786244533096
0.0,0.17495039241161792
1.0,0.13608167765733337
1.0,0.13564725914069453
0.0,0.70125923541558
0.0,0.13077370452410575
1.0,0.6894881536461801
0.0,0.13059397224486735
1.0,0.11866842604642258
1.0,0.27295473373454915
0.0,0.25258751999067053
1.0,0.14436848469366237
1.0,0.6571356184205903
0.0,0.14813622033312335
1.0,0.945093183283949
0.0,0.14093065089119317
1.0,0.2261795101604792
1.0,0.22600090939192463
1.0,0.13355650835735022
1.0,0.1447875238191778
1.0,0.13106574529260484
1.0,0.26456835578704496
0.0,0.18239062440060105
1.0,0.13171751971250711
1.0,0.11341813810461387
1.0,0.14388170117335508
1.0,0.18970027810307233
1.0,0.14095636925697452
1.0,0.1467472149655834
1.0,0.13399879674425874
1.0,0.14964523441165034
0.0,0.17444276627364763
1.0,0.14572255759998998
1.0,0.14422173864282362
0.0,0.1715793052932263
1.0,0.1560919344924756
1.0,0.13395310852046383
1.0,0.14996301537892898
1.0,0.24697186137844418
1.0,0.21325995459770108
1.0,0.1905561192684726
0.0,0.1782944901133624
1.0,0.12001114057631457
1.0,0.1495455981508893
0.0,0.23445884058606947
1.0,0.17036631796002288
1.0,0.12100426474567649
0.0,0.14845659508099696
1.0,0.17070974003125383
1.0,0.13507230527203307
1.0,0.21271397300433026
1.0,0.15990335062624594
1.0,0.12615189823072204
1.0,0.1350979020679408
1.0,0.16491466709451508
1.0,0.13875920791494678
1.0,0.13432981094311958
1.0,0.11287725036208485
1.0,0.21150988833327655
1.0,0.15244010695659693
0.0,0.19239289071204613
0.0,0.19699140190937137
1.0,0.5038317726520294
1.0,0.29059495486078146
1.0,0.13248134200555883
1.0,0.16633295494833833
1.0,0.17063714881277292
0.0,0.48009006887598393
1.0,0.14372332120543718
1.0,0.1652141460608365
1.0,0.19373085276448
1.0,0.12825064438256684
0.0,0.1422810278264952
1.0,0.18525403843425803
1.0,0.14903565748361258
1.0,0.12580850265382437
1.0,0.13469532498926995
1.0,0.22383558095993417
1.0,0.19926721309382311
1.0,0.11031239828256123
1.0,0.19657826483275476
1.0,0.1294601994795167
1.0,0.1315565037379659
1.0,0.11982964809346541
1.0,0.1274859742988087
1.0,0.12946813587585027
1.0,0.9787231219177704
1.0,0.12358571383306405
1.0,0.13813621841151436
0.0,0.16726087110691767
0.0,0.9598547279512264
1.0,0.1506403382455671
1.0,0.1974386515134644
1.0,0.17621621732525983
1.0,0.18072004517037554
1.0,0.21015891686028987
0.0,0.19868729027414622
1.0,0.18568180625364528
1.0,0.16582241783680263
1.0,0.44731087250738155
1.0,0.14312379193628344
1.0,0.13107455848013727
1.0,0.13088977028600512
1.0,0.19448077611931058
1.0,0.2097401264863199
1.0,0.14679487630697508
1.0,0.1449213548004178
1.0,0.13055115820987195
0.0,0.15336468427152583
1.0,0.1739680057227151
1.0,0.1416336222574308
1.0,0.15784982312945506
1.0,0.15563470348008424
1.0,0.2261437700805906
1.0,0.18239725071045343
1.0,0.30813678446122306
1.0,0.11708563789520399
1.0,0.11423679145682863
1.0,0.19061626662042097
1.0,0.12220951210954978
1.0,0.1085431871556618
0.0,0.25960832153276103
0.0,0.7752774629134331
0.0,0.14147449980690252
1.0,0.1507684462358736
1.0,0.11695153055637264
1.0,0.1310861789287302
1.0,0.13879141720704957
1.0,0.15975647040871788
0.0,0.20279326383691543
0.0,0.1522822497208699
1.0,0.1682832750631299
1.0,0.2564405037214986
1.0,0.12496599101645567
1.0,0.19414467888445308
1.0,0.1305793174403802
1.0,0.17653224443089444
1.0,0.17708428403992138
1.0,0.1586196329314593
1.0,0.11912116339388801
0.0,0.42327828927556543
1.0,0.29102131416299915
1.0,0.1480640376871618
0.0,0.13302053956328674
1.0,0.16296487447936037
1.0,0.13563047520132732
1.0,0.25122800151325
0.0,0.8216350039414531
1.0,0.1618914355704988
0.0,0.7854150719894583
1.0,0.20271306196797767
1.0,0.15071275981160248
1.0,0.16262032798235315
1.0,0.12045471151180842
0.0,0.1977999820206966
0.0,0.8397282199599458
1.0,0.22555525540417976
1.0,0.17480886238088833
0.0,0.743662168021096
1.0,0.16019810524391254
1.0,0.12743235390885
0.0,0.20438286094447566
1.0,0.12545272529050477
1.0,0.18579873241323097
1.0,0.20255973196103016
1.0,0.18699370410530036
1.0,0.1462156164598869
1.0,0.1289291392133346
1.0,0.14986860703673122
1.0,0.13431010695890855
1.0,0.1216207657316336
0.0,0.1373103066563378
0.0,0.6601962811441563
1.0,0.2861928764665148
1.0,0.124226090596119
1.0,0.14244994103098563
0.0,0.1824556360004227
1.0,0.22692015809499488
1.0,0.1251754759225795
1.0,0.14317582118997108
0.0,0.23704565461702587
0.0,0.3470670098734311
1.0,0.1956310290965162
1.0,0.2674953471403434
1.0,0.25930155557097934
1.0,0.15164991189294175
1.0,0.16916214648704253
1.0,0.21393536490867326
1.0,0.22956159683183808
0.0,0.7280494375469377
1.0,0.12258030736672187
0.0,0.817543730393947
1.0,0.28675910920336434
0.0,0.12522212844870362
1.0,0.15741727209201417
1.0,0.21490373337612734
1.0,0.2539780785234095
1.0,0.2970151709222757
1.0,0.1960391335399495
0.0,0.22770371392923305
1.0,0.21344549718526817
1.0,0.11263893201223629
1.0,0.1397162328583358
1.0,0.1166074058955131
0.0,0.22982749182599604
1.0,0.14842485552976992
1.0,0.189697800216024
1.0,0.2703074389204042
1.0,0.14572933598985194
1.0,0.20905232566766918
1.0,0.1522060376839669
1.0,0.16573950129733683
0.0,0.8630731454777651
1.0,0.15519554424194237
1.0,0.18915747216953305
0.0,0.3489227492574165
1.0,0.2582254474439317
0.0,0.715766348805602
1.0,0.1865249451596277
0.0,0.16684149902863
1.0,0.1365870855999225
1.0,0.14467923107434133
1.0,0.12293951887978538
1.0,0.19102213514105126
1.0,0.21620903141291437
1.0,0.2063162264217232
0.0,0.15782486641332139
1.0,0.16548184378715303
0.0,0.4138914857739968
0.0,0.2033084103316667
1.0,0.13390907364439708
0.0,0.8397334201568749
1.0,0.24293698772757144
1.0,0.11758894401327846
1.0,0.26549206274126
1.0,0.14047398750631412
1.0,0.14012097395256284
1.0,0.12737252380520492
1.0,0.23843880798444328
1.0,0.11757938625195863
1.0,0.13127428422180942
0.0,0.12743054116271202
0.0,0.13611153095152995
1.0,0.16225352606998622
0.0,0.11763276241269138
1.0,0.19330001668943686
1.0,0.17211566537996092
1.0,0.2501666773613491
0.0,0.6983470820095623
1.0,0.13580562175734334
1.0,0.12922802652919052
1.0,0.3518520167469611
1.0,0.1944211688955243
1.0,0.1319058382753472
1.0,0.15064123739670066
1.0,0.11783204874864661
1.0,0.15011354481904815
1.0,0.12253676737020647
1.0,0.45708008764356034
1.0,0.1812751013705326
0.0,0.7359021244076684
1.0,0.18970371842981615
1.0,0.1399674547023484
1.0,0.12763173313573817
1.0,0.1315173786650351
1.0,0.21505900839365943
1.0,0.14841127891490535
1.0,0.14493647334819681
1.0,0.14859246489674782
1.0,0.12053759313036494
1.0,0.13527996802714248
0.0,0.2462434863934152
0.0,0.17400357292911595
1.0,0.19285565068017663
1.0,0.16829024694187034
0.0,0.8596099288750916
1.0,0.11891581927671802
1.0,0.15068319903270866
0.0,0.17329282337702012
1.0,0.1306661223200316
0.0,0.6779139900589476
1.0,0.14038472038781313
1.0,0.1341058248920065
1.0,0.15965991351364328
1.0,0.16678338233167989
1.0,0.15508495468970684
0.0,0.7625639639207383
1.0,0.1788481605786364
1.0,0.13153677542345565
1.0,0.13900238892345396
1.0,0.1396892218239687
1.0,0.22580677896510393
1.0,0.12424768560000943
1.0,0.18821684239414216
1.0,0.14409962671269283
0.0,0.7935510445720348
1.0,0.39333055266581607
1.0,0.14597778943424022
1.0,0.12513982757081243
1.0,0.14100277548402207
1.0,0.11354544755626506
1.0,0.14916892094359935
1.0,0.2206179786291329
1.0,0.1953414980950272
0.0,0.17261451142169804
0.0,0.13078229262861907
1.0,0.1734374633791036
1.0,0.2544500161368227
1.0,0.12142024256742401
0.0,0.19176039628620978
1.0,0.23904715811540123
0.0,0.17581511872069866
0.0,0.17340642717065036
0.0,0.1557287361209525
0.0,0.8100388169405207
1.0,0.12618874799522362
1.0,0.1341034454966521
1.0,0.1654956400617792
1.0,0.9885026929189306
0.0,0.3111840934075486
1.0,0.13433933290000943
0.0,0.12769330876824792
0.0,0.17481349496854826
0.0,0.830906005816561
1.0,0.2458368267178611
0.0,0.668308783658063
1.0,0.2887962521877069
1.0,0.12056958863869516
1.0,0.14539414703985754
1.0,0.1552108786284011
1.0,0.8231815843961366
1.0,0.1561341280119083
1.0,0.1779457598299924
1.0,0.15234395186824756
1.0,0.13099140201924042
1.0,0.15213823153033257
0.0,0.16200633463964176
1.0,0.13704911754579108
1.0,0.13640872332682952
1.0,0.17286151178617826
1.0,0.15158191826967082
1.0,0.12972221477731427
1.0,0.17843073872882165
0.0,0.1600253598569169
1.0,0.15201062553788147
1.0,0.13799491839794154
1.0,0.18065126645956353
0.0,0.2237554480570566
1.0,0.15281193386517467
1.0,0.18460083979904762
0.0,0.12364696225582938
1.0,0.12723920866255234
1.0,0.17425904377117196
0.0,0.24096364701813378
1.0,0.48762885486471497
0.0,0.11052327648412819
1.0,0.16419125420296077
0.0,0.12525102938910082
1.0,0.158117023276383
1.0,0.11926752208603209
0.0,0.7308548418495809
1.0,0.12231559033743411
1.0,0.14781511096775235
0.0,0.8303350719882605
1.0,0.1725512852728398
0.0,0.12519240640314278
1.0,0.14728029625383654
1.0,0.1133712166280404
1.0,0.1341419346483831
1.0,0.15073289258395883
1.0,0.1650888805964138
1.0,0.1517412855686724
1.0,0.20640417656615595
0.0,0.1309035977277334
1.0,0.11722383399395231
1.0,0.15161222093531213
0.0,0.143339409269715
1.0,0.6882187850929434
1.0,0.20723724506002295
1.0,0.18908538283218856
1.0,0.1404026957280805
1.0,0.5534835500346615
1.0,0.33453941306613966
1.0,0.17432494745626104
1.0,0.1187608146690885
0.0,0.15148207240661682
1.0,0.2658496576730175
1.0,0.14603699441084605
1.0,0.13597996622322284
0.0,0.14313265778544337
1.0,0.15587612814572982
1.0,0.1314202592320206
1.0,0.14502991843477653
1.0,0.14158409047141962
1.0,0.19044387019330455
1.0,0.17234598887567842
1.0,0.14101401805185798
0.0,0.1518279239333329
1.0,0.14871007769907663
1.0,0.15467543736202227
1.0,0.14522402951432922
1.0,0.1445832465756326
1.0,0.1739075779229916
1.0,0.11858226237632674
1.0,0.15418915818657908
1.0,0.2091548634119088
1.0,0.15539490864878724
1.0,0.12019951460375966
1.0,0.1456584417124862
0.0,0.18434505223705944
1.0,0.11275573777347492
1.0,0.1834974484752978
1.0,0.20694176728964409
1.0,0.23314094827584553
1.0,0.19559390560354084
1.0,0.14730369891268047
1.0,0.20242863955375678
0.0,0.6678854777371974
1.0,0.21661441820762506
0.0,0.14594037293787876
1.0,0.1959532139129765
1.0,0.14140896085877486
1.0,0.20967885096845418
0.0,0.21243664444368526
0.0,0.6420102993152623
0.0,0.130325861201268
1.0,0.1668039064359189
1.0,0.13180016752398227
1.0,0.21967471897804103
1.0,0.1289305589484948
1.0,0.1439667098015237
0.0,0.20910343338195836
1.0,0.13264461627897484
1.0,0.4251509620574693
1.0,0.20314122543759394
0.0,0.20642946931110095
1.0,0.2257591369832187
1.0,0.12166968190365823
1.0,0.14748776205576553
1.0,0.19629089671086442
1.0,0.13749443493614888
1.0,0.18213837408105338
1.0,0.20576527121559485
1.0,0.19302508984847
1.0,0.13637555001880963
1.0,0.15504346773016875
1.0,0.14970828079348952
1.0,0.11770636448888627
1.0,0.3222555225516551
1.0,0.17182796653853294
0.0,0.2053302314689378
1.0,0.18590502535900877
1.0,0.14426129081373007
1.0,0.1395316291680362
1.0,0.22919180694394736
1.0,0.16634375678443447
1.0,0.1441617368234721
1.0,0.2025240704309874
1.0,0.14358835152844007
1.0,0.13964861108317939
1.0,0.22185686006543626
1.0,0.15288610743769204
1.0,0.2533382345650774
1.0,0.14043685730092714
0.0,0.22940508339047727
1.0,0.2953116293329081
1.0,0.14051546937195702
1.0,0.13040786064097776
1.0,0.23143871582336628
1.0,0.12416232481432321
1.0,0.2225107187029064
0.0,0.2689348604058559
1.0,0.15104512685639182
1.0,0.12071826646647266
0.0,0.12097734276704086
0.0,0.11848324037251945
1.0,0.2559285986041927
1.0,0.1343347172135011
1.0,0.1346182240880338
1.0,0.20055141647852015
1.0,0.1561711076818748
1.0,0.1569411799993431
1.0,0.2206629061027774
1.0,0.1515479658633534
1.0,0.20382268326079733
1.0,0.12303930078017211
1.0,0.23570965708656832
1.0,0.15588813062493323
1.0,0.17349111951778107
1.0,0.2053796712923711
1.0,0.31383262580285787
1.0,0.1131677231998186
1.0,0.13865874587788884
1.0,0.15555596960256346
1.0,0.146515071135217
1.0,0.12933264902733
1.0,0.1569167054169075
0.0,0.7838769166372235
1.0,0.15835160849633934
1.0,0.14955120323865867
1.0,0.17262342541724818
1.0,0.13591154298708874
1.0,0.39651785084345215
1.0,0.19112316607569735
1.0,0.13534819064310433
0.0,0.7136912361252288
1.0,0.15261408092040707
1.0,0.13473178069778713
1.0,0.1331590126140737
0.0,0.13170068354668496
1.0,0.14288967736818448
1.0,0.2029775634143257
1.0,0.1211338981105381
1.0,0.16279840030549797
1.0,0.12962708264029665
1.0,0.1379343704656617
1.0,0.1335794075489315
0.0,0.6342615144513408
1.0,0.3167625760353556
1.0,0.13003040946251898
1.0,0.15484988133937305
1.0,0.13978325538328107
1.0,0.18309369126340747
1.0,0.20908154210303975
1.0,0.19573698019469576
1.0,0.13529507761566906
0.0,0.7391068481691845
1.0,0.18982369155489953
1.0,0.1483468105781427
1.0,0.17496390248164062
0.0,0.20763818958061464
1.0,0.15744793313961547
1.0,0.13249639726883766
0.0,0.15017109350624624
1.0,0.15656501412798418
1.0,0.16304538346275876
1.0,0.16674822295545855
1.0,0.17550143272063545
1.0,0.16714844888820302
1.0,0.17631924307302071
1.0,0.13382710363037553
1.0,0.17129132147540138
1.0,0.19372766391909302
1.0,0.1379063645800771
1.0,0.146914010012699
1.0,0.11023837718474783
1.0,0.18447583569803416
1.0,0.17817144682845865
1.0,0.12523296636937253
1.0,0.1280160115937673
1.0,0.1406872199532464
1.0,0.21329391376009765
1.0,0.12262520226465423
1.0,0.1582409719324417
1.0,0.14061161591942462
1.0,0.12982749011734485
0.0,0.7873125909474663
1.0,0.14601120711584792
1.0,0.13920831731574912
1.0,0.2111028979341809
1.0,0.22885065211555278
1.0,0.10997846231542019
0.0,0.13057541779885218
1.0,0.14190489740124168
1.0,0.2689472193330701
1.0,0.17633122833507686
0.0,0.28013185378803174
1.0,0.1934709197614436
0.0,0.16505746957635226
1.0,0.25232743889522424
0.0,0.12136889282905483
0.0,0.2673685285629618
1.0,0.13873486342854824
1.0,0.11762618748832454
1.0,0.7108744580185314
1.0,0.18909659270197743
1.0,0.11418780791200334
1.0,0.2234360859039649
1.0,0.12712075633246545
1.0,0.12101523086210864
0.0,0.1913817195017573
1.0,0.12783989492687187
1.0,0.1746360657706454
1.0,0.13988218826314613
1.0,0.13351318783784727
1.0,0.13746305495669187
1.0,0.11514436426384456
1.0,0.15789765698324987
1.0,0.12528885696559222
1.0,0.11287492747739891
0.0,0.14054717406280048
0.0,0.12954430047802712
0.0,0.2307023559855892
0.0,0.13963219452615094
1.0,0.1310259156950333
1.0,0.2055111394054432
1.0,0.15514229055352613
1.0,0.14236108945964943
1.0,0.24088134643019954
0.0,0.1760371283089902
1.0,0.13489164310044544
0.0,0.6305382825117196
1.0,0.12427193845110618
1.0,0.11444760991244718
1.0,0.13888104287710623
0.0,0.17653643244928274
1.0,0.177223160399141
1.0,0.1433706457883136
0.0,0.16657409078534802
0.0,0.14819779291897262
1.0,0.12984853554001907
1.0,0.7304559758973297
1.0,0.15001383579301975
0.0,0.17087306320315243
1.0,0.12187038093412406
1.0,0.18327362320324236
1.0,0.12920702923608895
1.0,0.1438552337869099
1.0,0.12913951112697442
1.0,0.17991126937430046
1.0,0.16695907396088716
0.0,0.3433494638380512
1.0,0.11962651626960763
1.0,0.19191906380989576
1.0,0.18176098335565072
1.0,0.13218934509591695
1.0,0.15921096675661706
1.0,0.15144856993315048
1.0,0.14584171062877993
1.0,0.12989283096148807
1.0,0.15218293802430538
1.0,0.16845225337538017
1.0,0.15610062066493324
1.0,0.16058358443098353
0.0,0.12652678493812375
1.0,0.14127102007290193
0.0,0.20909191450559328
0.0,0.17895767608274404
1.0,0.12276662606097866
1.0,0.15395028644804332
0.0,0.5860558876886155
1.0,0.24998244564690708
1.0,0.6631303408667873
1.0,0.1727285289310988
1.0,0.2551608219397574
1.0,0.18089102454347794
0.0,0.2121323351410087
1.0,0.1444403872717005
1.0,0.2041779361132502
1.0,0.16064311316853197
1.0,0.21651976704689535
0.0,0.17334883047135496
1.0,0.16641670603565117
1.0,0.12172632691716678
1.0,0.219231541639478
0.0,0.8340386577045854
1.0,0.14887676529785165
1.0,0.17907764039093998
0.0,0.1433107207538068
1.0,0.15767041054649789
1.0,0.1354747340037501
1.0,0.1411986230852389
1.0,0.1484950702298128
1.0,0.1607198445895286
0.0,0.7338963491248263
1.0,0.19822033252044235
0.0,0.1351864028689158
1.0,0.18928133451800933
1.0,0.18327194569807492
0.0,0.16333712086643204
0.0,0.20039616015228068
1.0,0.1484551332279458
1.0,0.1305011169818493
0.0,0.5288461249858027
1.0,0.19726776893224973
1.0,0.1764277433112582
1.0,0.15812305807751292
1.0,0.18120166049592812
1.0,0.13337871278528735
1.0,0.17172997950635072
1.0,0.15624415211265752
1.0,0.3284210787711004
1.0,0.20695274328341873
1.0,0.1345474673582252
1.0,0.20553391265687926
1.0,0.15264105739124378
0.0,0.15337365984428342
1.0,0.11021932781731969
1.0,0.20225692645228632
1.0,0.1973501009891092
1.0,0.2196220737064265
0.0,0.19051670239818974
1.0,0.15462336490648576
1.0,0.14584300839082154
1.0,0.14384384476143652
0.0,0.13161993865275068
0.0,0.8970414009526947
1.0,0.13428360659124983
1.0,0.8385134103021064
1.0,0.1703205959763351
1.0,0.1469084117476287
0.0,0.20021243183408555
1.0,0.117250091239685
0.0,0.23847049995456515
1.0,0.1285361921124729
1.0,0.13007435699021597
1.0,0.14978476685822506
1.0,0.17319981013508534
0.0,0.9006860161102435
1.0,0.12259500396797374
1.0,0.262103910112673
1.0,0.2037277940015445
1.0,0.24264129716892868
1.0,0.29181717182492106
0.0,0.20308770547521038
1.0,0.2324404560168397
1.0,0.18287436495604337
1.0,0.1539449645664811
1.0,0.1275503320993897
1.0,0.17334210219440616
1.0,0.13811463526531564
0.0,0.10232823111860945
1.0,0.1283418898958203
1.0,0.15835708180419483
1.0,0.16115276938304968
1.0,0.25355884842695686
0.0,0.1413379705373663
1.0,0.17746054440329473
0.0,0.14250617869822269
0.0,0.2051107802479185
1.0,0.13503394567095983
1.0,0.13197198087105932
1.0,0.17992075727988188
1.0,0.30456624268918897
0.0,0.42651415583366614
0.0,0.23175816037732588
0.0,0.6976894733301172
1.0,0.14774711463125145
1.0,0.1624631226833957
0.0,0.22867622349915506
1.0,0.11001473227992709
1.0,0.13593616553628818
0.0,0.7780336108846939
1.0,0.17788723676799956
0.0,0.2576087647107974
1.0,0.12618731678895845
1.0,0.22460977299894613
0.0,0.14989074781432898
1.0,0.16076764460598347
1.0,0.15720475055821947
1.0,0.17230179482688157
1.0,0.1503982768841553
1.0,0.13784386466530685
1.0,0.14026155973951349
1.0,0.12730742358902825
1.0,0.136453123107507
0.0,0.27435336921615294
1.0,0.12748432126689313
1.0,0.1510362575745502
0.0,0.22566537263830455
1.0,0.17210683044988617
1.0,0.16470004890838175
0.0,0.16370540412547274
1.0,0.17907053502441828
1.0,0.16380161563918727
1.0,0.2150792220685358
0.0,0.24118344489524302
1.0,0.15432389675773694
1.0,0.13401216519126402
1.0,0.18374472172064704
0.0,0.7449530787784935
1.0,0.19647904021338713
0.0,0.23385655861806665
1.0,0.1591748147091161
1.0,0.12629232881339703
1.0,0.10767313713601256
1.0,0.1171316301175177
1.0,0.13476181847387247
1.0,0.1898043812471627
0.0,0.12137951345883025
1.0,0.164724678750776
0.0,0.1818140874695917
1.0,0.14915823534363848
1.0,0.24619613716080446
1.0,0.16690442915767234
1.0,0.1390765114307395
1.0,0.13448827685347908
1.0,0.14179166891895612
0.0,0.2146900930671899
1.0,0.15442797135019437
0.0,0.16664630039317474
1.0,0.16507203907199242
1.0,0.1207179785455107
1.0,0.15349073496461374
1.0,0.27090694895444767
1.0,0.13989642784642264
1.0,0.22134078105490995
1.0,0.1438547907176363
1.0,0.12115230337619343
1.0,0.13972120055317072
0.0,0.17369772284365748
1.0,0.17672027658202238
1.0,0.14329951348439984
1.0,0.130867477785108
1.0,0.13245513254076213
1.0,0.24616982940553933
1.0,0.15680552209143406
1.0,0.13509148895786893
1.0,0.16943854290233706
0.0,0.7447646417732109
1.0,0.1356961599308647
1.0,0.12812137547021385
1.0,0.2382692407229553
1.0,0.18371342540745206
1.0,0.13420444748334237
1.0,0.19946354339203387
1.0,0.20636348837329765
0.0,0.17672969459077303
1.0,0.13500610103822364
1.0,0.15111861695495055
1.0,0.12620889386469658
0.0,0.2099284068009617
0.0,0.6220045989102617
1.0,0.15446715773268582
0.0,0.33952302439012894
1.0,0.6500959083762465
1.0,0.2038190227454345
0.0,0.20625876959395362
1.0,0.14626527420868807
0.0,0.16264166675739355
1.0,0.22660444322157747
1.0,0.24009863829534828
1.0,0.13460387335265744
1.0,0.16895854554271272
1.0,0.22217494613541378
0.0,0.19602294746733995
1.0,0.1593124078022169
1.0,0.13163846536149681
1.0,0.13624815400575285
1.0,0.1406800907765572
0.0,0.17283408925489174
0.0,0.7912795654085688
1.0,0.13218246630489638
1.0,0.2262278659666147
1.0,0.12630387157838618
1.0,0.13916814668470834
0.0,0.792066231533997
1.0,0.19187215298289728
1.0,0.1458220695582919
1.0,0.18424984594608707
1.0,0.17169250828562732
1.0,0.29203524145530046
1.0,0.1345742658005995
1.0,0.12915498339791942
1.0,0.13269155268425648
1.0,0.20724596036102605
1.0,0.13966568616807107
1.0,0.15005480065413013
1.0,0.15501667400895935
1.0,0.11870378876555665
0.0,0.1820278021473849
0.0,0.16847189396091
1.0,0.20332883849933214
1.0,0.1373605328971389
1.0,0.1346581257500784
1.0,0.16044774691166153
1.0,0.20140705613816168
1.0,0.14137139233633544
1.0,0.3803667734161017
0.0,0.23302140797177673
0.0,0.28289057334759704
1.0,0.21799693427200406
1.0,0.17004593320237682
1.0,0.2230933573707795
1.0,0.17311725172566816
1.0,0.14983263846160022
1.0,0.1824854177076205
1.0,0.6380683848677685
1.0,0.12930685270789066
1.0,0.16688317308250245
1.0,0.1291420556541707
1.0,0.14321970659598193
0.0,0.20164678207113507
1.0,0.14286313861771083
0.0,0.23097113435336813
1.0,0.2586786603736638
1.0,0.1435437056911778
0.0,0.16739383605519087
1.0,0.1409358104179972
1.0,0.18770195114922428
1.0,0.1316698636290572
1.0,0.17809053098119942
1.0,0.14582471073526404
1.0,0.17282349078670745
1.0,0.3275963464461208
0.0,0.13693397785647488
0.0,0.1651563413128131
1.0,0.19016057530123864
1.0,0.2298986362193861
1.0,0.19673267185328358
1.0,0.17829921367924484
0.0,0.13976197194335505
0.0,0.6618730764704082
1.0,0.16335817756489857
1.0,0.13815342776756978
0.0,0.16334064505329404
1.0,0.15522916297631428
1.0,0.18959087788115536
1.0,0.1776018766062183
1.0,0.207607250742044
0.0,0.6930030500936815
1.0,0.14543812062987604
1.0,0.17255563726089185
1.0,0.20910229431425265
0.0,0.8152202840327736
1.0,0.2245430609603507
1.0,0.16923320733804081
1.0,0.13138248174188139
0.0,0.5321566105122949
0.0,0.6761753108973041
1.0,0.18511074372514402
1.0,0.13289143155217265
1.0,0.14444816486664325
1.0,0.1973245765921614
1.0,0.1234376195635889
0.0,0.12041678039268355
1.0,0.1392541279857995
0.0,0.7610001603232656
1.0,0.13293317450713404
1.0,0.11835805372004327
1.0,0.12225999278776944
1.0,0.17234759771113506
0.0,0.23438193188490164
1.0,0.13496439099328095
1.0,0.20666904857260116
0.0,0.23435894904104226
1.0,0.15654681506075874
1.0,0.7158761414880692
1.0,0.16978263967015927
0.0,0.14521747199890134
1.0,0.1457207759443767
0.0,0.15998855453650185
1.0,0.13639205161147283
1.0,0.1809184465282
0.0,0.6084072420646907
1.0,0.24725291347785838
1.0,0.14942623775594888
1.0,0.16612572522501512
1.0,0.15478881850190251
1.0,0.15976487480617552
1.0,0.12591612614906744
1.0,0.17669976903680296
1.0,0.15710059388802355
1.0,0.16828867734156616
0.0,0.1659218882150072
1.0,0.1287717841536521
1.0,0.11507594901829121
0.0,0.14254512959835586
1.0,0.14346040722801479
1.0,0.12730975442324444
1.0,0.15722376831666562
1.0,0.12141868276620926
1.0,0.20551047141033318
0.0,0.14401199579667134
1.0,0.1466364013570176
0.0,0.16201210234405772
1.0,0.177602062004253
1.0,0.14006488663925343
0.0,0.2842782299990535
1.0,0.15109135636671256
1.0,0.12403703851123782
1.0,0.22217037733397693
1.0,0.14120868212715976
1.0,0.1341934916836529
1.0,0.1513831637598827
0.0,0.19159273178667036
0.0,0.9575122443059265
1.0,0.17685733700426054
1.0,0.1361593066260901
1.0,0.1401899040529455
0.0,0.7962002358313709
0.0,0.7978083045679982
1.0,0.11278789204549833
1.0,0.15009694773361792
0.0,0.3361451350694692
1.0,0.12675987369549335
1.0,0.1561739470464616
0.0,0.2669382061462602
1.0,0.11707784928312592
1.0,0.20069593337658864
1.0,0.15189581548079945
0.0,0.3642484332998903
0.0,0.1837417675719326
1.0,0.16221410687909754
1.0,0.13871274193776495
1.0,0.14801687445255352
1.0,0.1267769373819838
1.0,0.27555121289295126
1.0,0.2698803510338549
1.0,0.14794011959113873
1.0,0.24339788990558353
1.0,0.2612266689561207
0.0,0.12565807354061798
1.0,0.1407356600384434
1.0,0.31365937163840496
1.0,0.26186982290896144
1.0,0.1325766941760913
1.0,0.15823014262312352
1.0,0.19518301570790075
0.0,0.7682402140332665
1.0,0.14241450987555437
1.0,0.14314591303702906
1.0,0.14496982934259117
1.0,0.13518056365776476
1.0,0.13674776564067992
1.0,0.16623971920875946
0.0,0.14280486586824015
1.0,0.1458301285093616
1.0,0.19631550238781748
1.0,0.14667389566635303
0.0,0.1820092704205818
1.0,0.1940080548231945
1.0,0.16596087109192192
1.0,0.15123367600429394
1.0,0.1448530769592834
1.0,0.1279296778303184
1.0,0.176279631025124
1.0,0.1614361801792178
1.0,0.15200091940220772
1.0,0.1456475428998778
0.0,0.20087616818323228
1.0,0.1700742897062879
1.0,0.16512571146062005
0.0,0.12689933298624456
0.0,0.16706324817493945
1.0,0.18369645332322004
1.0,0.17460406107936577
0.0,0.24133824363670253
1.0,0.134536887857848
1.0,0.11640465364636798
0.0,0.2034342488543298
1.0,0.15938683530466413
1.0,0.14643825936392585
1.0,0.23911254066591459
1.0,0.13310576895017334
1.0,0.11709422234331246
1.0,0.13930530316349687
1.0,0.15078063116938
1.0,0.16066126141871073
0.0,0.17443325132533471
1.0,0.15433738281833453
1.0,0.15575094532787082
1.0,0.1405328348281556
1.0,0.23448547395539165
1.0,0.18981644704092338
1.0,0.15853158642239695
1.0,0.16237199799653945
1.0,0.15138954590264586
1.0,0.149500331207441
1.0,0.4617312776173643
1.0,0.1421986316534688
1.0,0.1220652004032392
0.0,0.1476073002386875
1.0,0.1707730404777379
1.0,0.17299945074142664
1.0,0.21178001764606658
0.0,0.14703263105026343
1.0,0.15867510948446484
1.0,0.15991579606146866
1.0,0.13028260438997918
1.0,0.13312486207429108
1.0,0.1185202432516167
0.0,0.13159355176018106
1.0,0.1596247935841133
1.0,0.2151565263678984
1.0,0.14407665121297353
1.0,0.12836758250313263
1.0,0.24896087731269267
1.0,0.12351612018503366
1.0,0.15417664289203392
1.0,0.17667947807840634
1.0,0.3060930353143413
1.0,0.15622041331027203
0.0,0.7405496851466642
1.0,0.16621217929493337
1.0,0.1807116504650068
1.0,0.26290195578862563
1.0,0.12826246248162432
0.0,0.13198220216953738
1.0,0.19943567951288255
0.0,0.23315347533803576
0.0,0.7768412419154253
0.0,0.19301478441213626
1.0,0.1627194498454394
1.0,0.563847325846027
1.0,0.20446426286258257
1.0,0.16381044525277388
1.0,0.12504655903546769
1.0,0.19877624493913426
1.0,0.14122177859844787
1.0,0.1326529239324894
1.0,0.1540380163404681
0.0,0.3112384847410328
1.0,0.13019152898838793
1.0,0.17706671103761418
0.0,0.14370583808897197
0.0,0.18554315378297248
1.0,0.13585526723670516
1.0,0.29843211778197465
0.0,0.1304034078453954
1.0,0.1477600854826725
1.0,0.13470820689430796
1.0,0.17797425559259372
1.0,0.12642994365133542
1.0,0.1603846008769202
0.0,0.15401160475149112
0.0,0.14788805503639624
1.0,0.12556426105906837
1.0,0.1417059892714958
1.0,0.6483813088780883
1.0,0.35467967804232925
0.0,0.1426144879714526
0.0,0.13292298887060572
1.0,0.23871089894303943
0.0,0.8015844121988408
1.0,0.15530811761912278
1.0,0.621722482984891
1.0,0.1438118312167458
1.0,0.15191336695421387
1.0,0.1333361096743133
1.0,0.1266064053146212
0.0,0.1733053616064404
1.0,0.13207383302215903
1.0,0.16226125311951234
1.0,0.17604526442805213
1.0,0.11241521628288798
1.0,0.13490426958792856
0.0,0.15058723659709516
0.0,0.13663338186919283
1.0,0.2270753878737024
1.0,0.13608809686574264
0.0,0.553062948042907
1.0,0.15957497669339882
1.0,0.1404549462212763
1.0,0.13237591222920375
1.0,0.1313259931310632
1.0,0.23407478746798638
1.0,0.12901750114752097
1.0,0.1727264838193261
1.0,0.2156415534215459
1.0,0.13523937798404262
1.0,0.9965595169804387
1.0,0.13793585639377537
1.0,0.15715605229935736
1.0,0.1397800852076394
1.0,0.15170770820340762
1.0,0.42446601305566267
1.0,0.1583483108453122
1.0,0.1415532877933383
0.0,0.12877585061984687
0.0,0.6675540995327621
1.0,0.6654377638962676
1.0,0.12523117995232225
1.0,0.20508789986481146
1.0,0.14197643857258657
1.0,0.1405637898506512
1.0,0.12993116008780325
1.0,0.2961461003923369
1.0,0.14045868175544796
1.0,0.20117272805110387
0.0,0.17260456498685117
1.0,0.16210920256852646
1.0,0.1437229577409762
1.0,0.14057934370575387
1.0,0.13071171744854226
1.0,0.19931929555919436
1.0,0.13191927699854988
1.0,0.13335111856783188
1.0,0.1648471370999841
1.0,0.13142698222368288
1.0,0.1618864251281359
0.0,0.14319566489415758
1.0,0.2742681026665025
1.0,0.12256249508711115
1.0,0.21685020766480945
1.0,0.21298715953089853
1.0,0.13549371799256715
1.0,0.14807834678198117
1.0,0.13020519010640041
1.0,0.20483284724534412
1.0,0.12857058456272863
1.0,0.2227802332990192
1.0,0.36931350040350086
1.0,0.1732450137786311
1.0,0.12643654651383152
1.0,0.14675002177319274
0.0,0.14147643869518434
1.0,0.14545753225126656
0.0,0.15561020439322104
0.0,0.19442753809303281
0.0,0.22815347892450533
1.0,0.15068319903270866
0.0,0.871659453845989
1.0,0.35572709614980136
1.0,0.16241980339432371
1.0,0.14834979294128003
1.0,0.14068934830730795
1.0,0.16193970085030196
1.0,0.135274832314786
0.0,0.2878198415818588
1.0,0.1492243902140845
1.0,0.19460123679978603
1.0,0.11908420817798826
0.0,0.8913216535694237
1.0,0.13170053105790058
1.0,0.1678792922662613
1.0,0.16599537291325017
1.0,0.21615215668639742
0.0,0.12135267905193547
1.0,0.12575266872816282
1.0,0.14349755371266182
1.0,0.24001165215504328
1.0,0.11300685206805783
1.0,0.132991560645623
1.0,0.16627258376380283
1.0,0.13988711121498032
0.0,0.1304356378835071
1.0,0.17232293918868635
1.0,0.13789900142482248
1.0,0.14958598560961467
1.0,0.12073251389498563
0.0,0.23136692514497825
1.0,0.13149981810711464
1.0,0.14417141400641076
1.0,0.16040109397862812
1.0,0.12097757196211456
1.0,0.1324279856624726
0.0,0.18772121669921327
1.0,0.15514617635791428
1.0,0.23665513692952422
1.0,0.16846445251351716
1.0,0.13422387912121403
1.0,0.1385114684687897
1.0,0.24884191538653055
0.0,0.1778778302496119
1.0,0.13664257388337497
1.0,0.12938857753025867
1.0,0.16663319019656375
1.0,0.15807058393883888
1.0,0.14395242551293108
1.0,0.18960732213643505
1.0,0.18302616754063505
0.0,0.6693667789730968
0.0,0.13242450891870738
1.0,0.165739361636283
1.0,0.13372723996656755
1.0,0.14467305355622262
1.0,0.17418682454277057
1.0,0.24139593794547187
1.0,0.165549432844318
0.0,0.1463566396567919
1.0,0.15347558946499007
1.0,0.1389267448036826
1.0,0.204045191297071
1.0,0.19293886683037198
1.0,0.1525522262617206
1.0,0.2556955430328126
1.0,0.14689566757347572
1.0,0.20910138868423456
1.0,0.12989429187000923
1.0,0.1191882705069115
1.0,0.16930452708981425
1.0,0.12538838755710957
0.0,0.33690778411118105
1.0,0.1929996771790604
1.0,0.2107303257159071
1.0,0.19206654343864737
0.0,0.11921004662436718
1.0,0.154193287185324
1.0,0.1356233514042724
1.0,0.15761725645455638
0.0,0.13754657913469703
1.0,0.23269098336478977
1.0,0.2236548431711437
1.0,0.19621260799654572
1.0,0.14365209088026498
1.0,0.13022750481577072
1.0,0.14216919562352148
1.0,0.266760684027639
1.0,0.2766466102098447
1.0,0.2176790575406562
1.0,0.1271573496442029
0.0,0.13096463961501914
0.0,0.1623242450131972
0.0,0.20857560778680317
0.0,0.12736229598575388
1.0,0.1528825515377792
1.0,0.1315102370273683
1.0,0.18161233758562845
0.0,0.21215820887287162
1.0,0.1560285767473245
1.0,0.15121120225333617
1.0,0.17860585267037765
0.0,0.12861606279882265
1.0,0.155562244581821
1.0,0.3460146219040904
1.0,0.11795240905397153
1.0,0.19082515739327177
1.0,0.1392253637544265
1.0,0.16736225025704987
1.0,0.1700398271488055
1.0,0.17432738412698845
1.0,0.14740584000187384
0.0,0.13415014543816361
1.0,0.12190154024735078
1.0,0.1771605148780926
1.0,0.20465176695424503
1.0,0.1808097708553702
0.0,0.15622889779320626
1.0,0.14799994079594725
1.0,0.14442036882032605
1.0,0.12359147175235785
1.0,0.1859550235912496
1.0,0.12596851966063516
1.0,0.1606304184453482
1.0,0.11996617576712543
1.0,0.20702128552997234
1.0,0.16179272684216328
1.0,0.22860143364412955
1.0,0.1551271729916327
1.0,0.17936403473459395
0.0,0.20577161120428167
0.0,0.6004068138153325
1.0,0.33151934427531116
1.0,0.13346166597551568
0.0,0.756616797211926
1.0,0.17895022238856972
1.0,0.1964980529604513
1.0,0.182970498918133
0.0,0.20208687389813174
1.0,0.1359293493369137
1.0,0.13950443611169117
1.0,0.14704349368685776
1.0,0.12631023421566734
1.0,0.18034702613345877
1.0,0.16895870417457737
0.0,0.22987698675886092
1.0,0.12511823768323216
1.0,0.15810945908194107
1.0,0.13419289040057814
1.0,0.12850959385019878
1.0,0.12277783506385576
1.0,0.24795641193340368
1.0,0.2641766910037272
1.0,0.12777085970316404
1.0,0.14554740610356898
1.0,0.13345983695892294
1.0,0.12949180394888649
1.0,0.14984320309422972
1.0,0.14373598653612596
1.0,0.14392454069885607
1.0,0.16337705464410446
0.0,0.15211868227431768
1.0,0.1187955684386619
1.0,0.26344784137473043
1.0,0.14106301446700054
0.0,0.23974808609548304
1.0,0.13990681566037422
1.0,0.18142264020434473
1.0,0.13195912032188062
1.0,0.15979045487131294
1.0,0.14456452655591967
0.0,0.1427302593280425
0.0,0.1740604151211912
1.0,0.21792001889727008
1.0,0.14105972729019367
1.0,0.14286076325638308
1.0,0.1662213539424574
1.0,0.1747497911227034
1.0,0.16846477775281388
1.0,0.1220258013108011
1.0,0.2509283713185485
1.0,0.17728418036035642
1.0,0.11850287932818937
1.0,0.14723549121880153
1.0,0.12201804791603943
1.0,0.1176755424636009
1.0,0.178410123378122
1.0,0.23409959052975493
1.0,0.16285129481858662
1.0,0.18972674567893266
0.0,0.2771103707664728
0.0,0.1594876121504818
1.0,0.14628530132968576
1.0,0.15238900845912073
1.0,0.21534250207733563
0.0,0.19815948149824614
1.0,0.13502717072446202
1.0,0.11471793501191829
1.0,0.16614058740134208
1.0,0.15066195456239484
1.0,0.1370793428770567
1.0,0.17756516874049255
1.0,0.1428096440376354
1.0,0.16134872692973856
1.0,0.11937646039091498
1.0,0.20873365977675018
0.0,0.1298485619126567
0.0,0.13627994064799676
1.0,0.17272844231142892
0.0,0.23872057628851917
1.0,0.17078755362223674
0.0,0.7736858447035301
1.0,0.12553586911165193
1.0,0.19970047185817064
1.0,0.2081831116314371
1.0,0.2626750835322055
1.0,0.159307758884905
1.0,0.2109120113753109
1.0,0.23384434171541457
1.0,0.18301178643705152
1.0,0.2076035981440063
1.0,0.12895401164855336
0.0,0.19662435206788065
1.0,0.12969923783672965
1.0,0.1355173339155722
1.0,0.14333299064941496
1.0,0.1266260465401473
0.0,0.1348302662025136
1.0,0.14369604817506199
0.0,0.1730002333533236
0.0,0.1727805119404051
0.0,0.9132372869958335
1.0,0.11029819585949852
1.0,0.13993519378391006
1.0,0.13029060388934266
1.0,0.19065244868138587
1.0,0.5782525371084698
0.0,0.1441441679969202
1.0,0.14947645495256245
0.0,0.13519328701225886
1.0,0.15425886851418225
1.0,0.42660736721491443
1.0,0.2592286835392815
1.0,0.13614849623280956
1.0,0.13426122856245304
1.0,0.16936236949392158
0.0,0.17803455147292968
0.0,0.18107244625221397
1.0,0.1521199825377847
1.0,0.14043669633301648
1.0,0.26733152400641735
0.0,0.13845061568758965
0.0,0.7887257233418165
1.0,0.20129962458275097
1.0,0.18216035841035405
1.0,0.1670941063642597
1.0,0.1746954153856365
1.0,0.25900018512343304
1.0,0.5911293344020323
1.0,0.12385061193778091
0.0,0.18714731553800867
1.0,0.151158963284733
1.0,0.11976487128783775
1.0,0.1594957846114462
1.0,0.26992811804107
0.0,0.24618328930164257
1.0,0.16301715128134564
1.0,0.29841206769500517
1.0,0.12533699942442555
1.0,0.1714891644717499
1.0,0.1481162986229615
1.0,0.13223068581193842
0.0,0.18813637778269654
1.0,0.1841773477596309
1.0,0.13934765319834752
1.0,0.24356653712982357
0.0,0.15172373710704667
1.0,0.1819201427473276
1.0,0.13547355807620387
1.0,0.7124779535251283
1.0,0.2340205276889138
1.0,0.12222102264760404
1.0,0.13517669020919965
1.0,0.14437878351551814
1.0,0.20348142966199545
1.0,0.14853849847191658
0.0,0.1404525685916509
1.0,0.12928753295699325
1.0,0.18858950896823812
1.0,0.1335867841802777
0.0,0.9045779729747444
1.0,0.16986840341385157
1.0,0.14537712866344787
1.0,0.1099965012991182
0.0,0.7594619474054434
1.0,0.14640155639467367
1.0,0.19142691129823275
1.0,0.13412043961540454
1.0,0.15646730044287538
1.0,0.11937970706047818
0.0,0.12555137208553457
1.0,0.12132187097264935
1.0,0.19608804972177796
1.0,0.21856526029619006
1.0,0.1855736519833585
1.0,0.17698902001747885
1.0,0.5643604980028492
1.0,0.15144410930691354
1.0,0.15211884969357248
1.0,0.13242459872705536
0.0,0.30835499627327057
0.0,0.14216856113305398
0.0,0.22321831253594293
1.0,0.11163712756699151
1.0,0.1858662571307067
0.0,0.1630636612948333
1.0,0.11989955589465262
1.0,0.20980880396312052
1.0,0.2865049682375742
0.0,0.21202116183877362
1.0,0.17398737048299984
0.0,0.4004010007061197
1.0,0.13006411723328182
1.0,0.17833566522209476
1.0,0.13170363544663521
1.0,0.13278963803086885
0.0,0.7166271660547525
1.0,0.12581051166168855
0.0,0.25440992523028383
1.0,0.13900651039757406
1.0,0.2706463182963923
1.0,0.12848437407853774
0.0,0.23789537188409027
1.0,0.14512374102019954
1.0,0.12772583891273726
0.0,0.7054654348139758
1.0,0.152269890300606
1.0,0.1729581555123576
1.0,0.12603338667746344
1.0,0.10671151365466214
1.0,0.14565858407354537
1.0,0.5710029015661784
1.0,0.12641932045548676
1.0,0.13674918235727307
1.0,0.125205319927723
1.0,0.14123270966313983
1.0,0.15825799946146557
1.0,0.1352064494459626
1.0,0.1930908808336469
1.0,0.13886195043393257
1.0,0.16759311147730593
1.0,0.13852564789966704
1.0,0.21017289882003465
0.0,0.195167310325987
1.0,0.1491185080124745
0.0,0.2136609938395524
1.0,0.14090287110203725
1.0,0.12154419698927932
1.0,0.1303847171409377
0.0,0.7694292445386649
1.0,0.17386399204061354
1.0,0.14674831758088924
1.0,0.1676213482675304
0.0,0.13047443970661954
1.0,0.1646640047014395
1.0,0.17032469575471987
1.0,0.1380795992188496
1.0,0.15171350857165444
1.0,0.1733053616064404
0.0,0.12070882787197779
1.0,0.15992669243585278
1.0,0.11540949327808137
1.0,0.18379609770511196
1.0,0.1390877252674585
1.0,0.11592862824723926
1.0,0.11964018008961796
1.0,0.23231428431793766
1.0,0.21850331277385304
1.0,0.15810495739559538
0.0,0.14017441731430236
1.0,0.1496065502516245
1.0,0.13467771987541233
1.0,0.44058447706347525
1.0,0.10678037561603371
1.0,0.25914794346019465
0.0,0.13012194285131484
1.0,0.11762683220996473
1.0,0.14886194834667343
1.0,0.12996902271235045
0.0,0.2670578800915612
1.0,0.4888344883993784
1.0,0.1509775259281605
0.0,0.14249001807234507
1.0,0.16940328168117713
0.0,0.5368057633213948
1.0,0.1233655083360885
0.0,0.15143491062432846
1.0,0.16552914396636775
1.0,0.13130119738287505
0.0,0.16550149058355745
0.0,0.6836156339133657
1.0,0.19394672248714961
0.0,0.1451373315009752
1.0,0.2043683582088709
1.0,0.14470675700642532
0.0,0.21166158809822722
1.0,0.16558485852123217
1.0,0.15150896181968987
1.0,0.13213378463364833
1.0,0.21366865826201797
1.0,0.13809011057308385
1.0,0.15565108615014012
1.0,0.1359302193837083
1.0,0.15548839994790364
1.0,0.2079193928992713
1.0,0.21473901161922715
1.0,0.12430983558693132
0.0,0.49360838015999264
1.0,0.13306480650305608
1.0,0.13139365395623326
1.0,0.12777668324069902
0.0,0.14301287966123577
0.0,0.15539488098407384
1.0,0.12168032803906725
0.0,0.141767421969617
0.0,0.8041643508490937
1.0,0.18530606970450414
1.0,0.19763391121135188
1.0,0.19293270529285678
0.0,0.1309541962326719
0.0,0.6044553356811366
1.0,0.22233970794136848
0.0,0.1997923659066998
1.0,0.17606180252568526
0.0,0.13322558791855632
1.0,0.1663868456068388
1.0,0.2252965008951603
1.0,0.14976541967327595
0.0,0.18767372810219896
1.0,0.11273674240713139
1.0,0.15433697156483517
1.0,0.3297315036596905
1.0,0.130867477785108
1.0,0.14839675252504503
1.0,0.11712731220209016
1.0,0.1573610321016229
1.0,0.17447402356214659
1.0,0.11775819421671208
0.0,0.8415193306963535
1.0,0.16797484769473459
1.0,0.1785763114687512
1.0,0.1470461222277787
1.0,0.12788297832064044
1.0,0.20549069843655965
1.0,0.16310739427745735
1.0,0.13445434546958868
1.0,0.12967016171534873
1.0,0.11629383206468091
1.0,0.23087413759872244
0.0,0.72096593763185
1.0,0.1813429152388275
1.0,0.1736194378037037
1.0,0.12143826412545666
0.0,0.16317845776304618
1.0,0.1840108154697021
0.0,0.8172767762170067
1.0,0.14880703606315715
1.0,0.1448402400946983
1.0,0.14660050280684422
1.0,0.12672338731334254
1.0,0.1272918778278539
0.0,0.1099865140257128
1.0,0.1715849887951646
0.0,0.7870683853723868
1.0,0.22215756714257773
1.0,0.3126630279421899
1.0,0.19643258751668047
1.0,0.1696120792659742
1.0,0.22039541490302328
1.0,0.14118864795344166
1.0,0.1648777347103182
1.0,0.1579963458745418
1.0,0.2578504888672445
1.0,0.14674831758088924
0.0,0.20529751919933337
1.0,0.15982436486032092
1.0,0.2562903828988602
1.0,0.14125951390331504
0.0,0.14601566871791982
1.0,0.19569936098485374
1.0,0.17188965681829316
1.0,0.1594003695024282
0.0,0.7620029694839177
0.0,0.6835319698870858
1.0,0.15496853327761662
0.0,0.1434069183618315
0.0,0.13780932810629842
1.0,0.11874544293311085
1.0,0.16638281012320155
0.0,0.15009983139132288
0.0,0.13971484781074528
1.0,0.14256680403745314
1.0,0.24673979332088292
1.0,0.13037523504283977
1.0,0.11847348904694133
1.0,0.16515996211766693
1.0,0.42217947095264863
0.0,0.15659437978290824
1.0,0.19893800446584053
1.0,0.1504812794848196
1.0,0.19500907378586008
1.0,0.16599078324521666
1.0,0.17879509887601597
1.0,0.20119945741507272
1.0,0.12152015116402526
0.0,0.1279885429239882
1.0,0.13078226400509152
1.0,0.11528324572660109
0.0,0.19657430718470426
1.0,0.14674619384966958
1.0,0.6565306266626824
1.0,0.25574754863878935
1.0,0.13877784508604685
1.0,0.14975121049091977
1.0,0.14161281174882367
0.0,0.2611487079732291
1.0,0.1539363042375188
1.0,0.1395109186860437
0.0,0.18978633235778097
1.0,0.13173528681457725
1.0,0.1593127244262077
1.0,0.1888884257724316
0.0,0.7463233323584081
1.0,0.13451695015510623
0.0,0.13107716790854151
1.0,0.20168272865120906
0.0,0.13532101443030609
1.0,0.16234207181491733
1.0,0.13714558536614085
1.0,0.18145128637974006
1.0,0.21019417527599393
1.0,0.6303622217710616
1.0,0.2940831284544373
1.0,0.15484110488953962
1.0,0.14127434435462383
1.0,0.13493953238269274
1.0,0.1735370235305682
1.0,0.13087659202420032
0.0,0.18220704768279927
1.0,0.31802614868185997
1.0,0.12910625169403278
1.0,0.17707149162081448
1.0,0.11172100227011517
1.0,0.11195008846268739
1.0,0.1916433098818513
0.0,0.2988423300420556
1.0,0.14659824355184736
0.0,0.1350547216434964
1.0,0.12978571333896594
1.0,0.12163031493337573
0.0,0.21283201990265188
1.0,0.22719615779439828
0.0,0.5860511208303276
1.0,0.14857319050540163
1.0,0.14001995593569594
0.0,0.1288824412770141
1.0,0.13430748962344297
1.0,0.11268159189398996
1.0,0.16445608788467547
1.0,0.12807084327283647
1.0,0.2128351378315867
0.0,0.21660233285730845
1.0,0.13525814871914332
1.0,0.15361441019821287
0.0,0.12538684050587878
0.0,0.15196240740372724
0.0,0.7038165483059744
1.0,0.15036404077293564
1.0,0.16331556982847995
1.0,0.15951393442786121
1.0,0.11883818907679711
1.0,0.11914138095523119
1.0,0.17915685154109573
0.0,0.9587521464467238
1.0,0.13691072646081526
1.0,0.14867684016107818
1.0,0.204198760938484
1.0,0.13032300523823748
1.0,0.12576149614143217
1.0,0.12843411206756228
1.0,0.17821597731330896
0.0,0.11424940349858481
1.0,0.15056715132267673
1.0,0.11916809739602774
0.0,0.8143236256889496
1.0,0.1209826481292462
1.0,0.18594719638291735
1.0,0.131721532862088
1.0,0.15485040903633884
1.0,0.12465168104135504
1.0,0.1227538072747062
1.0,0.16899999285730705
0.0,0.85760731850322
1.0,0.2535327028924952
1.0,0.14367280101375846
0.0,0.16603144708970197
1.0,0.1457756914818228
0.0,0.6953498512265931
1.0,0.16119611196908157
1.0,0.15486050057399114
1.0,0.15613556105799842
0.0,0.292516903653829
1.0,0.13154476567645945
1.0,0.13887624809387222
1.0,0.1386087491497141
1.0,0.16064606537957504
1.0,0.6198988311830655
1.0,0.14961111735214805
1.0,0.12932163290076626
1.0,0.13449061075085988
1.0,0.12334159119008103
1.0,0.12217950771858621
1.0,0.16148057759032253
1.0,0.15378269481484408
1.0,0.23185958427829323
1.0,0.1822700822113733
1.0,0.14489517121960338
1.0,0.15707804245329793
1.0,0.14098659550805037
1.0,0.655433243785394
1.0,0.20732272584963796
1.0,0.13576325553938018
1.0,0.15918852601953282
0.0,0.23568538654897508
1.0,0.2150722722922761
1.0,0.14809879365945666
1.0,0.12837840939659828
1.0,0.116864645208276
1.0,0.15482609780355017
1.0,0.14047808868159306
1.0,0.20225973655668206
0.0,0.40358813550392536
0.0,0.13991085067888953
1.0,0.11843539564755223
0.0,0.13937823126402493
1.0,0.12294948807438533
1.0,0.23586880114535091
1.0,0.24780346388314167
0.0,0.8442607744571929
1.0,0.1608122693026387
1.0,0.12924414965485997
1.0,0.15365465173392545
0.0,0.2511595352456856
1.0,0.305195201178466
0.0,0.721438941824402
1.0,0.15562225822141784
1.0,0.14591483482258627
1.0,0.14907099874421048
0.0,0.7052613365359668
1.0,0.19037239740595613
0.0,0.6136235355995335
1.0,0.12135356237954775
1.0,0.16744175425276397
1.0,0.12167238497497401
0.0,0.7153301952113007
0.0,0.662097410876388
1.0,0.18475869572484738
1.0,0.1233776618216108
0.0,0.5497404254587452
1.0,0.32848034591323794
1.0,0.12687494035495162
1.0,0.2927646343964786
0.0,0.7979457445919422
1.0,0.1409358352692417
1.0,0.13628473434659172
1.0,0.20418265517311673
1.0,0.1556132478163963
1.0,0.1473176889751081
1.0,0.1141010334669521
1.0,0.12656891963092032
1.0,0.18437874316923353
1.0,0.12435964522993115
1.0,0.21423646485858172
1.0,0.11405884246235554
1.0,0.1418287442237548
1.0,0.11704912680602675
1.0,0.15308351387332653
1.0,0.15236237328993063
1.0,0.13656039576191326
1.0,0.13544966429716065
1.0,0.21505812345805908
0.0,0.12276900416355185
1.0,0.1341075605306603
0.0,0.24069810166983951
1.0,0.16768666058448245
0.0,0.6546398451965099
1.0,0.13442349601052395
0.0,0.6260143365032341
1.0,0.25098832424788287
1.0,0.1335551746976158
1.0,0.13003689440470156
1.0,0.12807405357061885
0.0,0.12966821186401722
1.0,0.21624414779169576
0.0,0.18731540560355986
0.0,0.23560130568138948
0.0,0.24878145213439595
1.0,0.12938191084307915
1.0,0.21941050605406243
1.0,0.141091703434012
1.0,0.15334776856640975
1.0,0.17220714510811985
1.0,0.1464716224475635
1.0,0.6393458087138257
1.0,0.1315085241560574
1.0,0.22462783529689245
1.0,0.11509042823299931
1.0,0.14047757709109066
1.0,0.1733053616064404
0.0,0.17070215338889116
1.0,0.15127479879423344
1.0,0.268529361162957
1.0,0.14578316520301704
0.0,0.9330878918790245
1.0,0.12642599990289594
1.0,0.18453730753134834
1.0,0.12992980337432403
1.0,0.1804114860970335
1.0,0.2240639351414606
1.0,0.1974720696465233
1.0,0.1924512383437036
0.0,0.6208551614839815
1.0,0.1300846430208057
0.0,0.1666458472055079
0.0,0.8007681321955633
1.0,0.19930806214433794
0.0,0.5964635688145437
0.0,0.7104340241695466
1.0,0.17430781255757877
1.0,0.13124323840621854
1.0,0.19613052926154495
1.0,0.2234232832968971
1.0,0.17175692730936343
1.0,0.1350952727219893
1.0,0.20755349505280818
1.0,0.17179106225477325
1.0,0.7484762622007642
1.0,0.17180016375234164
1.0,0.14381428134638652
1.0,0.19800529488051266
1.0,0.14932249801794495
0.0,0.24253858140608686
1.0,0.1870491738151432
1.0,0.1656454015484612
1.0,0.12297351734956452
0.0,0.32800067215607465
1.0,0.1255746177465793
1.0,0.12788923657987927
0.0,0.6695494750217169
1.0,0.22524046794728314
1.0,0.1788786526833498
1.0,0.14635060111001297
0.0,0.5648741682838623
1.0,0.2670277998885954
0.0,0.22371959943846476
1.0,0.12598831488803197
1.0,0.18090616507120205
1.0,0.12461966319988405
0.0,0.7143715580289267
1.0,0.16873516963424784
0.0,0.1184136213925766
1.0,0.2396933418552175
1.0,0.1745204946201373
1.0,0.12126166729500909
1.0,0.14309195103160066
0.0,0.18301493443603944
0.0,0.8730254150068978
1.0,0.14537604062236642
1.0,0.1866269424406416
1.0,0.1671077455922504
1.0,0.13770965181667938
1.0,0.13131688680691
1.0,0.23638961300299222
1.0,0.13433644336395834
1.0,0.11381965873449329
1.0,0.1408836636886519
1.0,0.11686180225246656
1.0,0.12938385112413608
0.0,0.6516762906041669
0.0,0.8487939421997948
1.0,0.15607970883527045
1.0,0.18673633495423314
1.0,0.1318083833052468
1.0,0.14587376137001584
1.0,0.2864790875434222
1.0,0.1670309999326839
1.0,0.151385902267533
1.0,0.1276294572658241
0.0,0.17439482753316982
1.0,0.1364976347231155
1.0,0.1708814643494353
1.0,0.15808942647024737
1.0,0.1254491285418613
1.0,0.16091121141920484
1.0,0.2426729174381692
0.0,0.7991824974292623
0.0,0.2870851462094194
1.0,0.19780117490512594
1.0,0.15495292358906476
0.0,0.1680138752123307
1.0,0.1915326334401084
1.0,0.1306186063035749
1.0,0.1706093908798857
1.0,0.1528743987451443
1.0,0.15575619412841013
0.0,0.11347862802626418
1.0,0.16317912654354116
1.0,0.15589746492143097
1.0,0.1312879409994705
1.0,0.18974883330123715
1.0,0.22937943001190997
1.0,0.14970203135381688
1.0,0.16721149582119677
1.0,0.13863723512597115
1.0,0.15872256712695287
0.0,0.1468663514061579
1.0,0.1733053616064404
1.0,0.1482467488437893
1.0,0.1233790350700823
1.0,0.13922017728024394
1.0,0.14971864493378384
1.0,0.25454584295000193
1.0,0.14595759194866853
1.0,0.16653021508826438
1.0,0.13072443022667657
0.0,0.11649881000412898
1.0,0.13041810306944446
1.0,0.14966870489150275
1.0,0.30942889921598926
1.0,0.23623376629111037
1.0,0.16176969144735986
1.0,0.17400357546296896
0.0,0.13374660063614385
1.0,0.1612827028706142
1.0,0.12291485706092709
1.0,0.15726956219638533
1.0,0.18372094695460295
1.0,0.11692691320513515
1.0,0.12755518295752366
1.0,0.17434690217569193
1.0,0.2507528224723896
1.0,0.1560004876181147
1.0,0.14957189406883387
0.0,0.7417219273866922
1.0,0.17766330422155419
1.0,0.1798484887289752
1.0,0.1758563095451997
0.0,0.1663986092831432
1.0,0.1463274397201545
1.0,0.17240451654607414
1.0,0.1613816852408123
0.0,0.6766983995775362
1.0,0.11694574621369025
0.0,0.1596769616769953
1.0,0.5408607678033069
1.0,0.1391730421973555
1.0,0.1565598727365085
1.0,0.199264970601152
1.0,0.14493667372396835
1.0,0.1284511000005396
1.0,0.15153803255697784
1.0,0.15718508126704078
0.0,0.18729763710746017
0.0,0.1178499889363327
1.0,0.11785403173281106
1.0,0.1655217173296647
0.0,0.6503615242407892
1.0,0.17472111191732687
1.0,0.3190969023097452
1.0,0.11254833527669617
1.0,0.22800783634981148
1.0,0.14463363578539834
1.0,0.13886983626656113
1.0,0.15169426852022017
1.0,0.18982454243808855
1.0,0.1338381787527132
1.0,0.1428746490695314
1.0,0.143691579389154
1.0,0.24085262951278696
0.0,0.16691113536825886
0.0,0.5579090913926483
1.0,0.1841117747039387
1.0,0.5560182527072476
1.0,0.25324658630722485
0.0,0.17524407383352003
1.0,0.12184785792969643
1.0,0.13549856857783837
0.0,0.8096607550482064
1.0,0.17782397317510368
1.0,0.3496505775416221
1.0,0.16948915580489188
1.0,0.16676207313999347
1.0,0.2007859684638985
1.0,0.13517018580167495
0.0,0.7690752593947111
1.0,0.11459882738859994
1.0,0.17598165477238892
1.0,0.14144144902643563
1.0,0.14580075684511218
0.0,0.12476577535426014
1.0,0.21673780363075057
0.0,0.13296694878141813
0.0,0.18030624972066356
1.0,0.1466984014481003
0.0,0.1254369086786018
1.0,0.13500986852311692
1.0,0.16776017342133842
1.0,0.13846833693450122
1.0,0.1998590558015031
1.0,0.1310631163757403
1.0,0.11801347667677897
1.0,0.146118739250654
0.0,0.7824512032229044
1.0,0.2978972740437572
1.0,0.19994163913718888
1.0,0.12427729879239735
1.0,0.15132070165998357
0.0,0.21783190154865106
1.0,0.1542290515878766
1.0,0.11634873643191823
0.0,0.20617543845891162
1.0,0.16083087091785142
1.0,0.13909689740928832
1.0,0.1627230352275404
1.0,0.14582871341760273
1.0,0.15553766922626788
1.0,0.16709360651018312
1.0,0.16020007685101878
1.0,0.1252218385648769
1.0,0.12050419964416004
0.0,0.11461439534432716
0.0,0.7705360055247561
1.0,0.16932382421317083
1.0,0.15496172026602584
1.0,0.1531791459202373
1.0,0.2240881989422978
1.0,0.15643630756843985
1.0,0.1334761347405361
1.0,0.1878908790995052
1.0,0.11706450430097548
1.0,0.1525073827141512
1.0,0.7459607621671916
1.0,0.13611153095152995
1.0,0.2130860482488638
0.0,0.7062788726177497
1.0,0.14037170042266434
1.0,0.1491944995443567
1.0,0.14589427908117658
0.0,0.5429514850851194
1.0,0.13581821243355718
1.0,0.21785198593728228
1.0,0.28601580779038827
0.0,0.11683565271428986
0.0,0.7743608881072124
1.0,0.1971069444259551
1.0,0.15050260444610442
1.0,0.11765391913377132
0.0,0.24005305780899422
0.0,0.12285341996048404
1.0,0.2605658262773338
0.0,0.13818549863461715
1.0,0.17349299815009667
1.0,0.17193407713669284
1.0,0.14752749663179043
1.0,0.13201164517511554
1.0,0.1730980587097397
0.0,0.23897873376242773
1.0,0.14667611785249024
1.0,0.1524765007671628
1.0,0.1866516790451399
1.0,0.17137958375726492
1.0,0.1311439033419941
1.0,0.14830599014942725
0.0,0.20368745278608114
1.0,0.13946518396279883
1.0,0.2653216412371916
1.0,0.11509843359813188
1.0,0.13407587340671323
1.0,0.1124686962176702
0.0,0.8555884627021525
1.0,0.1388915669788705
1.0,0.13030708472525232
0.0,0.1340895265263905
0.0,0.1850992606408427
1.0,0.4862418367368392
1.0,0.2281168492927732
1.0,0.12530268032353686
1.0,0.13536877990518892
1.0,0.1904501635856305
1.0,0.16690457209505094
1.0,0.20073429531694076
1.0,0.1342518882650542
1.0,0.1425159837004688
0.0,0.13857362795250605
1.0,0.1894216472214988
1.0,0.1448453150510277
1.0,0.8037071210673249
0.0,0.13768941056614603
1.0,0.18681329754610654
1.0,0.1574001947404552
1.0,0.1498364940169653
0.0,0.7655887858373978
1.0,0.19424938942096437
1.0,0.11714764014535384
1.0,0.19633794608668131
1.0,0.11395643042010772
0.0,0.29787742757298674
1.0,0.16310399831213118
1.0,0.19319348009919646
1.0,0.2541640310330582
1.0,0.19151546634010308
1.0,0.13234518332692158
1.0,0.11504128834211713
0.0,0.1772768611840062
1.0,0.15558702263297364
1.0,0.15805780316247275
1.0,0.17706058919323353
0.0,0.23170942805623262
1.0,0.14384317021772974
1.0,0.14284037791081616
1.0,0.13140806433398422
1.0,0.13174159039409794
1.0,0.1345201092833216
1.0,0.1412159918792928
1.0,0.22831771239159881
1.0,0.18891880101170577
0.0,0.1506883013836653
1.0,0.13060236543267945
0.0,0.20261087138037692
1.0,0.12975306719311497
0.0,0.803169346955137
1.0,0.16246450427854575
1.0,0.11060316107503965
1.0,0.2091311611543728
1.0,0.14910654109911614
1.0,0.1635393705804966
1.0,0.15030027262655554
1.0,0.11644197414315793
1.0,0.20930548073237554
1.0,0.1312442815481194
1.0,0.14000938367517868
1.0,0.16512928447892594
0.0,0.1300789513391063
0.0,0.11251126921010646
1.0,0.1564659339132527
1.0,0.13075981485549037
1.0,0.22349976569881636
0.0,0.14004824726014076
1.0,0.1268431757604096
1.0,0.1712030786024592
1.0,0.12931831122877446
0.0,0.15495102708236974
1.0,0.15891865992754228
1.0,0.14990552259097156
1.0,0.2033685565566331
1.0,0.7381874389191928
0.0,0.8425893553360742
1.0,0.13481771556913602
0.0,0.2199140792594274
1.0,0.1229105546147502
1.0,0.17353299707849057
1.0,0.15383678170644088
0.0,0.1565772316200965
1.0,0.14898880583205631
1.0,0.13373778098516964
1.0,0.11723802059520372
1.0,0.1406694459795933
1.0,0.4126770613492322
0.0,0.13834154551842825
1.0,0.2549736833838311
1.0,0.14281482319107985
0.0,0.8712974934113898
1.0,0.13412440359764732
1.0,0.15163359843749513
1.0,0.1708669657125531
0.0,0.1985299147957077
0.0,0.628080880695658
1.0,0.16978015350375997
1.0,0.1411893807037381
1.0,0.135504321967853
0.0,0.6326033667123518
0.0,0.13671612885507523
1.0,0.13318601234894523
1.0,0.14919872288958025
1.0,0.26310055007842215
1.0,0.1485121219164096
1.0,0.2181490867164887
1.0,0.17559093810953474
1.0,0.2543091053885209
1.0,0.16770982240971932
1.0,0.15173553660150108
1.0,0.1474233920685326
1.0,0.1727461933937996
0.0,0.18119608023275646
1.0,0.12836758250313263
1.0,0.12296842179357481
1.0,0.17826877554727572
0.0,0.7239166758078361
0.0,0.3921580988498974
1.0,0.16840179532441946
0.0,0.7872521626173179
1.0,0.1403359119472648
1.0,0.11812319336982469
1.0,0.20345904722206443
1.0,0.12093612592048275
1.0,0.15004022967123676
1.0,0.7979264642145699
1.0,0.13386453119903274
1.0,0.1363895998420056
1.0,0.3625784471323532
1.0,0.16176969144735986
1.0,0.24598181185391554
1.0,0.14602167654465148
0.0,0.3914852513300979
1.0,0.13919143490802088
1.0,0.13520965909509897
0.0,0.16021434005863022
1.0,0.15496717266274163
0.0,0.7552766870836354
1.0,0.14475361531290798
1.0,0.12664016231435538
1.0,0.19288911218425675
1.0,0.20197623023068723
1.0,0.6294581826066836
1.0,0.7106167357690191
1.0,0.1255861957574299
1.0,0.1498179696626698
1.0,0.1504096277444339
1.0,0.1520970820094466
1.0,0.1612195001464447
1.0,0.14767245241778915
1.0,0.1521718710201082
1.0,0.2248335215348074
1.0,0.1611752599179962
1.0,0.14008700509102723
1.0,0.1307765944209195
1.0,0.16999687454937462
1.0,0.2159154679560128
1.0,0.13531869356753978
0.0,0.16065428475185828
0.0,0.8342315099193945
1.0,0.15490706093096207
0.0,0.18447692080299027
1.0,0.13331264530539655
1.0,0.11748355889281592
0.0,0.24123315143876312
1.0,0.17817552535711012
1.0,0.1296946873060797
1.0,0.5189676952654221
1.0,0.21058629946675456
1.0,0.3279824209475898
1.0,0.14143281815616382
1.0,0.22548412450224053
0.0,0.13201275822209424
0.0,0.2213742199020251
1.0,0.17494450799464134
1.0,0.15117412537203223
1.0,0.13132987091625814
1.0,0.11224044563687252
0.0,0.1723025513898866
1.0,0.15435955609069407
1.0,0.26494713126211655
1.0,0.2081188656079772
0.0,0.1710245929099219
1.0,0.20387311293877808
0.0,0.8075507312804155
1.0,0.19066619218650604
1.0,0.14063458507300686
1.0,0.15596756988622917
0.0,0.5841359727296658
1.0,0.12767501908301304
1.0,0.1817492485985479
1.0,0.1571017735122947
1.0,0.15001703479554662
0.0,0.6829694522523675
1.0,0.2801169983699996
1.0,0.07961306743944963
1.0,0.13091825008371205
1.0,0.1670365582797282
0.0,0.1464469869654773
1.0,0.1360050905268313
0.0,0.8166021556618571
0.0,0.1672220895801262
1.0,0.1515581818132382
1.0,0.15945744985506893
1.0,0.18211499908736806
1.0,0.17662819219506642
0.0,0.2867142047141802
1.0,0.16808576130267971
1.0,0.1538756883370197
1.0,0.1341541344549354
1.0,0.12860751305761364
1.0,0.11289508897529787
1.0,0.13905009013655822
1.0,0.11813413155683206
1.0,0.15693459389692477
1.0,0.22704854354070436
1.0,0.11270798580234642
0.0,0.29364662596315605
1.0,0.11138779577219504
1.0,0.11867293817085511
1.0,0.16408274250665267
1.0,0.1467006390776474
1.0,0.1347522188927518
0.0,0.3072033432730318
1.0,0.21018616223594122
0.0,0.15404666304745573
1.0,0.11736475553626513
1.0,0.14606275086528742
0.0,0.16230001915771064
1.0,0.1360832988013525
0.0,0.1798994593337968
1.0,0.2186499934328825
1.0,0.14617421538503994
1.0,0.13803618787946592
1.0,0.1594028202636576
1.0,0.1453013342128524
1.0,0.16509422520236527
0.0,0.7919093606945107
0.0,0.14457304750482036
1.0,0.7542332065659074
1.0,0.13291555616694484
1.0,0.15003012485697964
1.0,0.12312609568520883
1.0,0.1296755290218914
1.0,0.12500880136774473
1.0,0.1385828489074764
1.0,0.14820084248560206
1.0,0.14338715745156483
1.0,0.13455178700102433
1.0,0.13335500211896778
0.0,0.3103645207603064
1.0,0.14445126021187626
1.0,0.1438507402029714
1.0,0.6531131420714631
1.0,0.13283829742548425
1.0,0.1891346636363186
1.0,0.15304909249094167
0.0,0.11915541173746302
1.0,0.15149616515466946
1.0,0.5195300885267284
1.0,0.11855253304963653
1.0,0.13678547941208208
1.0,0.14682558165520954
1.0,0.14594740155559227
0.0,0.16496401737368815
1.0,0.15590565252406074
1.0,0.1401383564596561
1.0,0.19880908470469427
1.0,0.4542161109117514
1.0,0.17016370761907373
1.0,0.16336181459567412
0.0,0.14056329167620762
1.0,0.14765680534123227
1.0,0.16078183863515694
1.0,0.6032386558615307
1.0,0.15694453762352012
1.0,0.1665137317212746
0.0,0.14646160702309574
1.0,0.19033133233140942
1.0,0.12586864029700495
0.0,0.6346042612786449
1.0,0.27949407788963687
0.0,0.6132772948341735
1.0,0.1535777140241168
1.0,0.1302346408945334
1.0,0.14244273736794233
1.0,0.15082216929069592
1.0,0.17279299279375915
1.0,0.16197173422894973
1.0,0.14038641449924605
0.0,0.25504442403660876
1.0,0.13849080096428967
1.0,0.17752021272810237
1.0,0.13216557313729294
1.0,0.16610651255812714
1.0,0.19624828937347183
1.0,0.21172493842155848
1.0,0.3729581108381472
1.0,0.19791278097085374
0.0,0.13790802202753027
0.0,0.870089447107564
1.0,0.1405211148082467
0.0,0.17526925481218392
1.0,0.13449941319401149
1.0,0.190663786964413
1.0,0.23143818223811652
1.0,0.4390379994343322
1.0,0.20025702631177555
0.0,0.17729469666224373
1.0,0.17835271126385344
1.0,0.1729258850989932
1.0,0.11964968357848094
1.0,0.22608955865987623
0.0,0.7132580532347468
1.0,0.3255645252209033
1.0,0.14653209922594712
1.0,0.2467667818941437
1.0,0.2317621555711864
1.0,0.13052288948937274
1.0,0.14950166339215742
1.0,0.15077081567813921
0.0,0.24483264658734816
1.0,0.15683527144862508
1.0,0.111490368086954
1.0,0.13064774792361034
1.0,0.14945454809236403
1.0,0.19242589942246413
0.0,0.1435661387510364
1.0,0.18622678159596706
1.0,0.14511944420918543
1.0,0.1293310354450098
1.0,0.16464233959818286
1.0,0.15164143857581913
1.0,0.17712875457370014
1.0,0.1249440595271808
0.0,0.23797924941105453
1.0,0.6951074799917226
1.0,0.13717623015917313
0.0,0.768751694555487
1.0,0.15014094057539162
1.0,0.18303371894811327
1.0,0.19998430667894807
1.0,0.19853139060755887
0.0,0.14902313482875862
1.0,0.16037411884574182
1.0,0.16319909368158103
0.0,0.6809863591536764
1.0,0.12013932424901319
1.0,0.21062326736896364
1.0,0.1504793259189262
1.0,0.15286267857156433
0.0,0.1309242270370018
1.0,0.19132093883810375
0.0,0.15078614863099293
1.0,0.15524956387912536
0.0,0.18699081454413113
1.0,0.11862933501698136
1.0,0.14422544671592286
1.0,0.2028035439869731
1.0,0.6121640439076285
0.0,0.12628754681865018
1.0,0.19279026250409337
0.0,0.4884819971698092
1.0,0.16087573525871335
0.0,0.1972189196708054
1.0,0.18364215116659133
0.0,0.14426554946687575
1.0,0.16594957240923935
1.0,0.1708958604544194
1.0,0.13626362697346328
1.0,0.1588876544646205
1.0,0.15164905317908461
1.0,0.1699312512832265
1.0,0.126242635780911
1.0,0.17689235650751434
0.0,0.28827424197186313
1.0,0.1512640699201656
0.0,0.25929616943987244
0.0,0.1590285361911311
0.0,0.1543979611703431
1.0,0.13832515238749166
1.0,0.1269259322632572
1.0,0.15300999227697099
1.0,0.21752561209977084
1.0,0.1517067251847105
0.0,0.2942147204969623
1.0,0.1607152020762892
1.0,0.1791165318496537
1.0,0.11907867071167688
1.0,0.17327474373600293
1.0,0.12879035693951446
1.0,0.1363666164294124
1.0,0.15015765140336101
1.0,0.11464100428123614
1.0,0.1782949492528032
1.0,0.13154784341221326
1.0,0.1252255684866057
1.0,0.17552856244327253
0.0,0.8036819179575465
1.0,0.2874985454264223
1.0,0.1343413341898495
1.0,0.1788885488852412
1.0,0.18261946444189348
1.0,0.1300305653400342
1.0,0.14813206324691952
1.0,0.11891668570843261
1.0,0.13570512821558034
1.0,0.17930093821437632
1.0,0.1370769643635299
0.0,0.7390762792876079
1.0,0.21691105973561775
1.0,0.10997706139748209
1.0,0.24843632243475233
1.0,0.27188197199278885
0.0,0.8232425541036117
1.0,0.13436100131712492
0.0,0.21683900894200225
1.0,0.18356075649556858
1.0,0.16683747266489046
1.0,0.17849392471037995
1.0,0.14162513538627552
0.0,0.18485207258525826
1.0,0.19277464976190473
0.0,0.1592700697309296
1.0,0.1673067197482434
0.0,0.14634072840261847
0.0,0.1511885094252624
1.0,0.14538921787372971
1.0,0.16646169322410564
1.0,0.22500047157730885
1.0,0.19398668640743444
1.0,0.1395316291680362
1.0,0.18218987022974042
1.0,0.14994016657745124
1.0,0.16012381751148153
1.0,0.16861414672127062
1.0,0.14316662071115283
1.0,0.12476896814908767
1.0,0.22453779744710323
0.0,0.7955046719760093
1.0,0.1253123304842676
1.0,0.19121832616291334
1.0,0.14239518952784358
0.0,0.12961335663345486
1.0,0.17899633729349929
1.0,0.18437724680995815
1.0,0.159578333535647
1.0,0.21653573397039994
1.0,0.13088344797074014
1.0,0.1631197462972649
1.0,0.13650018263734742
1.0,0.14849984662616
1.0,0.13170207507908582
1.0,0.1209102458312824
1.0,0.33608046207493825
1.0,0.1479533785782391
1.0,0.14898510205206394
1.0,0.12884532355311518
0.0,0.1791372425320824
1.0,0.1331535704185811
1.0,0.13507303430708795
1.0,0.1301161449064696
1.0,0.15214149031750968
1.0,0.2085689723696672
1.0,0.18149523643732657
1.0,0.14076763991699104
1.0,0.18039629560617954
0.0,0.7570907942148355
1.0,0.19608891949890317
1.0,0.14051399758980843
1.0,0.1301662298483266
1.0,0.13814717089053885
1.0,0.24332378805662636
1.0,0.25574839862995613
0.0,0.8514857061724224
1.0,0.33896450599319217
0.0,0.2342877480977814
1.0,0.15240613874093478
1.0,0.14776351033110147
1.0,0.13708223784459084
1.0,0.16735843966301056
1.0,0.13176234169183587
1.0,0.6875517006351404
1.0,0.15701417441544052
1.0,0.1496013114804312
1.0,0.17858280598864107
1.0,0.27700220935839437
1.0,0.14389496751492659
1.0,0.163925253644714
1.0,0.23608205748229194
1.0,0.1631648431800209
0.0,0.14999606638066587
1.0,0.17421094296084416
1.0,0.1370832473736221
1.0,0.23177313053116888
0.0,0.14119580228305306
1.0,0.1412225580596933
1.0,0.12763963767021969
1.0,0.2441075687295814
0.0,0.89321959224326
0.0,0.1335060625274742
1.0,0.15301743999268214
1.0,0.11728252904399716
1.0,0.20307340297665932
1.0,0.18443636990015855
1.0,0.16197389705099619
1.0,0.20835097553130522
0.0,0.13140442901215388
0.0,0.22360696013237014
1.0,0.12813782256832817
1.0,0.15520657998951948
1.0,0.12546612749264063
0.0,0.3248780487804799
1.0,0.2472515912307932
1.0,0.21061262643544798
1.0,0.14468347333697074
1.0,0.21471177755232818
1.0,0.2491326052195667
1.0,0.14201985012117657
0.0,0.13958889551364895
0.0,0.12525518155398618
1.0,0.13716169977706671
0.0,0.15600227810406575
1.0,0.15201430811298466
1.0,0.1490680952956428
1.0,0.12146126953298597
0.0,0.2028861618139295
1.0,0.13933386686134408
1.0,0.1329741780863536
1.0,0.1130141331375768
1.0,0.13819622767539186
1.0,0.12281630198228433
1.0,0.1341418864432835
1.0,0.23971817070653034
1.0,0.13042142869413287
1.0,0.15433788306434948
1.0,0.1813519204824513
1.0,0.2145548224035485
1.0,0.17799330271402036
0.0,0.13316861724427131
1.0,0.2180227162736753
1.0,0.1436110826427377
1.0,0.23900013010000887
1.0,0.35464308754578977
0.0,0.12094904278962737
1.0,0.22348096082295044
1.0,0.1171527290237333
0.0,0.16492133220012528
0.0,0.11023359095077767
0.0,0.1306662737913652
1.0,0.3833599453290475
1.0,0.1772235333384562
1.0,0.17824542336881488
1.0,0.14841781099671736
1.0,0.1358418739859828
1.0,0.13534876721860278
1.0,0.14373691184178117
1.0,0.13299988842787613
1.0,0.8721547065067916
1.0,0.12077041141422928
0.0,0.13456014407257
0.0,0.1260836531314541
1.0,0.14518433795323893
0.0,0.11339507875625487
1.0,0.13445160804738754
0.0,0.21599675119818784
1.0,0.17537953539718165
1.0,0.16656135495378177
0.0,0.14483492136430642
0.0,0.14088162657010306
1.0,0.17969748228026983
1.0,0.18158560183727324
1.0,0.15241529716486024
1.0,0.14434759173962053
1.0,0.145674928094934
1.0,0.14543048212291776
1.0,0.1145300691760408
1.0,0.1874542460570593
0.0,0.12883711643974483
1.0,0.11660057777081367
1.0,0.1416457306232195
1.0,0.3086414621471286
1.0,0.19249883709740057
1.0,0.15535120666281377
1.0,0.16216078562428138
1.0,0.13064360395337382
1.0,0.14865186931205365
0.0,0.20894009984525963
1.0,0.13907429057028997
0.0,0.27147602179539776
1.0,0.16621588597443182
1.0,0.2136217925486784
1.0,0.14456194624582386
1.0,0.1393524061680601
0.0,0.1282470109078111
1.0,0.14509698187915865
1.0,0.1647505636371549
1.0,0.12751456330162914
1.0,0.1322819213768862
1.0,0.13978254763062115
0.0,0.22839832026694473
1.0,0.18561801001889378
1.0,0.1411246807895722
0.0,0.7697927411115998
0.0,0.5906233106864397
1.0,0.1591501750675397
1.0,0.12584966968695865
1.0,0.13757814194970808
1.0,0.24510194832322307
0.0,0.1569034893225867
0.0,0.1582295205177734
1.0,0.19038017047432287
0.0,0.1378571056454595
1.0,0.20286840001299833
0.0,0.761012626514584
1.0,0.7745807878253466
1.0,0.1907844750969736
1.0,0.12708472591181752
0.0,0.20351988662400122
1.0,0.12512756010435133
0.0,0.14839777820738453
0.0,0.15314945044094375
1.0,0.16998448789301746
1.0,0.11819152339069128
1.0,0.19663833251431984
1.0,0.17335805516264902
1.0,0.21126763788685154
1.0,0.13290217303959695
0.0,0.17685206563248324
1.0,0.13409651947429135
1.0,0.19763403856171025
0.0,0.2565451531286682
1.0,0.15787410015814318
1.0,0.11669712619041483
0.0,0.26753824757631917
0.0,0.14935588769174768
1.0,0.14992599244557925
1.0,0.1493129560695695
0.0,0.12880713655290588
1.0,0.17237408332197957
1.0,0.11241190757202701
1.0,0.12677462054594146
0.0,0.3827716958670576
1.0,0.16494219116481923
1.0,0.13540335251208058
1.0,0.3528282488623887
0.0,0.1410331076747886
1.0,0.17981339227469129
1.0,0.1530998455075473
1.0,0.16017318561343452
1.0,0.23581440472303183
1.0,0.13199243112777304
1.0,0.11169147272772506
1.0,0.134872105564822
1.0,0.14708546530023225
1.0,0.1346362526736654
0.0,0.16715693738684523
1.0,0.1378087880753769
1.0,0.1482770072785169
1.0,0.12217437918727148
1.0,0.14549224138515193
1.0,0.1267296552731253
1.0,0.12777598768333065
1.0,0.1284426304136984
1.0,0.1268898606059764
1.0,0.16034119005211112
1.0,0.16723702670423968
1.0,0.21148265582227976
0.0,0.16859274132463054
1.0,0.1843110732113229
1.0,0.2936805731094888
1.0,0.6229207023701356
1.0,0.18607094457692575
1.0,0.2083506145347782
1.0,0.1326118916019957
1.0,0.14957804720550183
1.0,0.15840964607928476
1.0,0.13440135801286046
1.0,0.13856532814712963
0.0,0.1252126231304137
1.0,0.21367680502554953
1.0,0.1555346672385044
1.0,0.22351074340131893
1.0,0.16039067877564028
1.0,0.12255644759538886
1.0,0.13045686652454036
1.0,0.15303624675939032
1.0,0.15804883796622382
1.0,0.15996451525489352
1.0,0.11676087174355654
0.0,0.697446432603884
0.0,0.17288068600050954
1.0,0.1543011390723238
1.0,0.1285220959154343
1.0,0.14695102069868482
1.0,0.11540397237916633
1.0,0.14822441088671012
1.0,0.1219735710669464
1.0,0.18745320764107576
1.0,0.18076017718360626
1.0,0.13267715876846953
1.0,0.1544558662410297
1.0,0.13218943096111302
0.0,0.7842994218823396
0.0,0.2050738560943577
1.0,0.15903688857174536
1.0,0.6128906460528316
1.0,0.15303069133836322
1.0,0.12541598776353968
1.0,0.11663171991858123
1.0,0.2148580516997719
1.0,0.12159612813346343
1.0,0.25825278500317006
1.0,0.18895838632267292
1.0,0.13440353692487284
1.0,0.2421441131368628
1.0,0.12396092913572165
1.0,0.1833858429308063
1.0,0.1483395581900152
0.0,0.9326294072504372
0.0,0.13747787581342297
1.0,0.1828176956278107
1.0,0.12698696400633636
1.0,0.18473114102696497
1.0,0.1883584835386225
1.0,0.14930828176123456
0.0,0.8932241153526187
1.0,0.14425070266101858
1.0,0.1598226518896203
1.0,0.12805504535824042
1.0,0.6765701811163778
1.0,0.14131445755725525
1.0,0.11507437173073598
1.0,0.14190105784861462
1.0,0.1352273623128215
1.0,0.12234828706072709
1.0,0.1486735381503277
0.0,0.2816971019953506
1.0,0.16075160387297827
1.0,0.2296328327858197
1.0,0.14436265405922188
1.0,0.19572164006231296
1.0,0.255126623695069
0.0,0.14449153496883615
1.0,0.13111556988630613
1.0,0.16617881266363366
1.0,0.16518974084885485
0.0,0.5203573638406159
1.0,0.19002590511558848
1.0,0.22217127708413087
1.0,0.23745372243170138
1.0,0.6296636765504707
1.0,0.11833336151486062
1.0,0.12835304446039786
1.0,0.1287381593675797
1.0,0.14330985929620388
0.0,0.11227149209742293
1.0,0.12152828765729617
0.0,0.13133382658015713
1.0,0.17488773738731478
1.0,0.1372598277935274
1.0,0.14858075649962987
1.0,0.23845994434992834
1.0,0.13392472641175046
0.0,0.12316163265296887
1.0,0.15158096053046888
1.0,0.10891601132423423
1.0,0.11294201395997683
1.0,0.16274427343036235
1.0,0.1433848431963467
1.0,0.2557276806678287
0.0,0.2480197370744881
1.0,0.11680286253942729
1.0,0.1443970401278638
1.0,0.1396632363309196
1.0,0.13548791449202424
1.0,0.138428029361241
1.0,0.13160906478919987
0.0,0.1738632301854729
1.0,0.21432529309655113
1.0,0.17317181608938959
1.0,0.15055569627663523
0.0,0.11767553693812205
1.0,0.48383616785809125
1.0,0.16122126582512075
1.0,0.21609775595437175
1.0,0.151292136114074
0.0,0.2009419669859538
1.0,0.1435252525452856
1.0,0.19953490218136272
1.0,0.2834035029833263
1.0,0.6470088206320321
0.0,0.14547818150878977
0.0,0.17936403473459395
1.0,0.13716965926805502
1.0,0.13906553447035486
1.0,0.13470517379882618
1.0,0.16894920926911172
1.0,0.12605491890483367
1.0,0.16571245835491955
1.0,0.1440371219908222
1.0,0.6877508777015593
0.0,0.214862146929944
1.0,0.1438321287949036
1.0,0.16561639162501984
1.0,0.13472661326112068
1.0,0.23515517610598746
1.0,0.24096403411567846
0.0,0.14021692750488257
1.0,0.1910430184619749
1.0,0.14535234555116283
1.0,0.14407220379189734
1.0,0.15877314179306234
0.0,0.17777550151715182
1.0,0.13858839684888746
1.0,0.14659296083596085
1.0,0.12410799314780896
0.0,0.13686598419469642
0.0,0.11847372308579474
0.0,0.214232848309707
1.0,0.3008816364707848
0.0,0.20957399116847053
1.0,0.20403297215510408
1.0,0.18487680187827482
1.0,0.24781238444491893
1.0,0.11961386395339668
1.0,0.19584914096148698
1.0,0.12676333247296656
1.0,0.13247505708724006
1.0,0.1405605722596539
1.0,0.5110991810232246
0.0,0.28303430466855495
1.0,0.17307937404588103
1.0,0.1286831242123947
1.0,0.12292250087573853
1.0,0.15302051198207034
1.0,0.14170877815728433
1.0,0.13470842814040018
1.0,0.14067734452165148
1.0,0.1451841023478393
1.0,0.6879628436806441
1.0,0.14755124936822417
1.0,0.148774917318249
0.0,0.6472625544319908
1.0,0.1964189801525631
1.0,0.13919866142156778
1.0,0.15045808371252833
1.0,0.1264948871012379
1.0,0.19656601819714337
1.0,0.18293383804475227
1.0,0.13290399488824178
1.0,0.1442587308155895
1.0,0.13152684521430213
0.0,0.2166736529718556
1.0,0.13046784607988793
1.0,0.11948593665706853
1.0,0.11270008931371123
1.0,0.14036196326873396
1.0,0.15686154263120167
1.0,0.13503168035672686
1.0,0.11641158213575187
0.0,0.8919550776157474
1.0,0.23163727782061216
1.0,0.21356769576314327
0.0,0.37591230482885685
1.0,0.7698193684726271
0.0,0.14734357358841632
1.0,0.1343325753130521
1.0,0.1300919066013636
0.0,0.19872077048649184
1.0,0.14302013243987755
1.0,0.2271856727961068
1.0,0.13677846033431695
1.0,0.1432157700132517
1.0,0.15748188120855933
1.0,0.13366760994054627
1.0,0.13899205639092083
1.0,0.1525045691716873
1.0,0.25028684353268194
1.0,0.17873014590758274
1.0,0.14961583109923549
0.0,0.14341899711327566
1.0,0.14452018071026396
1.0,0.1361616476512999
0.0,0.16044711526540767
1.0,0.3305980679796444
1.0,0.13449204284909055
1.0,0.27895695916660423
1.0,0.12933205416168325
1.0,0.13047394397177314
1.0,0.1699703550981707
1.0,0.11687216274204992
1.0,0.16930474933782402
1.0,0.181379370095895
1.0,0.19994633312054078
1.0,0.8022858972497675
1.0,0.1364992127020116
1.0,0.39254208682849845
1.0,0.12098113121925613
0.0,0.1342719973880966
1.0,0.13892496524464304
1.0,0.1257509476912504
1.0,0.11207213863177468
0.0,0.1790701195374771
0.0,0.17349517978681717
1.0,0.21214038757082465
1.0,0.174209298881965
1.0,0.14328699151501056
1.0,0.18624963669068095
0.0,0.3689256686805701
1.0,0.1704993220306591
1.0,0.4166563759424373
1.0,0.17279553288005045
1.0,0.28968046658469326
1.0,0.13589623564160835
1.0,0.2250667652541053
1.0,0.16690877832612827
1.0,0.11653053713551642
1.0,0.17133780289819422
1.0,0.15561821907008
0.0,0.25786298742468894
1.0,0.16016976953356787
1.0,0.26041739447181134
1.0,0.16556085835421486
1.0,0.11475825667845319
1.0,0.1810235681567679
1.0,0.13340330775358944
1.0,0.5444945138442528
1.0,0.1867299940787327
0.0,0.7107834289826181
1.0,0.19829258637351255
0.0,0.16145136030757545
0.0,0.7492304275289603
1.0,0.15854635552007634
1.0,0.1460744830586721
1.0,0.1488794747664296
1.0,0.14913899085786886
1.0,0.1424367725044381
1.0,0.19852327096227362
0.0,0.1096165335364786
1.0,0.1745895721690779
1.0,0.13358543904808817
0.0,0.18886906936574888
0.0,0.6212474359594284
1.0,0.22897172598119397
1.0,0.13879077524432681
1.0,0.16296164357824117
1.0,0.12107498835204444
1.0,0.11632251307288644
1.0,0.16979139915458596
0.0,0.14354749078675333
0.0,0.21803057488673327
1.0,0.1584710989685144
1.0,0.15780686764811536
1.0,0.14805761323770283
1.0,0.15610296485520037
1.0,0.12187538702114631
1.0,0.1203594329583697
1.0,0.281374442858605
0.0,0.9454662619135497
0.0,0.278185553646491
1.0,0.1627089194565835
1.0,0.6560022479973051
0.0,0.9557100097709892
1.0,0.15417385292372543
1.0,0.2326770796664277
0.0,0.9210174629363685
1.0,0.13805319595702858
1.0,0.15058927336833483
0.0,0.1917039276102971
1.0,0.14487136259140398
1.0,0.12408405061641126
1.0,0.21770615925756387
1.0,0.13788166776534705
1.0,0.13905332654014257
1.0,0.17866283613532796
1.0,0.13089781019391344
0.0,0.87230470365682
1.0,0.1244175137345358
1.0,0.11708452045406692
1.0,0.1530340879186597
1.0,0.137836659227485
0.0,0.1443890794696262
1.0,0.1884326156501558
1.0,0.29144090079431495
1.0,0.12116111370620875
1.0,0.13021642229423946
1.0,0.12777493489353609
0.0,0.1782949492528032
1.0,0.1308033704151088
1.0,0.11628609164800952
1.0,0.13438511795269004
0.0,0.24023253651289278
1.0,0.12316159471895671
0.0,0.18726826654735307
1.0,0.1782949492528032
1.0,0.12213746306826434
1.0,0.14663410404700972
1.0,0.14437167212565571
1.0,0.13518931590068317
1.0,0.15079984421767711
1.0,0.1145300691760408
1.0,0.1331507628892009
1.0,0.12259629488396084
0.0,0.15631806707761176
0.0,0.16307777522332945
1.0,0.13646636720777094
1.0,0.17289895947734557
1.0,0.16392513465795122
1.0,0.16491629610666392
1.0,0.1422852129664175
1.0,0.1773208178621526
0.0,0.21800778290869438
0.0,0.1921557100435386
1.0,0.18450398165581783
1.0,0.13079757554817573
0.0,0.2409666293778061
0.0,0.1757666934480695
1.0,0.1608884910956887
1.0,0.19241715599807618
0.0,0.15108950549816214
1.0,0.17790567449224126
0.0,0.895876782157294
1.0,0.11811711559089255
1.0,0.32981975286053755
1.0,0.16242568688272563
1.0,0.6805971856122708
0.0,0.1492483706747708
1.0,0.2251517644371167
1.0,0.15753552342317323
1.0,0.22096772115681806
1.0,0.1278509681041593
1.0,0.12475774762656977
1.0,0.14987046993817388
1.0,0.3924493573829039
0.0,0.3207476376065934
1.0,0.15392833729677813
1.0,0.13698147186438747
1.0,0.1888573175615953
0.0,0.7294233621282216
1.0,0.12576949718555697
1.0,0.14838806689609718
0.0,0.20283927483188202
1.0,0.13307090593131854
1.0,0.13776113394103706
1.0,0.18593267341253694
1.0,0.13507443638817962
0.0,0.2402900257214714
1.0,0.1452776929279207
1.0,0.3787032517733713
0.0,0.12259070433633401
1.0,0.19005438521481
0.0,0.17821613616371734
1.0,0.1426140491622354
1.0,0.13950393504425207
1.0,0.1499260812337586
1.0,0.17131634828037845
1.0,0.15026335621563724
1.0,0.15982522192654358
1.0,0.42879242194770395
1.0,0.17933467780381684
0.0,0.22732818206202
0.0,0.44015661888254176
1.0,0.16323913903636
1.0,0.1920625358932565
0.0,0.18165504970816315
1.0,0.1810686490378831
1.0,0.1303455941663747
0.0,0.17746863627218712
0.0,0.1904951234223191
1.0,0.13554091902771448
1.0,0.13943015742818587
1.0,0.13016389411833318
1.0,0.16767393502225714
1.0,0.15557863737912792
1.0,0.17463249655613067
1.0,0.18553458797210043
1.0,0.21853730166674645
1.0,0.11851676233416064
0.0,0.17750147352257029
0.0,0.11722832961479301
0.0,0.7720247063347365
1.0,0.12938484591533184
1.0,0.1787121684233176
1.0,0.1300565014575935
1.0,0.15911064099640881
1.0,0.1995326188045291
1.0,0.14506154382629344
0.0,0.23939296861197323
1.0,0.5704898568345201
1.0,0.14923002447862987
0.0,0.21388498478507567
1.0,0.11874672026654765
0.0,0.30596101361278594
1.0,0.150859002734144
1.0,0.13440837089038704
1.0,0.19525376989094778
1.0,0.271508794843475
1.0,0.18499509972757744
0.0,0.14031561685971228
1.0,0.14446093581024744
0.0,0.13061379536449413
1.0,0.20950478638530579
1.0,0.1295143212622364
1.0,0.22038478155872843
0.0,0.11987533984115661
0.0,0.7496641482495602
1.0,0.14375914259907896
0.0,0.1606868706558654
0.0,0.6541009995806388
0.0,0.11401829033094546
0.0,0.15760032281022907
1.0,0.19728626122794424
1.0,0.17333526285997203
0.0,0.20139946206260428
1.0,0.3101920320861701
1.0,0.11704788650855091
1.0,0.18615598792939436
1.0,0.11931638556294666
1.0,0.14506596479808587
1.0,0.12054817564807496
1.0,0.12255644759538886
1.0,0.17243111158604918
1.0,0.15032361264706484
1.0,0.12402768672824227
1.0,0.13630914682792483
1.0,0.21074570792358005
1.0,0.1682471852886559
1.0,0.1563061570788007
0.0,0.13801068122790972
1.0,0.1929112481003452
1.0,0.14366160358854485
1.0,0.16593032867381563
1.0,0.13492799940792144
1.0,0.12602688237219561
1.0,0.21063223516370022
1.0,0.2035462238719673
1.0,0.12253682661088716
1.0,0.1719231660002427
1.0,0.2678454560675756
0.0,0.1400352190758667
0.0,0.18854628892860315
0.0,0.19131913459278937
0.0,0.1460394536421401
1.0,0.1660386836191622
0.0,0.14601266496181242
0.0,0.16689035417493125
1.0,0.15405343461207954
1.0,0.19008415371626464
1.0,0.23981473406948195
0.0,0.8194081332921365
1.0,0.17390345508818272
1.0,0.5577191092704938
1.0,0.14518440637805508
0.0,0.20345636236072728
1.0,0.18092643540401787
1.0,0.1449724218881676
1.0,0.125045322017572
1.0,0.0988870906110273
1.0,0.1769832234183215
0.0,0.21402851903878384
1.0,0.12041418763669776
1.0,0.16193908095631138
0.0,0.41427280251081056
1.0,0.1392888478943266
0.0,0.153115775314005
0.0,0.258220105278287
1.0,0.2112204903550775
1.0,0.16183336369455403
1.0,0.24136076006937335
1.0,0.17251073891302304
1.0,0.12774607615763356
1.0,0.13053484023501716
1.0,0.15011989314306473
1.0,0.14589743564671243
1.0,0.12858220515889707
1.0,0.16536611300979087
1.0,0.12378132349558846
0.0,0.6946972555616482
1.0,0.1894803089469198
0.0,0.13884679966391655
1.0,0.13950745599675662
1.0,0.13285761056843848
1.0,0.16690371868821252
1.0,0.11647253312672035
1.0,0.1381855333000651
1.0,0.1286475837858625
1.0,0.15135987257663075
1.0,0.1832459979926625
1.0,0.11894279951253406
0.0,0.13159558427217966
1.0,0.26529226849359155
1.0,0.13825434967728356
1.0,0.12242336183784519
1.0,0.12335745243446528
1.0,0.1513233415231532
1.0,0.17673499797601067
1.0,0.1779938350632002
0.0,0.7833104236620965
1.0,0.13656366564839006
1.0,0.20827001401318967
1.0,0.16036617646330453
1.0,0.14976834646027826
1.0,0.13040241069823844
0.0,0.1861150424288075
1.0,0.7361858320768627
1.0,0.1294368201642936
1.0,0.146731190488407
1.0,0.13002362883930396
1.0,0.1272801041869973
1.0,0.16047905089960224
1.0,0.1469574200290793
1.0,0.2397146615998218
1.0,0.19840504862647546
0.0,0.12280302268071897
1.0,0.23589523914362542
0.0,0.13058561141411118
1.0,0.22601257219019733
1.0,0.11807661641155842
1.0,0.1305956183011313
1.0,0.16956877419634242
1.0,0.14147396247450217
1.0,0.1889115468120266
1.0,0.14382036366221473
1.0,0.15008942728519548
0.0,0.13489492895791666
0.0,0.12747431397268372
1.0,0.1733053616064404
1.0,0.15263646925519803
1.0,0.18418968091458632
1.0,0.17201183510665474
0.0,0.23657109702648438
1.0,0.19879027437962438
1.0,0.149649739854672
0.0,0.5744545138027898
0.0,0.15312958709265145
1.0,0.14970203135381688
0.0,0.13358584336175772
1.0,0.1497719087939654
1.0,0.1802266770091846
1.0,0.264374087398492
1.0,0.20184613342546553
1.0,0.1694183581530565
1.0,0.13472664421793845
1.0,0.16366363413235163
1.0,0.13669603078882286
1.0,0.14638251508426547
1.0,0.16745188250114884
1.0,0.17241493625569693
1.0,0.13088660022349263
1.0,0.14725964585665485
1.0,0.16075877107436687
1.0,0.13093120267110758
1.0,0.15835060456429373
0.0,0.2252675163886313
0.0,0.8359029557271691
1.0,0.12592184658290684
1.0,0.13872627597586373
1.0,0.1496739561047915
1.0,0.18491902136978022
1.0,0.11721560984955881
1.0,0.21230263909004643
1.0,0.1373844847254604
1.0,0.13317784618964223
1.0,0.17851881231201439
1.0,0.13970402271523386
1.0,0.18436229817744054
1.0,0.17125480347893185
1.0,0.1454627829800066
1.0,0.22723285474008292
0.0,0.1373925878792488
0.0,0.18142530241828103
1.0,0.7657744861555733
1.0,0.2248670534671937
1.0,0.11806629813354452
1.0,0.1386648030629205
1.0,0.3022118655842907
1.0,0.11867360944750538
0.0,0.7284442059985177
0.0,0.6902433230435733
1.0,0.14887676529785165
0.0,0.6999185133482286
1.0,0.13979624201487828
1.0,0.1766096157363083
1.0,0.1370873417457681
0.0,0.17808712094364398
1.0,0.1315896245188427
1.0,0.1268858886103238
1.0,0.16816062796625186
0.0,0.22723334475042023
1.0,0.1702780655727103
1.0,0.13038705257175354
1.0,0.3332534315490322
1.0,0.12619827766220315
1.0,0.11726527392412622
1.0,0.17626147860017116
0.0,0.16027202878271252
1.0,0.14181971271498706
0.0,0.1515246657223882
1.0,0.11963747980374484
1.0,0.1553947336355458
0.0,0.5065074481206111
1.0,0.11393547118246705
1.0,0.14711832179111073
0.0,0.22208060745438618
1.0,0.2202993775899602
1.0,0.14452018397754784
1.0,0.17903830019904465
0.0,0.22113481537887658
1.0,0.14591211225239964
1.0,0.13174380120330842
1.0,0.21895569766992262
1.0,0.12568909760196123
1.0,0.11397889706447806
1.0,0.17668721834732948
1.0,0.5049512172562012
1.0,0.112819001064975
0.0,0.1541992330517027
1.0,0.7954977106985404
1.0,0.16496515619491559
1.0,0.1588976291657257
1.0,0.1919488314878125
1.0,0.1599809721758907
0.0,0.999350581142352
0.0,0.8849567295782285
0.0,0.711939070378675
0.0,0.127425284049143
0.0,0.13427088983624613
1.0,0.11769334997113634
1.0,0.12295381190715882
0.0,0.15013212735083625
1.0,0.14651174010049817
1.0,0.15981549127683492
1.0,0.1698141041231065
0.0,0.21193429610673753
1.0,0.18982507727363052
0.0,0.1617616683918065
1.0,0.131807035586463
1.0,0.14865239912617267
1.0,0.113144525794042
1.0,0.15108106320350656
1.0,0.12947411502805606
1.0,0.11226175965539464
0.0,0.16005368924304464
1.0,0.15084767145944178
1.0,0.1850975075892991
0.0,0.14240065888133857
1.0,0.14089290268588905
1.0,0.12973731715314807
1.0,0.14504344893004995
0.0,0.21387882643810752
0.0,0.13714917736845722
1.0,0.12493583134866726
1.0,0.1889056475329436
0.0,0.18412365531571606
0.0,0.8704138213715137
1.0,0.19226949865875242
1.0,0.18208538494520132
1.0,0.13494559632155823
0.0,0.12462080994262403
1.0,0.13738153650079377
0.0,0.198258936903836
1.0,0.17755994008262888
1.0,0.14878306026942734
1.0,0.13363608317639397
1.0,0.109752914388906
1.0,0.11573384934989561
1.0,0.23776645215383918
1.0,0.43902831638211315
0.0,0.18858071858599423
0.0,0.12335607895672296
0.0,0.17318598001820418
1.0,0.6667201868846977
1.0,0.1255805660270709
1.0,0.2465079082637095
1.0,0.13655640454795304
1.0,0.1512511445541167
1.0,0.23745842476850076
1.0,0.12937423819887506
1.0,0.18106077197591997
1.0,0.13437958211191892
1.0,0.1304484277313721
1.0,0.13453714533594496
1.0,0.14783022896130604
1.0,0.2712724929647484
1.0,0.11147605786290327
1.0,0.2036686882142471
1.0,0.1508947155298921
0.0,0.28842068114607666
1.0,0.14984665189073842
1.0,0.23715706388862579
1.0,0.136596785490939
1.0,0.1402274050954263
1.0,0.2366034972729989
1.0,0.2171793842260693
1.0,0.15700361706555543
1.0,0.1500761639362974
0.0,0.22531830071068193
0.0,0.6775697211682241
0.0,0.18880394690968882
1.0,0.1130890535282334
1.0,0.13877120570631785
1.0,0.12050791576814146
0.0,0.3254114443918912
1.0,0.31591806917725573
1.0,0.1985840786462918
1.0,0.15183047379313253
1.0,0.14457652988919578
1.0,0.13877153254455976
1.0,0.13739129008169237
1.0,0.6351318776915349
1.0,0.12530035238318105
0.0,0.19175257295994963
1.0,0.21008547308215508
1.0,0.19023616376237062
1.0,0.15517267446793004
1.0,0.24046327566104453
0.0,0.21663794372897105
0.0,0.15206487648023126
1.0,0.23330525537096858
0.0,0.7232050906510494
1.0,0.13942250217149732
1.0,0.15111698173802834
1.0,0.1436646791919266
1.0,0.13203207723064814
0.0,0.20720823346229733
1.0,0.15229377713639014
1.0,0.13204107178218882
1.0,0.26204067373946915
0.0,0.1252932300089289
0.0,0.14269922748229324
0.0,0.14264705772476916
1.0,0.12278948247344046
0.0,0.12462005354067762
1.0,0.18380337581561357
1.0,0.10999990239534163
1.0,0.17134846605504894
1.0,0.16596800950932233
1.0,0.15238148248469752
1.0,0.21639675973780725
1.0,0.1760946290654155
1.0,0.12490647397768151
1.0,0.1665240955367171
1.0,0.12735879755517143
1.0,0.15567092586922293
1.0,0.14502614935003721
1.0,0.19671322804565616
1.0,0.1380450243494613
0.0,0.8167752944502022
1.0,0.1348148363537761
0.0,0.7531214123513761
1.0,0.17966400893149836
1.0,0.13917819652124952
1.0,0.2085861416501844
1.0,0.15726512837445472
1.0,0.13674462108825503
1.0,0.11441086593319316
1.0,0.20433278530644627
1.0,0.19736424458755442
1.0,0.1513681044539742
1.0,0.22213626468759728
1.0,0.3353011606557962
1.0,0.16010883876404414
0.0,0.16094943331791045
1.0,0.13183868071111038
1.0,0.14371925229521865
0.0,0.6971091088193089
1.0,0.18586937299155382
1.0,0.14139197919748525
1.0,0.18756124254897766
1.0,0.14973770083577975
1.0,0.2560102090583488
0.0,0.13492437290764003
1.0,0.14678258314143433
1.0,0.12665104388482895
1.0,0.18581089462048817
1.0,0.15735744350782788
1.0,0.2587676694815434
1.0,0.12786408352432233
1.0,0.12876232155292866
0.0,0.3308322433003603
1.0,0.2303709360058187
0.0,0.17058254901169367
1.0,0.1361246536866365
1.0,0.2355656433583514
1.0,0.11724839048790658
0.0,0.16013827325863172
1.0,0.13898362466808567
0.0,0.17918527200311474
0.0,0.1560067160129096
1.0,0.11705714376422982
1.0,0.2085524051893679
0.0,0.15861473574203955
1.0,0.6048616718969653
0.0,0.8018530022560038
1.0,0.1419778881726621
1.0,0.14406936821442928
1.0,0.13013037072643163
1.0,0.14564707740232552
1.0,0.1774993953524462
0.0,0.7980833043885803
1.0,0.1387196501353929
1.0,0.13629175400356708
1.0,0.1569528213151795
0.0,0.23215223329784673
1.0,0.15459132201932746
1.0,0.13086606510485466
1.0,0.13895514756685767
0.0,0.20805999613652537
1.0,0.1756820699891909
1.0,0.1332823774925851
1.0,0.13079554811290262
1.0,0.13492567209993878
1.0,0.12866149861639542
1.0,0.152454243632414
1.0,0.23019267164105628
1.0,0.14600910356568697
1.0,0.19765578426029973
1.0,0.16740976618078585
1.0,0.1461223244412876
1.0,0.1315877844179295
0.0,0.16674989438950072
1.0,0.17758809500519812
1.0,0.20065320210986137
1.0,0.1277796514784798
1.0,0.16297290712860057
1.0,0.24985543846237612
0.0,0.7218182448173254
1.0,0.25093219502729835
1.0,0.16310879423618274
1.0,0.11805261767761488
1.0,0.15825959398249023
1.0,0.16564689443679925
0.0,0.21555487284996477
1.0,0.13107795151271662
0.0,0.13905590956560843
1.0,0.20130581787456014
1.0,0.18652575560621032
1.0,0.20599023304678266
1.0,0.2696500703110125
1.0,0.15269321294532656
1.0,0.16041831815151142
1.0,0.28865996978545294
0.0,0.1665313697873937
1.0,0.13196335706750995
0.0,0.5927910889096746
1.0,0.12972441405069712
1.0,0.13059381910147894
1.0,0.15135164395862832
0.0,0.17882528185926194
1.0,0.14345579394662622
0.0,0.2650034342692873
0.0,0.14716403825192315
0.0,0.6228064706852199
1.0,0.13888049154540738
0.0,0.11791386229684486
0.0,0.30555792621521893
1.0,0.13954043016576767
1.0,0.1428024227265715
1.0,0.19900865209119512
1.0,0.22382651146914834
0.0,0.22355056478835
0.0,0.7746173933743851
1.0,0.1609933049638116
1.0,0.20743088597725556
1.0,0.171453275484183
1.0,0.4386118411103983
1.0,0.16113579639945164
1.0,0.15671286520618455
0.0,0.1300347217231087
1.0,0.15870384048167896
0.0,0.2945937377582545
1.0,0.1442432410363923
1.0,0.19010171855591984
1.0,0.12193940714643103
1.0,0.16231810696027327
0.0,0.186926494004501
1.0,0.14029470148165124
1.0,0.15591273176190756
1.0,0.14505242332929613
0.0,0.22533640924997955
1.0,0.12073315586936673
1.0,0.15118370620999155
1.0,0.15186555446267602
1.0,0.14496535011095213
1.0,0.14050535925473429
1.0,0.12610312050262074
1.0,0.14886845308050733
1.0,0.22507681559653192
0.0,0.14501627978613763
1.0,0.13924549182024804
1.0,0.16145473209806693
1.0,0.14612677399189178
1.0,0.21688844447854094
0.0,0.18872502756941967
1.0,0.18603502704924257
1.0,0.15071601808597834
1.0,0.1311076307721757
1.0,0.12211157557906227
0.0,0.2168854871255127
1.0,0.7194359408697687
1.0,0.1276363811329274
1.0,0.16226302214013066
0.0,0.22767418346904977
1.0,0.21194428806453325
1.0,0.14842027171747396
1.0,0.13921171459092774
0.0,0.1376581616971324
1.0,0.15554770168378007
0.0,0.1503372261356024
0.0,0.1353618607649787
1.0,0.220152052846332
1.0,0.13057677927565925
1.0,0.15245362476525381
1.0,0.21255224365927838
1.0,0.16359501368046703
1.0,0.19492885310175057
0.0,0.13578600931642026
1.0,0.18592436461850304
0.0,0.1380587912826109
1.0,0.19851941458540756
1.0,0.16384711983807054
1.0,0.23938384614578645
0.0,0.1788906267508924
1.0,0.21277762321637506
1.0,0.12633706311330206
1.0,0.1902550175500397
1.0,0.17632305529290293
0.0,0.19824991851809004
1.0,0.11606909438613555
0.0,0.2474110017535638
1.0,0.1319905823610389
1.0,0.19425262170544255
1.0,0.2885542860126139
1.0,0.12996979218993387
1.0,0.1429972266510956
1.0,0.2436514037401839
1.0,0.21082304075268332
1.0,0.19125354564970232
1.0,0.19305109899994433
1.0,0.15334963097758048
0.0,0.7552070618268015
1.0,0.13907433644688827
1.0,0.20892792371824354
1.0,0.12292923340969586
1.0,0.13087370614390914
1.0,0.1591577055697998
0.0,0.8473146420325515
1.0,0.15070517848782428
1.0,0.1258634268156904
1.0,0.16980616796515513
1.0,0.6313308098748813
1.0,0.1685838911026839
0.0,0.17109611131301328
1.0,0.14593253859891508
1.0,0.1396529961979447
0.0,0.2910972937594134
1.0,0.16366240589866776
1.0,0.11417271250708139
1.0,0.13714872522332522
1.0,0.16283762452317163
1.0,0.1797566113792013
0.0,0.1763159626216716
1.0,0.16780010329510453
1.0,0.20501196632928897
1.0,0.13780730530381913
1.0,0.180265191789182
0.0,0.18263703660547448
1.0,0.49678694552704594
1.0,0.12706436851066216
1.0,0.1473012080290299
1.0,0.14277093348652692
0.0,0.3156489797503881
0.0,0.2056653250645667
1.0,0.1541647357789877
0.0,0.13052859171068532
1.0,0.12155078030364164
1.0,0.1120576929979532
1.0,0.11246561578914316
1.0,0.20320750169265678
1.0,0.12970574312933492
1.0,0.263640635395782
0.0,0.11822069925093714
1.0,0.14213231000118753
1.0,0.12615294059374704
1.0,0.18171851854603827
1.0,0.16232864984929773
1.0,0.1730846235497201
0.0,0.2492449766745748
0.0,0.14047104552644685
0.0,0.19275654425357847
1.0,0.17369903501762296
1.0,0.22523490260535728
1.0,0.6792988160007822
1.0,0.1323964259224366
0.0,0.7839562418960095
0.0,0.1871658510035007
1.0,0.18717724739488661
1.0,0.17646587660140012
1.0,0.60945974364887
0.0,0.8257737576154373
1.0,0.15397419580431326
0.0,0.13725694293725976
1.0,0.1751332636103039
1.0,0.142741081992799
1.0,0.17320797203431537
1.0,0.16569010840860854
1.0,0.21643326333751667
1.0,0.17414568430614719
1.0,0.1632096010796643
1.0,0.11629186314731899
1.0,0.1327854815369386
1.0,0.13222165815122955
1.0,0.127976879432675
1.0,0.20342248542234875
1.0,0.14808428404163343
1.0,0.11547111816676481
1.0,0.20113699242694605
1.0,0.12496262110626
0.0,0.25854818157798576
1.0,0.20998889680983823
1.0,0.1211892200210144
1.0,0.2208734959724995
1.0,0.12485548950325898
1.0,0.1440508726994757
1.0,0.1731312990416225
1.0,0.1259416496961624
1.0,0.11155265682815052
1.0,0.1152176462757053
1.0,0.14523846952608677
1.0,0.13990960727655333
1.0,0.19298097298148287
1.0,0.11491529631814978
1.0,0.1872063294639028
1.0,0.1725984780938452
0.0,0.6351653996672351
1.0,0.14858460978561938
1.0,0.1969219011322254
1.0,0.14536017491608677
0.0,0.15838925595369624
1.0,0.11300566676193102
1.0,0.13161813376085452
1.0,0.1856988173804236
1.0,0.1449646320605683
1.0,0.14757250146493628
1.0,0.1390192257045173
1.0,0.13429985776140485
1.0,0.177273156720529
1.0,0.12234818458548113
1.0,0.22401436269024477
1.0,0.11695658832168887
1.0,0.29877536562468854
0.0,0.19713075444008255
1.0,0.1727851073275124
0.0,0.34368583542485476
1.0,0.19416424840652036
0.0,0.6220230333732324
1.0,0.166054864033228
1.0,0.3226678335395803
1.0,0.2030988881525071
1.0,0.19599876868123067
1.0,0.27004441919120115
1.0,0.177669205775415
1.0,0.24003336380859974
0.0,0.23460732857972044
1.0,0.14907277448022394
1.0,0.27221057510751046
0.0,0.17218639730491125
1.0,0.1140856801754776
1.0,0.13079390135196434
0.0,0.20486460210352098
1.0,0.14520421306854714
1.0,0.17786017887045114
1.0,0.13920875449184755
1.0,0.1312220688039657
1.0,0.1314861124773281
1.0,0.34507630262617783
1.0,0.1280106540608681
1.0,0.19505734337359304
1.0,0.212453414113569
1.0,0.24216536267782318
1.0,0.21001884346883692
1.0,0.21099818833327455
0.0,0.24556589560021536
1.0,0.1522837177437376
1.0,0.1510417705323014
1.0,0.12770017084033247
1.0,0.17222347599198962
1.0,0.12465076902518912
1.0,0.12339313957263698
1.0,0.15819137755891066
1.0,0.14972633522251033
0.0,0.260141365729352
1.0,0.28593910817666734
0.0,0.13566347054072947
1.0,0.14073465889473558
1.0,0.1858949908386156
1.0,0.14385573226251702
0.0,0.3406690720650505
0.0,0.2262186072679946
0.0,0.13063451355309907
1.0,0.12783744388903662
0.0,0.19090351043023757
0.0,0.1712561698063778
1.0,0.15412577911005898
1.0,0.24487142304019838
0.0,0.18361778296543463
1.0,0.17528160578364482
1.0,0.1449953962920837
1.0,0.1547524243041678
0.0,0.1673596600090943
1.0,0.19765323958349124
1.0,0.12366848443640321
1.0,0.14604737267155443
1.0,0.14559541297690115
1.0,0.12329564502702794
1.0,0.15747497156783075
0.0,0.13971922600741427
1.0,0.17256936182823435
0.0,0.16579694262084232
1.0,0.13448825841218115
1.0,0.1382274404119742
1.0,0.11220784614279844
1.0,0.1443005802854288
1.0,0.20813024693098692
0.0,0.7102496742619562
1.0,0.1547500519601389
1.0,0.1346994097761225
1.0,0.14071564203721065
1.0,0.2264754049932357
1.0,0.12607015638241936
1.0,0.35317842502113206
1.0,0.11543186199946842
1.0,0.22461428947603124
1.0,0.16681839556334832
0.0,0.1347169367938016
0.0,0.7975944654535576
1.0,0.13486839727958633
1.0,0.2466553434497819
1.0,0.13920820480839036
1.0,0.12146196219166383
1.0,0.1769717971471918
1.0,0.13327407262454127
1.0,0.13482285146814443
0.0,0.7841997635091549
0.0,0.1657411607030761
1.0,0.13263381871713742
1.0,0.1564042894852059
1.0,0.21272534443853375
1.0,0.2066152169595582
1.0,0.13620467126872549
1.0,0.16372490014056795
1.0,0.24405359237999058
1.0,0.1171260711860328
1.0,0.1714946995613994
1.0,0.18788674520045257
1.0,0.15749805982428733
1.0,0.1463117816827313
1.0,0.11945588942922947
1.0,0.14399420609442148
0.0,0.19886700711453853
1.0,0.12524482434521855
0.0,0.1648026799759864
1.0,0.23893461299858687
1.0,0.12288247131635843
1.0,0.17229244373702357
1.0,0.1403429548591395
0.0,0.1264411955278565
1.0,0.20413932318582284
1.0,0.21572637936575267
0.0,0.23239085711778995
1.0,0.15864834284120266
0.0,0.7199298091820608
0.0,0.2252667310607277
1.0,0.13049959418030932
1.0,0.21397415569068245
1.0,0.1404794102383723
1.0,0.1482945296396999
1.0,0.15678910431263937
1.0,0.162788552917
0.0,0.6495762357606958
1.0,0.17504002284390963
0.0,0.14484922647068255
1.0,0.6597306606207334
1.0,0.19119182859804895
1.0,0.12541845061929402
0.0,0.16473655876949422
1.0,0.13286783759823362
1.0,0.1721579314993853
1.0,0.7736643225639106
1.0,0.14375131771331273
1.0,0.15803484431712
1.0,0.13716943661740633
1.0,0.17115145546197486
0.0,0.18425591035887023
1.0,0.22352149639492136
1.0,0.21000806630113245
1.0,0.14179265583581668
1.0,0.1524171782943785
1.0,0.13830314333118843
1.0,0.11948959547452453
1.0,0.16387123380366075
1.0,0.17132825127461704
1.0,0.16485834951054046
1.0,0.13689926660112228
1.0,0.14674829834914338
0.0,0.14334423734666268
1.0,0.23890393808362953
0.0,0.6933839399881496
1.0,0.16054351661848376
1.0,0.1382813734589532
1.0,0.19409904318164772
1.0,0.18953866061996194
1.0,0.11239509513385904
1.0,0.15392833729677813
1.0,0.19193999149083074
1.0,0.12829723917483593
1.0,0.16657753045469115
1.0,0.2584540235430205
1.0,0.1466456387417091
1.0,0.1674543692701106
1.0,0.1333421114489899
1.0,0.2192116447049426
1.0,0.14325986443240601
0.0,0.162394157986409
1.0,0.15109440676911323
1.0,0.16569694525837309
1.0,0.21380271120058258
0.0,0.11968615621189183
1.0,0.1363073866460237
1.0,0.24657929718027805
0.0,0.2565410121293873
0.0,0.4947439489927602
1.0,0.14417330143946017
0.0,0.20331785516787781
1.0,0.25237818434826753
1.0,0.24829681710350415
1.0,0.11841236857544701
1.0,0.1508591874453109
1.0,0.17179497904255925
1.0,0.17351956031998694
0.0,0.2068907413309583
1.0,0.1411638832993939
1.0,0.19294109544525218
1.0,0.12263943843519032
0.0,0.11666726425932472
1.0,0.167307673923193
1.0,0.14229820101976243
1.0,0.14029614118435507
1.0,0.1556223979405471
1.0,0.12881564095374842
1.0,0.12279167332524332
1.0,0.33828287690459724
1.0,0.24262812712096338
1.0,0.21538553193956356
1.0,0.1567024994294629
1.0,0.15575930984791575
1.0,0.6489599039651653
1.0,0.2321037523343955
1.0,0.12238133234151916
1.0,0.31899651307442267
1.0,0.1387435395498603
1.0,0.13260149469705784
1.0,0.1515695647529307
1.0,0.16596736174715288
1.0,0.2306478388590153
1.0,0.21352947995159055
1.0,0.2641606057911412
0.0,0.13603179138207355
1.0,0.26998473845420656
0.0,0.1790691651497346
1.0,0.14276424011466105
1.0,0.13233209717805217
1.0,0.23160074653928686
1.0,0.16426047224529317
1.0,0.17116266081350917
1.0,0.15839304067995996
0.0,0.12135133001864506
1.0,0.13482307805575588
1.0,0.11277687900792499
1.0,0.1353749925193014
1.0,0.1356697808529963
1.0,0.1393488542925212
1.0,0.13885366183503656
1.0,0.22945401755057293
1.0,0.16767895581034287
0.0,0.276275251627654
1.0,0.2796261450897023
1.0,0.12495786258796993
1.0,0.12694808672157865
1.0,0.272111204252238
1.0,0.11834694946386959
1.0,0.16028153829033387
1.0,0.12274154206648691
1.0,0.20343105566260045
1.0,0.22275580709674292
1.0,0.17190118529159049
1.0,0.1495770833971667
1.0,0.13130127149218807
1.0,0.254452526383396
1.0,0.652627891747235
1.0,0.12619990103401046
1.0,0.1250139362091528
1.0,0.12928463423521952
1.0,0.18457278246694453
0.0,0.22745338297381934
1.0,0.1397083467286373
0.0,0.7071478852622624
0.0,0.14518440690803391
1.0,0.2172633784793453
1.0,0.18613675413917252
0.0,0.1556081824074158
1.0,0.1253273525014139
0.0,0.21214038757082465
1.0,0.12741158583258383
1.0,0.14714049378490457
1.0,0.1803374375542215
0.0,0.1984238972322293
0.0,0.19791960810649012
1.0,0.18193063325036085
1.0,0.25731117427811023
0.0,0.21657952008164438
0.0,0.911783353909037
1.0,0.1684005375491836
1.0,0.23780327198505113
1.0,0.12445906636138881
0.0,0.13715041272046125
1.0,0.12229538525641825
1.0,0.16078183863515694
1.0,0.14487465680615508
0.0,0.153271613326166
1.0,0.18142899440491522
0.0,0.15553291582915896
0.0,0.14592985318824425
1.0,0.2089326707630319
1.0,0.20633201915473687
1.0,0.17761049128266693
1.0,0.2895510408511731
1.0,0.1893149405940947
0.0,0.8271090835076785
1.0,0.12463807466788901
1.0,0.12982973302338718
1.0,0.18275069846736913
0.0,0.1912498236325717
1.0,0.1528679473497877
1.0,0.13791796493480457
1.0,0.1404288394603238
1.0,0.2925450134479056
1.0,0.17079593776457525
0.0,0.12713823034541327
1.0,0.16181596003193
1.0,0.1691994922467821
0.0,0.16197685063531098
1.0,0.1889231633341889
1.0,0.176799468473121
0.0,0.1552308771831834
0.0,0.7612782088211814
1.0,0.14701205509054016
1.0,0.14439738245021838
1.0,0.18974430074495563
1.0,0.20870706104827264
0.0,0.18426301082912278
1.0,0.14979427405986656
1.0,0.17495252196813127
0.0,0.7035082143131017
1.0,0.16278264780890483
1.0,0.1776382194372299
1.0,0.1489277832746041
1.0,0.5614327021625838
1.0,0.15920318737662897
1.0,0.7039095576918268
1.0,0.30419491528276565
1.0,0.19632030712270665
1.0,0.13976235073077348
0.0,0.15213403716524765
0.0,0.618183341502981
1.0,0.20248419223145264
0.0,0.6105722120658719
1.0,0.12193182178781758
0.0,0.20691832758551332
1.0,0.1296215792073988
0.0,0.6369455944075526
0.0,0.11073855530153376
1.0,0.17134697225402096
0.0,0.24842738462680558
0.0,0.8181576652248166
0.0,0.2684158795763185
0.0,0.2645492457442392
0.0,0.13024673559768873
1.0,0.1556869753104878
1.0,0.17034769915772174
0.0,0.14038885236202125
1.0,0.15138991869438634
1.0,0.29206539375198703
0.0,0.7414410805241722
1.0,0.18114613989007078
1.0,0.2213828081321939
1.0,0.12565008929463062
1.0,0.12745707967949438
1.0,0.13764775415774722
1.0,0.13107666716279098
1.0,0.16327649549204626
1.0,0.20724024337790947
1.0,0.1485190700033081
1.0,0.1290760324991913
1.0,0.15636938239331488
1.0,0.14254240517588257
1.0,0.1269126244744082
1.0,0.12746414203444767
1.0,0.16506528466063697
1.0,0.1354440009136273
1.0,0.16525446837129798
1.0,0.19655542367163525
1.0,0.1900731481625697
1.0,0.17228940327579545
0.0,0.15901238837407794
1.0,0.22121156155593236
1.0,0.17655424131286224
0.0,0.14874222141742666
1.0,0.2998062439824687
1.0,0.12282432947418209
1.0,0.16092849982064883
1.0,0.18337750971538413
1.0,0.511646643348739
1.0,0.15337885649191352
1.0,0.13840313714208796
0.0,0.8148756464288707
1.0,0.1487596418132744
0.0,0.69915604938001
1.0,0.17832334414526685
1.0,0.19204731705914324
1.0,0.1497177980098856
1.0,0.11819391529489043
1.0,0.1272407949033877
0.0,0.20367300907823738
1.0,0.12932219873172535
1.0,0.17139909008686605
1.0,0.17308515552874548
1.0,0.13273281546568494
1.0,0.13419289040057814
1.0,0.17933257583127227
1.0,0.2323698840576237
1.0,0.17277919064715308
1.0,0.15161547125501906
0.0,0.2186196031746126
1.0,0.20770504022300307
1.0,0.15547910866432846
1.0,0.13073787715561813
1.0,0.11676573213406916
1.0,0.1395064887354639
0.0,0.13276269041089206
1.0,0.15110628093360257
1.0,0.1539608814019422
1.0,0.11126503560994827
1.0,0.27249046577883296
0.0,0.19118837142915113
1.0,0.16627372823322994
1.0,0.12949070417934117
1.0,0.15843130403346417
1.0,0.1614709391128264
1.0,0.1488364534242964
1.0,0.18375750795827717
1.0,0.15491187782176796
1.0,0.16314270402259734
0.0,0.16635588829200842
1.0,0.15751326841774116
1.0,0.14569556299338549
1.0,0.19896444189339824
1.0,0.14091273026192297
1.0,0.17874548392416723
1.0,0.16134745200781997
1.0,0.1403505199149353
1.0,0.2325423916143723
1.0,0.15166449350791644
1.0,0.12270174632948094
1.0,0.7634910451523966
1.0,0.19650363176231023
0.0,0.13870154137249402
1.0,0.13530060202282657
1.0,0.1514841302764055
1.0,0.12175160237126215
1.0,0.1321952699656268
1.0,0.20073259116541375
1.0,0.1279385000646226
1.0,0.6975463880410362
1.0,0.23986764928180304
1.0,0.22073516366169021
1.0,0.1445733477063208
1.0,0.2240389832226094
1.0,0.20747236631693233
1.0,0.1389992049303902
1.0,0.4330512627303884
1.0,0.1431780898594026
1.0,0.14083534506016837
1.0,0.14845785852980942
1.0,0.1598167668967302
1.0,0.14517758890899257
0.0,0.15189123377931812
1.0,0.18476450307644687
0.0,0.2642121186151909
1.0,0.17787153330043903
0.0,0.3171119853207608
1.0,0.15985913394624374
1.0,0.15791253613057454
0.0,0.15137021471849887
1.0,0.21120707396557603
1.0,0.17106888421110622
1.0,0.21765214071500738
1.0,0.15876715905022598
1.0,0.13523993400490164
1.0,0.1560987650528578
1.0,0.18483923696167626
1.0,0.19066061519741606
1.0,0.1832372096820345
1.0,0.13640753638562841
0.0,0.17506637912437029
1.0,0.15263929433551382
1.0,0.15718333743348278
0.0,0.19239964315186087
1.0,0.16210937026933325
1.0,0.15620707762795205
0.0,0.13889109031764746
1.0,0.14949880526689108
1.0,0.15284726360676382
1.0,0.14444304638084948
0.0,0.15546366805099288
1.0,0.13136916555955802
1.0,0.1499552225351206
1.0,0.23191383635170637
1.0,0.18167207052233836
1.0,0.2076655714101704
0.0,0.1779878327390001
1.0,0.13551245883629148
1.0,0.1521163298943662
1.0,0.21928544703268826
1.0,0.16384469385682188
1.0,0.19537280941495616
1.0,0.14360183116231395
0.0,0.2061949702983128
1.0,0.14421909262130816
1.0,0.19928328191060896
1.0,0.3778649464083521
1.0,0.16117804537989433
1.0,0.12703167687917005
1.0,0.13569918638444034
1.0,0.15784225459731704
1.0,0.1361482452318339
1.0,0.11259235700596759
1.0,0.12593094194836674
1.0,0.11715691827357666
1.0,0.1314963845937147
0.0,0.1247599629469831
0.0,0.1793698816902919
0.0,0.8669569642184484
1.0,0.16545959265642385
1.0,0.16572247268875573
1.0,0.1371231320020162
1.0,0.10262759540555466
1.0,0.12560827713877987
1.0,0.17223899581800006
1.0,0.21007303507653696
1.0,0.11939196838680577
1.0,0.1256409021711925
0.0,0.7219381065685608
1.0,0.15015426369024565
0.0,0.2538212165791208
0.0,0.7986111393889356
1.0,0.17577368734414955
0.0,0.21780009468350214
0.0,0.2623632260790627
0.0,0.6746401522242396
0.0,0.132436587859862
1.0,0.13701495405386566
1.0,0.11628795755622678
1.0,0.11884996109212598
0.0,0.1688507684303392
1.0,0.16604436394637045
1.0,0.16059610211317166
0.0,0.13438105666482758
0.0,0.12952206051338266
1.0,0.19163138415002445
1.0,0.12752806925209126
1.0,0.14978604318584
0.0,0.9948222048970905
0.0,0.14487720318602404
1.0,0.19517386053420038
1.0,0.1493390288604587
1.0,0.12927651575346688
1.0,0.1452980825514152
1.0,0.21101055421903137
1.0,0.1350907308005408
0.0,0.21938777237421303
0.0,0.7211141728910879
1.0,0.15091366577035437
1.0,0.16397692636274808
0.0,0.20483251441769879
1.0,0.12496588281527865
1.0,0.28920008419867294
0.0,0.1611067167442708
1.0,0.17700764927906087
0.0,0.25058258001200306
0.0,0.3472707003502683
1.0,0.13527996802714248
1.0,0.1468263361537142
1.0,0.12127816848862782
1.0,0.2413329928149459
1.0,0.20430998561274039
1.0,0.1766342039090446
1.0,0.1385343555660451
1.0,0.24954493911286957
0.0,0.2808834826986867
0.0,0.17446534277020487
1.0,0.12498439554343377
1.0,0.14178103099198125
1.0,0.13251743135201477
1.0,0.1991096826054063
0.0,0.20526221004375722
1.0,0.9496291917913571
0.0,0.3186686903309105
1.0,0.19192810941738592
1.0,0.6499822322469722
1.0,0.11425032905370858
0.0,0.16588465671413832
1.0,0.1234190339423018
0.0,0.736693613683002
1.0,0.12534397610168135
1.0,0.15396017289480635
1.0,0.16657122522734602
1.0,0.18084134436204902
1.0,0.1777941559637949
0.0,0.253952479533222
1.0,0.11296067664842158
1.0,0.1598426252201285
1.0,0.2746342229477934
0.0,0.7339424335767368
1.0,0.14186880818067482
1.0,0.165220721161227
1.0,0.13167523281176274
1.0,0.17948712017821067
1.0,0.1501178568574303
0.0,0.1450921470216645
1.0,0.23962974219498356
0.0,0.17964140631705838
1.0,0.2540871967145568
1.0,0.13089134648300904
1.0,0.1178322889782405
1.0,0.13123608541217258
0.0,0.9626708942704598
1.0,0.19246859252433457
1.0,0.1503120834116477
1.0,0.17760024127871188
1.0,0.13874368031995055
1.0,0.12860766249559552
0.0,0.18753559076930193
1.0,0.13864545682783125
1.0,0.21678732899290964
1.0,0.17144151721933854
1.0,0.12997788924998077
1.0,0.11694502547496854
0.0,0.7962396558396548
1.0,0.11440964996929948
1.0,0.14386415103530237
1.0,0.13944440900193544
1.0,0.6745344336859863
1.0,0.1512383015922072
0.0,0.193114314754129
0.0,0.7807614296596465
1.0,0.20730721939289176
1.0,0.3193170631517914
1.0,0.13428880033999402
1.0,0.14405990263778656
1.0,0.1547765807534237
1.0,0.13563139971670735
1.0,0.13437661753718722
1.0,0.20727447191556048
1.0,0.23226766048168823
1.0,0.24935849737417592
1.0,0.11624639100014655
1.0,0.34243325443989225
1.0,0.13612437063503913
1.0,0.15485860714148858
1.0,0.2363589448665221
1.0,0.13307086773184296
1.0,0.20392276581143787
1.0,0.6207937657972005
1.0,0.1277103884629348
1.0,0.19591251032904833
0.0,0.7403034795968592
1.0,0.11273432690518714
1.0,0.16697914455314655
1.0,0.14400742072298056
1.0,0.19278887806359268
1.0,0.12149157601856087
0.0,0.12981793209875825
1.0,0.17226662980893082
1.0,0.12094489135573538
0.0,0.2441632971826322
1.0,0.1783491705694462
1.0,0.13786257215621445
0.0,0.8428416445675617
1.0,0.2664003635294224
1.0,0.6701506853537736
1.0,0.18354805327646406
0.0,0.19199354324873685
1.0,0.1384457330576383
1.0,0.159911298329672
1.0,0.1673167769657271
1.0,0.12098072338932864
1.0,0.24154492519804205
1.0,0.17135837677749433
1.0,0.20123463649076168
1.0,0.11884983441977859
1.0,0.12139177019662006
1.0,0.19591611273517973
0.0,0.14557410702489804
1.0,0.14875414646027008
1.0,0.11400248025305815
1.0,0.7045099520308744
0.0,0.16167102435000358
1.0,0.19068310800214872
0.0,0.2075309813168119
1.0,0.17360434660687685
1.0,0.1412514094179822
0.0,0.141360342781376
1.0,0.15374135889237417
1.0,0.14588349133131073
1.0,0.13768492692068712
1.0,0.1478431305674318
0.0,0.14227916095010607
0.0,0.23760629235223518
1.0,0.11229951684650497
1.0,0.21923837648748035
1.0,0.13883570351233765
0.0,0.8956367310179998
1.0,0.11719153748008748
0.0,0.13285750555703713
1.0,0.1844037065520443
1.0,0.14639988628265255
1.0,0.26134251644665585
1.0,0.1442651588724574
1.0,0.1350772676978207
1.0,0.11614136470063707
1.0,0.21326738365751907
1.0,0.1475992448240191
0.0,0.15699751122716987
1.0,0.2826609407633929
1.0,0.16505309436015336
0.0,0.21059270873301938
0.0,0.3026830318321917
1.0,0.44962341368262704
1.0,0.1298314873133286
1.0,0.19547058723749677
0.0,0.7867012705546228
1.0,0.17401599256044775
0.0,0.15276426631404283
1.0,0.12506604077771166
1.0,0.11172076456171842
1.0,0.17258278870692378
1.0,0.10984660719776584
1.0,0.13063808226177043
0.0,0.1938698189293543
1.0,0.2322784389969903
1.0,0.16666480781077997
1.0,0.15367506719747392
1.0,0.16122935595395504
1.0,0.1631344243860322
1.0,0.20269174867486983
1.0,0.14053737398647992
1.0,0.11693302537821981
0.0,0.3607926222658925
1.0,0.16194356699979762
0.0,0.7871227054937089
0.0,0.15961108754605546
0.0,0.12166223280905963
0.0,0.13489302869972053
1.0,0.1160763187031919
0.0,0.15021276044991427
0.0,0.1995814380907014
1.0,0.15273895430709816
0.0,0.15605553850626852
1.0,0.14306487538515655
1.0,0.13773785744818456
1.0,0.18360817363338078
1.0,0.1171260711860328
1.0,0.21801376185993793
1.0,0.14356535146182936
1.0,0.1363578065825417
1.0,0.19817505061605567
1.0,0.11427996618619984
1.0,0.1407307620729099
1.0,0.1597465928997286
1.0,0.1756687009467377
1.0,0.15330418468923124
1.0,0.13355288601396642
1.0,0.17381852748165627
1.0,0.14360517038141707
1.0,0.13968988230584845
1.0,0.12927542650403945
1.0,0.21088316302123788
1.0,0.14694317945175717
1.0,0.2620269732329841
1.0,0.1347371840919882
1.0,0.2054255804387879
1.0,0.11039335428199748
0.0,0.17398494976465428
0.0,0.7323738127803827
0.0,0.1772470547943812
0.0,0.26745122390920684
1.0,0.15063683888413837
0.0,0.7621037722518524
1.0,0.17273841260199352
1.0,0.14627847370664304
0.0,0.12059769602205261
1.0,0.29982985102532256
1.0,0.17107825971847512
0.0,0.15049561640873554
1.0,0.710670546625326
1.0,0.15558926342291535
1.0,0.1320586035475675
1.0,0.62330372036309
0.0,0.22267739724464963
1.0,0.21027829800397502
1.0,0.16648346696046623
1.0,0.12357429612902338
1.0,0.1304541978470778
1.0,0.16029425290220234
1.0,0.1575494635154988
1.0,0.12789542788056274
1.0,0.14671373511297603
1.0,0.16084069532484668
1.0,0.15210073616451036
1.0,0.14522182937517603
1.0,0.21994783349762548
1.0,0.13424287375402488
0.0,0.4286343222022684
0.0,0.595998714497936
1.0,0.21426778849567174
0.0,0.12728323521376184
1.0,0.13133047155522037
1.0,0.134824979379761
1.0,0.12172437133252323
1.0,0.13359240976298736
1.0,0.07786296338532628
1.0,0.2069679563666288
1.0,0.12274059781173385
1.0,0.19500417420771965
1.0,0.14649670048098518
1.0,0.1261469003956458
1.0,0.1470331254901216
1.0,0.7545265764409406
1.0,0.16665379991043194
0.0,0.7694830237786083
1.0,0.20660341831547013
0.0,0.1395811070598444
0.0,0.16912220663081656
1.0,0.2425413241293165
1.0,0.12561988247466627
0.0,0.15060489180040615
1.0,0.17562668716268115
1.0,0.1421327350034467
1.0,0.1388153038538832
0.0,0.4898197098971405
1.0,0.19034817027845274
1.0,0.17207583434289497
1.0,0.15195623865954921
1.0,0.18365248973780623
1.0,0.19505107988263615
1.0,0.28865261067397086
1.0,0.15545191206249853
1.0,0.1717539783732983
1.0,0.1804207820400452
0.0,0.7476945991991495
1.0,0.21427182626726093
1.0,0.1401927699367047
1.0,0.1848956451852315
1.0,0.1982073378298611
1.0,0.26782978672912316
1.0,0.10741337120753314
1.0,0.1849628868403641
1.0,0.15105078442225406
0.0,0.15266040261994362
1.0,0.12431393185483286
0.0,0.1833283314677877
1.0,0.13408074651564073
1.0,0.6600273515549495
1.0,0.17172823812439464
1.0,0.17481721679038187
1.0,0.13911708130171885
1.0,0.14057275921064616
1.0,0.1305740617849267
1.0,0.188425897691316
1.0,0.12667394198376725
1.0,0.14028557120557816
1.0,0.14365662751428643
1.0,0.1569765563823714
1.0,0.2596586529499515
1.0,0.2470008004925628
1.0,0.1624428756511277
1.0,0.17692439408902227
1.0,0.12400817083516424
1.0,0.1971245287659883
1.0,0.25157194104566316
1.0,0.2370404662889074
1.0,0.3342896697274469
1.0,0.1778044038687534
1.0,0.13560979622530345
1.0,0.15180145010794643
1.0,0.18869502371769065
1.0,0.13895368323297508
0.0,0.1798873624895917
1.0,0.24272213092503792
1.0,0.11697423523962702
1.0,0.19761908190785327
1.0,0.12083476757649925
0.0,0.5012980012955524
1.0,0.1774978040414963
1.0,0.13638973091352957
1.0,0.1734137027073126
1.0,0.23168113702061977
1.0,0.28167235565495985
1.0,0.2230607997459103
1.0,0.1677169911860874
0.0,0.17238351595014834
1.0,0.18432320816219405
0.0,0.2855787873324378
1.0,0.1463704119757806
1.0,0.20055989408881958
1.0,0.169040634239783
1.0,0.14710596289003663
1.0,0.11726325102499624
0.0,0.22801580334438387
0.0,0.19517109933131316
1.0,0.7830129653478722
1.0,0.12238605056571406
0.0,0.14343903076272835
1.0,0.15313156271697204
0.0,0.29958623556565167
1.0,0.13786213288778792
1.0,0.12736184756295044
0.0,0.7761716768925352
1.0,0.16662392316612884
1.0,0.12747752954429126
1.0,0.22279652245457038
1.0,0.12792305887010946
0.0,0.19713546915279156
1.0,0.2406077457560818
1.0,0.23373855433856472
0.0,0.791023747763979
1.0,0.18444212553563433
1.0,0.14063608011488615
1.0,0.20007727848609436
1.0,0.176565247477122
0.0,0.14544173803459304
1.0,0.2614609639458363
1.0,0.13937226169922468
0.0,0.14184757984706342
1.0,0.1632195076876245
0.0,0.20452539401047098
1.0,0.13051060682477555
1.0,0.2563479975564612
0.0,0.14696511046274463
1.0,0.14681131045005902
1.0,0.12262165650387069
1.0,0.14125951390331504
1.0,0.17728651954508923
1.0,0.15730264869873478
1.0,0.14449598643244355
0.0,0.7333458359936498
1.0,0.1378249815692527
0.0,0.682208409993001
1.0,0.17437168540176295
0.0,0.7310781340809194
1.0,0.12928284103708465
1.0,0.29499298213240244
1.0,0.15672525790488445
0.0,0.7619441138544198
1.0,0.1249670765353681
1.0,0.154285807673335
1.0,0.13518922072240014
1.0,0.13851938912548334
1.0,0.11263783608282507
1.0,0.14825219893428465
1.0,0.1609139476035768
1.0,0.1344334651221858
1.0,0.24578449873272568
1.0,0.20194829829379302
1.0,0.2574417627378498
1.0,0.1353348827440729
1.0,0.20087089710393358
1.0,0.18079877152449209
1.0,0.12998979880181405
1.0,0.2398029912872347
1.0,0.2924889775959575
1.0,0.22793220805416847
1.0,0.179611235080411
1.0,0.1921795715525627
1.0,0.16500315207855587
1.0,0.14207704141704547
1.0,0.12623114159173154
1.0,0.1284205546841788
0.0,0.1270817878500332
0.0,0.15505733085668283
1.0,0.1396096159044189
1.0,0.11587340749718777
1.0,0.2611467902035889
1.0,0.12078133889365916
1.0,0.24921105880420102
1.0,0.11870500373726278
1.0,0.17778223902968837
1.0,0.264744544346733
1.0,0.1228612365990096
1.0,0.1261057159755673
1.0,0.16185719011020216
1.0,0.13054488112200302
1.0,0.17971263532032866
1.0,0.23013563171813411
1.0,0.13636729813070292
1.0,0.1151992121623725
1.0,0.2504377445635676
0.0,0.18241857226817415
1.0,0.13021216413054937
1.0,0.17193082281004757
1.0,0.13435637856282245
1.0,0.22123591381747798
1.0,0.14479535956576728
0.0,0.11369847971090519
1.0,0.1694485477002836
0.0,0.24760488536004466
1.0,0.15297538790297815
1.0,0.16169070571738042
1.0,0.1651067041946137
1.0,0.31673861382743607
1.0,0.14463126113543257
1.0,0.1782560643357054
1.0,0.15061076435031928
1.0,0.1694488187258082
1.0,0.1274457797049694
1.0,0.16124458947625164
1.0,0.2074095610170732
1.0,0.15080935232585835
1.0,0.16555573985084893
0.0,0.18821684239414216
1.0,0.14799257625590545
1.0,0.1519356520705445
1.0,0.18042249752265105
1.0,0.2035264426054969
1.0,0.19674252658992653
1.0,0.1379448899010638
0.0,0.18935736809003634
1.0,0.20415128670127702
1.0,0.14644936537964248
0.0,0.17358676951739826
1.0,0.20426583483826
1.0,0.15745807345449014
1.0,0.16832474244310625
0.0,0.7476518335009064
1.0,0.1561346562100836
1.0,0.1317059565186618
1.0,0.1536177840559294
1.0,0.11971844591402869
1.0,0.12957468431560415
1.0,0.1283314166678955
0.0,0.135629646302732
1.0,0.12540740109339832
1.0,0.18990443204949936
1.0,0.16093724865552728
0.0,0.18910769643683212
1.0,0.1250192894434533
0.0,0.34015208532651375
0.0,0.14522401813338537
0.0,0.17060551283716008
1.0,0.20115937212599333
0.0,0.14635601665782427
1.0,0.142368182278389
1.0,0.18250003768769463
0.0,0.18453438141985856
1.0,0.1305147256452569
1.0,0.1487646821304749
1.0,0.15894879901554815
1.0,0.14014180470258797
1.0,0.14362172225542602
1.0,0.13172561569067132
0.0,0.6882686337345211
1.0,0.13460480736664115
0.0,0.7551120725860352
1.0,0.18436653197192254
1.0,0.15659263478020613
1.0,0.1462353508703379
0.0,0.18815861063128014
1.0,0.20793050611933417
1.0,0.16707337940629385
1.0,0.1278180750415665
1.0,0.185047591174609
0.0,0.705830256968094
1.0,0.153693749511721
1.0,0.12081849266218936
1.0,0.21783771645588912
1.0,0.12599998100169807
1.0,0.1374043213013164
1.0,0.201790302320361
1.0,0.1313407017830135
1.0,0.1313362116365745
0.0,0.8041878136293974
0.0,0.1363306724279587
1.0,0.13894209056886464
1.0,0.17104496136693348
0.0,0.15201940245779944
1.0,0.14757223332693037
1.0,0.12236685883920073
0.0,0.3347933466334355
1.0,0.1514596003946872
1.0,0.2842373884156356
1.0,0.14522541214223017
1.0,0.2570461006012317
1.0,0.19262810779859685
1.0,0.10745134830034031
1.0,0.11288039975693431
1.0,0.12710425756377453
1.0,0.13577546108813454
1.0,0.110392254730177
1.0,0.17285903604098174
1.0,0.14483302508894613
1.0,0.1846624446233922
1.0,0.14461870058321513
1.0,0.2012874104517245
0.0,0.23570912678031752
1.0,0.16961038621450997
1.0,0.12725577381431763
0.0,0.13959033690493894
1.0,0.23563927693208309
1.0,0.14777080819981292
1.0,0.21678924490022777
0.0,0.2324152448012815
1.0,0.11727783543342063
1.0,0.12598932943011332
0.0,0.7373235518572201
1.0,0.14865866607621592
0.0,0.7765958512209994
1.0,0.1313030393563015
1.0,0.13321019031567072
1.0,0.1344550043254249
1.0,0.13543603134709858
1.0,0.151431528990719
1.0,0.1650844788498539
0.0,0.25138766294211246
1.0,0.14093305743425266
1.0,0.13534907602421054
1.0,0.12795123226904226
1.0,0.13710945447688128
0.0,0.21353023386736958
1.0,0.17767953072209042
1.0,0.6496192171543131
1.0,0.1233221573090385
1.0,0.14958512585146766
1.0,0.12014570792585388
1.0,0.19527240907024868
1.0,0.19519502206299189
1.0,0.14640605191091538
1.0,0.13991443742932075
1.0,0.21638517246596256
1.0,0.1565079474389779
1.0,0.15663930749868793
1.0,0.1332745304086369
0.0,0.1709491095314628
0.0,0.8214301005529279
1.0,0.1278095721737822
1.0,0.23384405622412718
1.0,0.1169757169279777
0.0,0.9633792556041038
1.0,0.1298952917139371
1.0,0.12166322079863223
1.0,0.29443214653801064
1.0,0.15721822603293156
1.0,0.15705859660658705
0.0,0.5750960032438786
1.0,0.503848327805126
1.0,0.21643181222704722
1.0,0.18325344890389683
1.0,0.23120875362446158
1.0,0.1759491932332703
1.0,0.20412542431796998
1.0,0.24346354792248237
1.0,0.15954733844856972
1.0,0.1331312475440517
1.0,0.19069061429799405
1.0,0.13172561569067132
0.0,0.133026116754273
1.0,0.30163278120538495
1.0,0.17491193291182605
1.0,0.1802643146291243
1.0,0.17477038282781643
1.0,0.13224847281862595
1.0,0.13425943435476828
0.0,0.3249326873418995
1.0,0.20862244674710528
1.0,0.20935118073398828
1.0,0.21026505338823753
1.0,0.1689766295944508
0.0,0.2007405165599171
1.0,0.13383070331131786
0.0,0.5825287948389368
0.0,0.12150344064312402
0.0,0.6602455529488429
0.0,0.1585442554497124
1.0,0.11234751153754607
1.0,0.16175623048231957
1.0,0.1400518237964995
1.0,0.1458247513343871
1.0,0.34301549323255554
1.0,0.11653694558332028
1.0,0.2321241690246606
1.0,0.12001748883885333
1.0,0.14064701207438013
1.0,0.29528396406225577
1.0,0.17450166872469974
1.0,0.13833658321649955
1.0,0.15904432361629106
1.0,0.149958755357663
1.0,0.14794922115880726
1.0,0.163289340549436
1.0,0.18003231239987272
1.0,0.653975408741866
1.0,0.1502720383031343
1.0,0.2731356972946125
1.0,0.13132485243616565
0.0,0.2038687296436248
1.0,0.12490819311146206
1.0,0.18032314409041728
1.0,0.1921311607905578
1.0,0.21855950032128368
1.0,0.15681943885344063
1.0,0.12643331187226647
1.0,0.1289970945266018
1.0,0.14106080759776907
1.0,0.6109575800743543
1.0,0.14526010876257134
1.0,0.11688794376592271
0.0,0.2135892703298483
1.0,0.16145136030757545
1.0,0.1926610423240287
1.0,0.11932545664001193
1.0,0.19228072419943898
1.0,0.13126273069512617
1.0,0.23646109930097114
1.0,0.21188752519281462
1.0,0.16540577920769006
1.0,0.13592108543235526
1.0,0.1382018183302942
0.0,0.23370993247427596
1.0,0.12079121474600885
1.0,0.14088136707710885
1.0,0.1460405559340071
1.0,0.14705917858736173
1.0,0.15243293635227506
1.0,0.14463955953728147
0.0,0.6771768805047504
1.0,0.15589746492143097
1.0,0.12740101482123933
0.0,0.15316080985957103
1.0,0.16974209362013903
1.0,0.6524726217161385
1.0,0.38424477284180913
0.0,0.7275108618222439
1.0,0.12702372370485904
1.0,0.13291591724421414
1.0,0.15779813307645985
1.0,0.14946586983983845
0.0,0.16107840923112604
1.0,0.16262176621301072
0.0,0.3366269284686053
1.0,0.11837930021966037
1.0,0.24193686600543063
1.0,0.12504435712676987
1.0,0.16114238152979032
1.0,0.14456305479964915
1.0,0.1723404040947596
1.0,0.18250723459845075
0.0,0.7778210577181617
1.0,0.1405614827091527
1.0,0.17191758717246086
1.0,0.2556130246531463
1.0,0.15861449876580425
1.0,0.14735559573963009
0.0,0.1922647140555238
1.0,0.2465922145282935
1.0,0.14445401875486752
0.0,0.2558582170561319
1.0,0.14172122298484802
1.0,0.17656904183443
1.0,0.1299227562792481
1.0,0.2597866872414848
1.0,0.1249010388224655
1.0,0.13188031779151121
1.0,0.1354831768595025
1.0,0.2845024789833335
1.0,0.14423041362218536
1.0,0.14606062812477616
1.0,0.1837541493482806
1.0,0.13482697236592067
0.0,0.22237995273706046
1.0,0.11664849500965713
1.0,0.12992436895254222
1.0,0.13101887046804928
1.0,0.11019924102552003
1.0,0.2093676186023009
1.0,0.23890737188014954
0.0,0.5357537593679855
1.0,0.11989788683282732
1.0,0.12993337222326906
1.0,0.2987993951840461
1.0,0.19470427287030778
1.0,0.20985230017822942
0.0,0.12140132377068069
1.0,0.11199133041488907
0.0,0.11924550059661598
0.0,0.13250485567743342
1.0,0.17734930849518282
0.0,0.12421577902681535
1.0,0.17352764794319187
1.0,0.3114956262544404
1.0,0.19055579131376865
1.0,0.1448779823373484
1.0,0.16500735992608673
1.0,0.13306129869099725
1.0,0.16368525029354397
1.0,0.15689423212089193
1.0,0.1300275009295997
0.0,0.25080043986328204
1.0,0.12391140064435235
0.0,0.6963948129413273
1.0,0.13474599569550927
1.0,0.18732523628974374
1.0,0.1345680950164453
1.0,0.1611432274139324
1.0,0.1380254163870972
1.0,0.14344264682437857
1.0,0.1348729937710773
1.0,0.1460775773552332
1.0,0.12033025215442783
1.0,0.1656471137393264
1.0,0.1151430897004081
0.0,0.7098751604707186
1.0,0.12736743196232203
1.0,0.1698685546928932
0.0,0.7321358424911106
0.0,0.7136976750386123
1.0,0.16715241124230185
1.0,0.15374906412095957
1.0,0.21109997623972743
1.0,0.1771175229672407
1.0,0.19037426955974268
1.0,0.12739563253525343
1.0,0.2321209011509231
1.0,0.13493781340812916
1.0,0.18435782423034663
0.0,0.8148588147646094
1.0,0.15292967368997534
1.0,0.19888300863075914
1.0,0.12390522184932484
1.0,0.16060037674768834
1.0,0.14412616526217914
1.0,0.12556533814453208
1.0,0.13633227259695457
1.0,0.15202572047907226
1.0,0.13192231553530098
0.0,0.12333614184843633
1.0,0.41769495691335246
1.0,0.16581662851592793
1.0,0.13564695765067625
1.0,0.1736465782994443
1.0,0.18382152332139312
0.0,0.15103280173237943
1.0,0.15559738512459054
0.0,0.15720277020613815
1.0,0.1614844887179595
0.0,0.19599259837440353
0.0,0.13337940081188338
1.0,0.1360114114242904
0.0,0.23156374948889236
1.0,0.20820738588500842
0.0,0.2786890456928306
1.0,0.18578297879290062
0.0,0.15968462429475305
1.0,0.1687895889353327
1.0,0.15156552718641136
0.0,0.3049198231260891
1.0,0.15682901621513667
1.0,0.14155914014784055
1.0,0.1307797981768153
1.0,0.1790526523398177
1.0,0.17862100390767044
1.0,0.14025492813565643
1.0,0.15854669219150275
1.0,0.17204018947910293
1.0,0.13492046923268863
1.0,0.1348809625777373
1.0,0.18740852502382
0.0,0.13749956681889142
0.0,0.20000563308468156
1.0,0.1410146002081447
1.0,0.11588066625376725
1.0,0.1293485221199584
0.0,0.23626274276973958
1.0,0.11957949580431115
1.0,0.15892227554405824
1.0,0.15669595191185337
0.0,0.3046406648567156
0.0,0.2124535583259236
1.0,0.14447008263429184
1.0,0.14113097913910144
0.0,0.1886621955046346
1.0,0.24293738198194081
1.0,0.12136889282905483
1.0,0.9811335538495164
0.0,0.15747687881364003
1.0,0.19079012490295255
1.0,0.166010723026072
1.0,0.1790501977380864
1.0,0.1600005544877786
0.0,0.16730210087645392
1.0,0.13286020344566962
1.0,0.22467760802189984
1.0,0.1260774571088088
1.0,0.17759226734724265
1.0,0.1444927279551823
1.0,0.20325043938216436
1.0,0.15041892116081146
0.0,0.8098156612504233
1.0,0.1931324472998619
0.0,0.18987006476889923
0.0,0.8708674294450935
1.0,0.18440143567261003
1.0,0.17627829575822873
0.0,0.30682895670717336
1.0,0.18270509309307736
1.0,0.125078405051678
1.0,0.14020408814472218
0.0,0.2338929629544031
1.0,0.14118478643527688
1.0,0.1316405970922504
1.0,0.14998103708697552
1.0,0.19049357697125047
0.0,0.13739623520779332
1.0,0.26692978729907213
1.0,0.23536136331493995
0.0,0.11552807340339954
1.0,0.12471570527500253
1.0,0.17608606891744305
1.0,0.21596599620527857
1.0,0.15735714327585515
1.0,0.6534413390935583
1.0,0.1632116494354281
1.0,0.11322027206232133
1.0,0.13741227605016948
0.0,0.24614459238960862
1.0,0.1992348264897118
0.0,0.12138098565656796
0.0,0.13448111282682684
1.0,0.11690013619853812
1.0,0.16614352988739756
1.0,0.19254079339885155
0.0,0.7255116785682798
1.0,0.12134460472999087
1.0,0.15406599838366153
1.0,0.1495025510887743
1.0,0.14069892297455722
0.0,0.6425114587335587
1.0,0.14530024584109313
1.0,0.3052313694025506
1.0,0.23880258544852928
1.0,0.1498587753939945
1.0,0.19192272938309662
1.0,0.11830124887136195
1.0,0.1703423326623308
1.0,0.1843639804850732
1.0,0.1628813275771266
0.0,0.3494864934928208
1.0,0.13131529341514325
1.0,0.6796200830315723
1.0,0.1395505259739459
1.0,0.1889405300422703
1.0,0.21729417818304808
1.0,0.4314861554430519
1.0,0.1835405474134576
1.0,0.22346565295404275
0.0,0.1524207186376546
1.0,0.4150478728008953
1.0,0.17335980211276714
1.0,0.1542032794272441
1.0,0.1953701812383032
1.0,0.2152155069759195
1.0,0.14141196423770852
1.0,0.19541084788474705
1.0,0.24058012007116691
0.0,0.7550323540592878
1.0,0.3752081097236888
1.0,0.13930814203868158
1.0,0.20810142009857524
0.0,0.19678918509544296
0.0,0.21303933475172165
1.0,0.1261056108451124
1.0,0.5414680922598343
1.0,0.19786179441166796
0.0,0.2117733974351973
1.0,0.16109238798034353
1.0,0.6204004221753343
0.0,0.1418363388048921
1.0,0.6313217147367631
1.0,0.1898829988980384
0.0,0.19729436124551047
1.0,0.2154030843144954
1.0,0.21772301709967334
1.0,0.20344315992898032
1.0,0.1691686776933713
1.0,0.11687019169940638
1.0,0.15101396320992133
1.0,0.13528562802584676
1.0,0.11939178753867874
1.0,0.17092412798175494
1.0,0.12891216192506372
0.0,0.1380714581720448
1.0,0.14465155452749978
0.0,0.21998057889481648
1.0,0.14758880330480006
0.0,0.1300489500629135
0.0,0.14350552875077793
1.0,0.11870500373726278
0.0,0.7150377359439033
0.0,0.16380425696733447
1.0,0.127320722341018
1.0,0.14101739634158206
1.0,0.14389233542478364
1.0,0.13456731854662518
1.0,0.12107824771499731
0.0,0.12100712837423044
1.0,0.6592935330692771
1.0,0.23986521797359361
1.0,0.19240870646609975
1.0,0.14218359294597194
1.0,0.13694974587049646
1.0,0.12252830844686702
1.0,0.15813738822161283
0.0,0.14632936436769384
1.0,0.23996371029550112
1.0,0.24314306588648749
0.0,0.23009461012184784
1.0,0.12102712823603912
1.0,0.1721255956339902
0.0,0.223152198438069
1.0,0.1185947044330552
1.0,0.22130096430964563
1.0,0.13871854848530163
1.0,0.21610540049920668
1.0,0.16549568100087375
1.0,0.18683909462653836
1.0,0.16396490914385553
1.0,0.1393177166586138
1.0,0.1459954332222334
1.0,0.18105073737291144
1.0,0.15653517808697093
1.0,0.12609138266447573
1.0,0.14258208957969754
1.0,0.15968040049395893
1.0,0.17025152924706288
1.0,0.12959739547496618
1.0,0.14894435751497503
0.0,0.15021381665977862
1.0,0.1465267146882696
0.0,0.1701624505575553
1.0,0.14499015156883577
1.0,0.18497686519650736
1.0,0.19473720517952298
1.0,0.1836636522821269
1.0,0.12572062449909216
1.0,0.14690050982234348
1.0,0.20848572427775003
0.0,0.16659965696593293
1.0,0.1370654675769214
0.0,0.25035943289900864
1.0,0.1336092329351406
1.0,0.15157898409428416
1.0,0.13335518083538023
0.0,0.19123759344025426
1.0,0.2570004574751896
0.0,0.1927289159780433
1.0,0.17312488935554682
1.0,0.15825983163040525
1.0,0.13430757887094236
1.0,0.1387667420133295
1.0,0.1346443627836046
1.0,0.1456149031373083
1.0,0.1386726072090838
1.0,0.1835090117584519
0.0,0.6995732900711553
1.0,0.18552957754138977
1.0,0.11212779653908767
1.0,0.14768864367014956
1.0,0.16791212862624938
1.0,0.18347530385744404
1.0,0.13089611358323094
1.0,0.13616539805259464
1.0,0.13961934404498644
1.0,0.13218400326088842
1.0,0.11850179532191385
1.0,0.12407837412251288
0.0,0.2579940578767329
1.0,0.13497847976347788
1.0,0.1588650529765505
1.0,0.2618931256657261
1.0,0.12667616420083272
1.0,0.17752076592588406
1.0,0.1789181269873904
1.0,0.20055184377371993
1.0,0.16841362838279206
1.0,0.13168013203889584
1.0,0.689401989840801
0.0,0.17649335191775206
1.0,0.20150978470081826
1.0,0.2343218748646695
0.0,0.23120703108596963
1.0,0.12419775118784837
1.0,0.17018362752826177
1.0,0.13571717152357998
1.0,0.11666274665975573
1.0,0.14947842775829334
1.0,0.16866355312598746
1.0,0.14407018818098005
1.0,0.21808752725459557
1.0,0.1678574248992445
1.0,0.1724712244731983
1.0,0.15050115825763255
1.0,0.1132977787841919
1.0,0.16280936967021475
1.0,0.1827749671892942
1.0,0.1231244078949123
1.0,0.13558826707517202
1.0,0.1465793597871451
1.0,0.1526089908448176
1.0,0.14068097768746468
1.0,0.14461016295034812
1.0,0.1916664953351631
1.0,0.27269396802080303
1.0,0.8008831493511521
0.0,0.30430810290337074
0.0,0.13135341501464803
1.0,0.18786726107261165
0.0,0.2571023055963606
1.0,0.12072746944971091
1.0,0.13374142588603943
1.0,0.15203186412729386
1.0,0.16519057357886702
1.0,0.31485469425503587
0.0,0.7572763483572869
1.0,0.1668666392409719
1.0,0.16557909677928762
1.0,0.14351421710412093
1.0,0.14557410702489804
0.0,0.22984422543787086
1.0,0.14445308522648848
1.0,0.13581105921424352
1.0,0.1443294788949322
1.0,0.16751322414770053
1.0,0.18464663087407873
1.0,0.12826498949514542
1.0,0.12108377650669278
1.0,0.14520741709620077
0.0,0.1485981455351384
1.0,0.1325968671413985
1.0,0.14026890523272006
1.0,0.19580095976287015
1.0,0.17032618649534037
1.0,0.17775830264224102
1.0,0.2382824696516116
0.0,0.24199554501907428
0.0,0.14606113483511352
1.0,0.15822565807527766
1.0,0.20636348837329765
1.0,0.1449272839548662
1.0,0.13860129041679858
0.0,0.13827411286482294
1.0,0.13036914139830957
1.0,0.14548737396725187
1.0,0.15896299580034434
1.0,0.1352926974924472
0.0,0.2604760811710578
1.0,0.1661551182542642
0.0,0.3469276160775434
1.0,0.18955018903890586
1.0,0.15585166055269029
0.0,0.15100203119873312
1.0,0.1391980438091297
0.0,0.11731761981609856
1.0,0.1403499350140811
0.0,0.23645363014464227
1.0,0.1848266647881689
1.0,0.12643762114657298
0.0,0.7691043613873162
1.0,0.18380137973952237
1.0,0.14944065578307297
1.0,0.15767292392353505
1.0,0.22560177324839525
1.0,0.14730978779052084
0.0,0.13507904365893586
0.0,0.14983974760413454
1.0,0.17552856244327253
1.0,0.6464036071929309
1.0,0.1309246632766965
1.0,0.12274787635874362
1.0,0.1524724686064577
1.0,0.13173976374615803
1.0,0.22995677518147284
0.0,0.15854162308865172
0.0,0.13460505330762929
1.0,0.1254736001887785
1.0,0.2146127978978476
1.0,0.172398212492755
1.0,0.22565381799080297
1.0,0.14669896063997112
1.0,0.19680976071743606
1.0,0.2022030681962066
1.0,0.19150948359585251
1.0,0.3225792531407884
1.0,0.18324752251219512
1.0,0.15783738892627264
1.0,0.14765078030870615
0.0,0.15371254180867322
1.0,0.6250164839749256
0.0,0.6961287627943701
1.0,0.1537320976636628
1.0,0.14783538248287387
1.0,0.1661035170956875
1.0,0.12785693034607581
1.0,0.11329626297400497
1.0,0.1470594819430826
1.0,0.25992963942351666
1.0,0.18976187636882003
1.0,0.2699340178294868
1.0,0.15176864294426018
1.0,0.15604248162298395
1.0,0.15603384136272413
1.0,0.226376956337766
1.0,0.11567337002063294
1.0,0.16507613284905787
0.0,0.14823675930890223
1.0,0.12576420568150082
1.0,0.18550568546295843
1.0,0.19112238754896305
1.0,0.14053678134867664
1.0,0.13536530137214353
1.0,0.7203750167345947
1.0,0.2016667808724022
1.0,0.1253405088107502
1.0,0.13636464776270218
1.0,0.6608549317619412
0.0,0.7188923549312858
1.0,0.15174240775040593
1.0,0.14387779698472258
1.0,0.14933277399364708
1.0,0.13016639556523857
0.0,0.14992317131640576
1.0,0.20365293198483236
1.0,0.14774406435366338
1.0,0.2248321158208979
1.0,0.14148718814805983
1.0,0.13284275192379036
1.0,0.12561867582963104
1.0,0.13465225958501958
1.0,0.15146307166408945
1.0,0.1805166770690224
1.0,0.12801932248364845
1.0,0.16148242118692613
1.0,0.18516927989100462
1.0,0.15839769650427538
1.0,0.16474725806521628
1.0,0.13071044525496311
1.0,0.1393737668279572
1.0,0.15593124849835294
0.0,0.1512933190608362
1.0,0.38998321393116087
1.0,0.12520806682478103
0.0,0.18283002148489091
1.0,0.1331115301730561
0.0,0.16438978892427247
1.0,0.15428338136775988
1.0,0.22954428318755515
1.0,0.15082500645774488
1.0,0.1302013686967689
1.0,0.14947161950002097
1.0,0.1733711399227591
1.0,0.14946357674450794
1.0,0.5223963128059608
1.0,0.129349659629874
1.0,0.17111633843920515
1.0,0.12015079194185396
1.0,0.13517207402363618
1.0,0.14875135848265375
0.0,0.21901319694166788
1.0,0.16834050830657887
1.0,0.16603463576475985
1.0,0.1686864157312259
1.0,0.17720895796715497
1.0,0.18848265664580743
1.0,0.12372500390675079
0.0,0.14157888686852704
0.0,0.14905528641472265
1.0,0.14874796806107515
1.0,0.13636128708214668
1.0,0.1347202862483854
1.0,0.21742406852900742
1.0,0.17671017326879557
1.0,0.17918897936268652
0.0,0.1393502396986711
1.0,0.9251434203222576
1.0,0.21162007735915978
0.0,0.11752673559799065
1.0,0.14388945394793307
1.0,0.14986078652013857
1.0,0.15881014460837561
1.0,0.1597574119242695
1.0,0.15357963809871256
1.0,0.125393773926876
1.0,0.18993709134605308
1.0,0.27592442971250775
1.0,0.1841870212555733
0.0,0.7696507006131845
1.0,0.12951232008056535
0.0,0.8837587038733306
1.0,0.2831207592421029
0.0,0.21735841393649125
1.0,0.4594480576562521
1.0,0.29965464838419964
1.0,0.20995429057772186
0.0,0.23642030112343815
1.0,0.12854140861251329
1.0,0.27469506307819347
0.0,0.15067849861303917
1.0,0.15569207256329887
1.0,0.15610034599515643
1.0,0.22609414182424636
1.0,0.1900537934878067
0.0,0.23338452458267933
1.0,0.14517231388400997
1.0,0.13532961257557852
0.0,0.15164750921720438
1.0,0.12813155738133597
0.0,0.16643035004192963
1.0,0.19555290215078247
1.0,0.15495002647626865
1.0,0.1384511060086946
1.0,0.13665182194676917
1.0,0.11626212512161971
1.0,0.1849568950420154
1.0,0.1330826193858744
1.0,0.18273260613667075
1.0,0.160092700985911
1.0,0.11789913608260527
0.0,0.29536104709871414
1.0,0.13430204572872795
1.0,0.31439456740092464
0.0,0.16089432380822044
0.0,0.2218008434237575
0.0,0.2884945050104121
1.0,0.15162978535420923
1.0,0.1895252898271378
1.0,0.22057160032675438
1.0,0.22131401404202566
1.0,0.1340936573271697
1.0,0.14703358342795214
1.0,0.1439379042450616
0.0,0.1340829330341784
1.0,0.1559576761888808
1.0,0.20279163252259091
1.0,0.19264427432573672
1.0,0.15716396867158822
1.0,0.12379278027079221
1.0,0.11943894233101793
1.0,0.2817833363721445
1.0,0.17202637976094948
1.0,0.1984458510742133
1.0,0.15360223038985688
1.0,0.18605724633559662
1.0,0.1350526151451945
1.0,0.2428032000079975
1.0,0.12579381535852663
1.0,0.19266561638194069
1.0,0.16728600032633456
1.0,0.14124561954136428
1.0,0.1330555217296734
1.0,0.2529278958135428
0.0,0.1619329068090275
0.0,0.13135877641833926
0.0,0.1725577585660122
0.0,0.7045007419024908
0.0,0.13827655751889978
0.0,0.17827687242611578
0.0,0.16278709821155546
0.0,0.764437056377083
1.0,0.1157401357104898
0.0,0.15633020436408518
0.0,0.8697821845316626
1.0,0.12049587015476193
1.0,0.2586294246427979
1.0,0.49140413396700855
1.0,0.21720500745656723
1.0,0.43389768567458453
1.0,0.27305655539584717
1.0,0.14972451609922566
1.0,0.21738575719053954
1.0,0.1953893184632628
1.0,0.1655401528768783
1.0,0.26602151314509503
0.0,0.7871745932882523
1.0,0.1829759711596195
1.0,0.22949156426496875
0.0,0.6793008411077367
1.0,0.226650834793392
1.0,0.15049556953782472
1.0,0.14698408472051305
1.0,0.19679783777766935
1.0,0.1660855712478998
1.0,0.1529418346838809
1.0,0.2173367996102974
1.0,0.143365078718367
1.0,0.30082246056316153
1.0,0.12073302779030926
1.0,0.1231122369457941
1.0,0.169862581973807
1.0,0.19507428094608115
1.0,0.186964035705233
1.0,0.13478339696066122
1.0,0.11283586924695543
1.0,0.1843778763438978
0.0,0.16337869885774947
1.0,0.14633037085530387
0.0,0.23974300218024358
1.0,0.1356561822245057
1.0,0.1543328186117069
1.0,0.252054472112752
0.0,0.16386941444111558
0.0,0.20716572901903363
1.0,0.1434286631251651
1.0,0.10821756509241509
1.0,0.14988915939966685
1.0,0.12469878318284155
1.0,0.678994613962895
1.0,0.14921312772005313
1.0,0.182107720723369
0.0,0.7692577033628318
1.0,0.16691688779086256
1.0,0.13609280636979615
1.0,0.08991909147267685
0.0,0.16955369960258726
1.0,0.12761638142356801
0.0,0.1363264163293918
0.0,0.1706638015167311
1.0,0.18478051649229177
1.0,0.1611024184279577
1.0,0.17409210771027184
1.0,0.20321246951633032
1.0,0.23187581020639692
0.0,0.17717665207646238
1.0,0.17405102988582843
1.0,0.126484614434754
1.0,0.2057499102712409
1.0,0.13382723032395427
1.0,0.12860074058969084
1.0,0.12504145166835146
0.0,0.22030130168380546
1.0,0.1560048952615517
0.0,0.6663151876588573
0.0,0.6961197696301169
1.0,0.14159885567897645
1.0,0.1300409567422608
1.0,0.20425727620675826
1.0,0.1603401590709007
1.0,0.16905868027440907
0.0,0.6955475501084427
1.0,0.18370099565027243
0.0,0.1394544723315576
0.0,0.18167939213580708
1.0,0.23767350632612172
1.0,0.2440014584978092
0.0,0.17499603063736946
0.0,0.1531588448679766
1.0,0.17433007587834104
1.0,0.11999446841076933
1.0,0.17109333949536987
1.0,0.2569978236203737
1.0,0.16016599404131016
1.0,0.1271947746510167
1.0,0.13772166287293852
1.0,0.1524922432104291
1.0,0.16226910490521096
1.0,0.23975445136567763
1.0,0.18088842707990194
0.0,0.1440334173342287
1.0,0.25385379006262465
1.0,0.1601080861835732
0.0,0.914816824727482
1.0,0.1619892644489025
1.0,0.11492850629095297
1.0,0.1275613181839097
0.0,0.2174227475553573
0.0,0.2248145922070377
1.0,0.15206332904363906
1.0,0.17682890855105904
1.0,0.14673380002316228
1.0,0.11798180840378691
1.0,0.21284983000155766
0.0,0.2732169899302034
0.0,0.15618358729627613
1.0,0.17344543959170533
0.0,0.17473352876542947
0.0,0.1316700363114358
1.0,0.14595844644658496
1.0,0.21875155613733732
1.0,0.1409371406522696
1.0,0.17846857034302632
1.0,0.2158365697802369
0.0,0.7471881174159998
1.0,0.12218722345359923
0.0,0.7219332098149347
1.0,0.19910867066119364
1.0,0.1391324227202031
1.0,0.24577506788744663
1.0,0.1513543478523921
1.0,0.1358639727164228
0.0,0.14656207230665141
0.0,0.7774124069893947
0.0,0.6583398143141987
1.0,0.17892357888111277
1.0,0.17100592215700305
0.0,0.44556437109251645
1.0,0.21949132161186413
1.0,0.1627688415462727
1.0,0.12736765830769914
1.0,0.17833372937553016
1.0,0.17177804989810141
0.0,0.13723648388515164
1.0,0.1901300624186254
1.0,0.12115797752193747
1.0,0.25935845547402814
1.0,0.13784586892059614
1.0,0.12168499086387508
1.0,0.17430078339101485
1.0,0.3025962885593636
0.0,0.16036856077286477
1.0,0.1661633028252244
1.0,0.6803781348156037
0.0,0.20208601367768075
1.0,0.1520503285452981
1.0,0.11650258480113163
1.0,0.13291964336862527
1.0,0.15903688857174536
1.0,0.21143111361619782
1.0,0.12779732615491923
1.0,0.1439556336175022
0.0,0.2585851626271066
0.0,0.19128799422254272
1.0,0.17820051969125794
1.0,0.219216155287153
1.0,0.15618690655628353
0.0,0.15224463666275534
1.0,0.16422585975342596
1.0,0.13884213463400874
1.0,0.371640318608764
1.0,0.15484068698579323
1.0,0.11883297025376593
1.0,0.20616099689343936
1.0,0.15067644912070322
1.0,0.18728322152373877
0.0,0.848312960428045
1.0,0.18802726581807883
1.0,0.1387593365529488
1.0,0.12928768852628347
1.0,0.1929555138182748
1.0,0.3195516911706694
0.0,0.13509762538842573
1.0,0.16528792790265268
1.0,0.1903497138696857
1.0,0.1453421293797018
1.0,0.1816303785303761
0.0,0.16423950821442224
0.0,0.21555286417622965
1.0,0.14327335668729513
1.0,0.17427543770699827
1.0,0.15025894388466476
0.0,0.3322517984901542
0.0,0.14486239737525208
1.0,0.11738864288686168
1.0,0.13292824537327863
1.0,0.18785259588074066
1.0,0.2540691154398026
1.0,0.18453530062088874
1.0,0.20467770404124408
0.0,0.2288513597136531
1.0,0.14252730278770953
1.0,0.25168258829437073
1.0,0.12894275767030805
1.0,0.18730960114676098
1.0,0.15037278929000164
1.0,0.1457240405543877
1.0,0.14438985665903104
1.0,0.2975699386357795
1.0,0.15155051657330287
1.0,0.11725909272578872
1.0,0.12080111744689925
1.0,0.2436364776861727
1.0,0.14330719231030487
1.0,0.11786692895604123
1.0,0.13891187838728558
0.0,0.6321140897466271
0.0,0.12629452872204738
1.0,0.19222027325599422
1.0,0.16930060864677854
1.0,0.12568909760196123
0.0,0.7014080678819643
0.0,0.13927598217588133
1.0,0.13878409743776665
1.0,0.13387059716664385
1.0,0.17978443398206223
1.0,0.20748941495100548
1.0,0.1335213835502841
0.0,0.1334096650125085
1.0,0.12382618761130848
1.0,0.16149122216217482
1.0,0.18471507542603216
0.0,0.6505138770513337
1.0,0.1908623532370135
1.0,0.19073290978907087
1.0,0.14093574781520624
1.0,0.28391262495366165
1.0,0.15930452748697488
0.0,0.17253053395224893
1.0,0.15543509966935354
1.0,0.13629862942402227
0.0,0.745890180090764
1.0,0.12093319989620599
1.0,0.19715710589296498
0.0,0.36519521726739934
1.0,0.144773769132026
0.0,0.8446365795846512
1.0,0.21919475592844417
0.0,0.6987486516880066
1.0,0.21272805660486704
1.0,0.1647339929572469
1.0,0.20848352381503388
1.0,0.14529718840459838
1.0,0.19084430692810184
1.0,0.13402923887059526
0.0,0.7552121996436942
0.0,0.1398341788931151
1.0,0.12053400246980162
0.0,0.2537521502503596
1.0,0.12871157882038708
1.0,0.22786820789509643
0.0,0.9688123183014579
1.0,0.1546570067165588
1.0,0.17834583890183875
1.0,0.13042070906795078
1.0,0.15179851065499128
1.0,0.20976571507941744
1.0,0.1468598993548168
1.0,0.23451034175889607
1.0,0.16956749082899203
0.0,0.19638577845835137
1.0,0.11004233940286312
1.0,0.13854423256023685
1.0,0.2256545762269101
1.0,0.20288367455189937
0.0,0.7252650522995099
1.0,0.16346303425244413
1.0,0.12650681932592678
1.0,0.1749698171528431
1.0,0.1244252596003862
1.0,0.17936403473459395
1.0,0.15146559865165987
1.0,0.17411273768284896
1.0,0.16116067186541538
1.0,0.2337982992257428
1.0,0.1617681260280922
1.0,0.1714085760832208
1.0,0.1864941222739105
1.0,0.16284101090136038
0.0,0.7003030600859921
0.0,0.7476348975266303
1.0,0.14883410664674446
1.0,0.179148743174806
0.0,0.11257596669147008
1.0,0.1275858171112939
0.0,0.2150966897755615
1.0,0.17733749368876361
1.0,0.26310055007842215
1.0,0.13968186995089016
1.0,0.13248132989660633
1.0,0.14568016597735345
1.0,0.16509813024806486
1.0,0.16666229113169384
1.0,0.1641596747542572
1.0,0.18433675362984825
1.0,0.19598657635900762
1.0,0.13540417744052402
1.0,0.20472560059610112
0.0,0.16539878900185045
1.0,0.19594516630064762
1.0,0.11353205911733188
1.0,0.12635111880268457
0.0,0.32215554466455687
1.0,0.1257882868556488
1.0,0.2402067279499579
1.0,0.13716487083175033
1.0,0.1230410174553449
1.0,0.11622414193905006
1.0,0.17176204042727816
1.0,0.14654230202817164
1.0,0.261786188686552
1.0,0.14433893101361095
1.0,0.13069437119990368
1.0,0.12084808475408781
1.0,0.1275158615624321
1.0,0.1674533667495518
1.0,0.24042183335125833
0.0,0.171944150886727
1.0,0.15596194586877266
1.0,0.15504297240427567
1.0,0.9012062954711486
1.0,0.1498547504142822
1.0,0.11507594901829121
1.0,0.15905472365700468
0.0,0.13994331935330384
1.0,0.14648721440812895
1.0,0.16176969144735986
1.0,0.14150904299701472
1.0,0.125159902196056
1.0,0.19455449322020657
1.0,0.1445465682062087
1.0,0.14239923214655248
1.0,0.134803782499209
1.0,0.1212903985422581
0.0,0.24736106839024075
1.0,0.2947798040390859
0.0,0.17409923135218774
1.0,0.15018982955695848
1.0,0.13453703917478543
0.0,0.6315537082602517
1.0,0.12744470000763652
1.0,0.14456725908110146
1.0,0.1162380860936797
1.0,0.1884438979111791
1.0,0.2652643507890122
1.0,0.351784755818356
1.0,0.11611527229209617
1.0,0.1751229345498554
0.0,0.16692850775343515
1.0,0.12364758935467646
1.0,0.1654680268897395
1.0,0.1404981373883234
1.0,0.30509465518811774
1.0,0.12334575073649923
1.0,0.13823006907681135
1.0,0.2252518273689923
1.0,0.18057328348412804
1.0,0.2759317164957368
1.0,0.1739805574716593
1.0,0.15444051633883105
1.0,0.19011793977176972
1.0,0.15944403520020523
1.0,0.13854559802486444
0.0,0.1784677866176716
1.0,0.1265637104966656
1.0,0.14783121276631284
1.0,0.1307459850699486
1.0,0.5146771843455512
0.0,0.16753603868543876
1.0,0.16085933781555395
1.0,0.2161929929975719
1.0,0.14844364562843015
1.0,0.1726373166015308
1.0,0.15792667998270082
1.0,0.2221298558212399
1.0,0.19150798954942716
1.0,0.18348571106214995
1.0,0.19045357827663256
1.0,0.11733430761412467
1.0,0.16876477245344512
1.0,0.12277849764381144
1.0,0.15966577362194634
0.0,0.26123631516861356
1.0,0.21849848820440665
1.0,0.1342556943225911
1.0,0.12302291807342458
1.0,0.13789112700651596
1.0,0.6385806096118387
0.0,0.217313034370891
1.0,0.1379502096175651
1.0,0.13281239814700396
1.0,0.25169561216724445
1.0,0.1261498831209812
1.0,0.14864438229070254
1.0,0.16929563946783954
1.0,0.2182470884659411
1.0,0.11997534680650734
1.0,0.13999090211908594
1.0,0.1671983470415448
1.0,0.1305476715247843
1.0,0.15429994840551609
1.0,0.22091419827359926
0.0,0.13276194809641706
1.0,0.1511398859071692
1.0,0.33793002420361673
1.0,0.1706924563219574
0.0,0.16775708730902872
1.0,0.19081873212205935
1.0,0.12296558966811644
0.0,0.15616259631249385
1.0,0.1927968967413134
1.0,0.15156659042511056
1.0,0.1345110655886037
1.0,0.13446970937423253
1.0,0.17129132147540138
1.0,0.1462894543038219
0.0,0.1808820128094617
1.0,0.11373730883295496
1.0,0.18856320258192538
1.0,0.18374134678536247
0.0,0.2566396683900046
0.0,0.7042365846215569
1.0,0.13428682047624252
0.0,0.16566767839866536
1.0,0.2515921035808544
1.0,0.11643206215217827
1.0,0.24121260958104485
1.0,0.2072470462493572
1.0,0.125796113824735
1.0,0.1182091365152621
1.0,0.15628961851396872
1.0,0.6761232614739401
1.0,0.1361788807548402
1.0,0.15695213879753744
1.0,0.21841186646366795
1.0,0.16731186684005317
1.0,0.4690511664900694
1.0,0.23281007142338606
1.0,0.16919468320599185
1.0,0.20311196690962985
1.0,0.13127253397675753
1.0,0.22037422513491223
0.0,0.2561771810641602
1.0,0.13993121572364065
1.0,0.13352357785431102
1.0,0.14183487804477368
1.0,0.17691019599113655
1.0,0.7118631120597143
1.0,0.1805065183787371
1.0,0.17778483849229798
1.0,0.13579453624245563
1.0,0.16343210364660876
1.0,0.20839185801645155
1.0,0.22655163836896441
1.0,0.17175139545087448
1.0,0.15641009950404328
1.0,0.16775319963148017
1.0,0.12580801932544505
1.0,0.16590492497014464
1.0,0.15250565823506756
1.0,0.16255344026002472
1.0,0.14521376064793645
1.0,0.13007807207337307
1.0,0.22651538357362333
0.0,0.17232293918868635
1.0,0.12207425022701934
1.0,0.14809096624999774
1.0,0.21482247634136875
1.0,0.18725029669639803
1.0,0.2268621756620185
1.0,0.7701495665446543
1.0,0.12339882271410119
1.0,0.12075297804899698
0.0,0.8433297038812302
0.0,0.12124953477093459
1.0,0.19016619307774452
1.0,0.17819840169164125
0.0,0.9620349597722933
1.0,0.1867299940787327
1.0,0.14725231067659872
1.0,0.19978965301748863
0.0,0.2703479640178843
1.0,0.23533831514896497
1.0,0.14492145453093652
0.0,0.5597771586359668
1.0,0.1964353263539672
1.0,0.1785679704598816
1.0,0.20686696411113759
1.0,0.13934605398665845
1.0,0.12598529711954254
1.0,0.1863020318574682
0.0,0.8687120717380973
1.0,0.12019628333934151
1.0,0.15474535274077095
1.0,0.18411513454974793
1.0,0.13915144943535696
1.0,0.20370918569093088
1.0,0.1897491541186178
0.0,0.22106397404938882
1.0,0.1386582324145158
1.0,0.13116663845952936
1.0,0.14906470848428477
1.0,0.17791526737695695
1.0,0.25616294713544296
0.0,0.6323110135167875
1.0,0.14043742241937274
1.0,0.19294928168599146
1.0,0.14840716314617075
0.0,0.7484918229539433
1.0,0.1593560967674441
1.0,0.16086513266067537
0.0,0.31252452407797005
0.0,0.7331688855088645
1.0,0.13939439772439943
1.0,0.3222615215884853
0.0,0.2605500129222821
1.0,0.11488459406447538
1.0,0.14924540459807034
1.0,0.20882323612677778
1.0,0.21603844950205586
1.0,0.17546895984219713
1.0,0.14351637820187846
0.0,0.23273261167339987
0.0,0.15680543760744292
1.0,0.1382849046828437
0.0,0.19124229483332245
1.0,0.14925993919796776
1.0,0.24022195528896795
1.0,0.1736874841722894
1.0,0.13219127192994562
1.0,0.12188791363927698
0.0,0.2120404732474075
1.0,0.18164497997641926
1.0,0.22938337971917455
1.0,0.1289852780476718
1.0,0.14479498138905966
1.0,0.15406599838366153
0.0,0.25842653183377506
0.0,0.16011661355123585
1.0,0.13374186631211926
1.0,0.3226322044968851
1.0,0.15718767358395758
1.0,0.13842280094354986
1.0,0.2516268805210742
1.0,0.12506472756264153
0.0,0.7936421271009114
1.0,0.14660816499352902
1.0,0.18970749744762305
1.0,0.26655290236069984
1.0,0.25310021571703933
0.0,0.2854940379954449
1.0,0.14825533575053962
0.0,0.12299514413150281
1.0,0.5731584861570905
1.0,0.1447546237032986
0.0,0.3090130901629883
1.0,0.39059062912489506
1.0,0.6229912590487416
1.0,0.1391949895576331
1.0,0.136384946969755
1.0,0.1380323889970979
1.0,0.14098078770857958
1.0,0.16309191877293971
1.0,0.1969926020310313
1.0,0.2467081381820465
1.0,0.19271102601128864
1.0,0.13595199073820874
1.0,0.17743920600736207
0.0,0.6974430230086421
0.0,0.6461140917150888
1.0,0.15651474293022383
1.0,0.1291356429945757
0.0,0.17048675811199154
0.0,0.7908222652567027
1.0,0.11625177836665246
1.0,0.19899937523065026
1.0,0.2066935678649091
1.0,0.16288687734729246
1.0,0.20459106199327548
1.0,0.151551455503232
1.0,0.1199578474092835
1.0,0.14960919892183644
0.0,0.6162621395225111
1.0,0.1344469782993023
1.0,0.1907118962189689
1.0,0.17089503533564887
1.0,0.20224649871926315
1.0,0.15562225822141784
1.0,0.18839092869540208
1.0,0.14226545703294757
1.0,0.1363910407978005
1.0,0.18558696675850428
0.0,0.7349324874104377
0.0,0.15486005980537254
1.0,0.1771199593016759
1.0,0.3081607827055528
1.0,0.14156485873706515
1.0,0.21774577322133648
1.0,0.1667746527007803
1.0,0.17236098024671176
1.0,0.1438436684008434
1.0,0.8062214921808355
0.0,0.17957970344290064
1.0,0.1681756096713496
1.0,0.21367895471095733
1.0,0.220067466724568
1.0,0.14219405337910085
1.0,0.1737793915970095
1.0,0.13653727603353205
1.0,0.11789489527749553
1.0,0.1342002653581592
1.0,0.28983305108559176
1.0,0.14504500883512106
1.0,0.14406870827693075
1.0,0.17014825807347655
1.0,0.16753509467792138
1.0,0.12469433156642684
1.0,0.18733924238722577
1.0,0.13674839529097416
1.0,0.16238312199896765
0.0,0.2248287686258339
1.0,0.13600650076148335
1.0,0.15926536870226682
0.0,0.20698981949259965
0.0,0.6128875066275308
1.0,0.24308347049320433
1.0,0.1509026967488325
1.0,0.6977588883630956
1.0,0.2613189212175768
1.0,0.14222279751228994
1.0,0.15688273107954598
1.0,0.13242637069852625
0.0,0.12948636689983217
0.0,0.19096224154934838
1.0,0.1960365066102795
1.0,0.151700814501051
0.0,0.1892588030721103
1.0,0.1894875731058222
1.0,0.13255806232759304
1.0,0.14065998442523286
1.0,0.16713560036079067
0.0,0.18089972539530552
1.0,0.3110170242831539
1.0,0.15195980088757144
1.0,0.13550193561229718
1.0,0.13857857121257988
0.0,0.23707310079968524
1.0,0.1626177198330333
1.0,0.17896429982449802
1.0,0.13073210743964647
1.0,0.2343576337516936
1.0,0.26441692485193224
0.0,0.895591092505033
1.0,0.17038590553369204
0.0,0.6308429707758132
1.0,0.2880504093627454
1.0,0.15250354482871886
0.0,0.8475371277995938
1.0,0.14590681525040028
1.0,0.1627305595155656
1.0,0.18382119453094758
0.0,0.12706906455168654
1.0,0.12546122664308312
1.0,0.14060882293545485
1.0,0.14899471346251947
1.0,0.12603141823072284
1.0,0.19521837018056798
1.0,0.14603367629878072
1.0,0.16283475243534007
1.0,0.1779839089980687
0.0,0.716967230639564
1.0,0.13503843869641918
1.0,0.18811983261793208
0.0,0.14524157381807434
1.0,0.18308535652143654
1.0,0.14168938062622982
1.0,0.2856317828913789
1.0,0.12648991779405994
1.0,0.1599595123053077
1.0,0.18734413512671266
1.0,0.18227390750738792
1.0,0.17160761576241335
1.0,0.12327011093855567
1.0,0.582638558161131
1.0,0.14951850348266948
0.0,0.21173812966226524
1.0,0.11244996196092671
1.0,0.19502873401464338
1.0,0.11887634711148254
0.0,0.1626675565261615
1.0,0.2728356460283523
1.0,0.17730406686138644
1.0,0.1129032504736932
1.0,0.16764241487510267
1.0,0.7574682481112072
0.0,0.20885717794114345
1.0,0.11561255520428382
1.0,0.11419352249955195
1.0,0.16604723043997482
1.0,0.16268859687525117
1.0,0.11306881522104328
0.0,0.9257087945094792
1.0,0.13901024027891296
0.0,0.20269555705463982
1.0,0.14736237890726622
1.0,0.18730238190273862
1.0,0.15783738892627264
1.0,0.283631876493761
1.0,0.21219319841109585
1.0,0.33918019330355753
0.0,0.23928025409414344
1.0,0.1729750426596235
1.0,0.17587361871993068
0.0,0.14720088256224895
1.0,0.19304532377395234
1.0,0.4725000672740175
1.0,0.1541918073658165
1.0,0.18288490718573058
0.0,0.1253342863652641
1.0,0.18023776232130762
0.0,0.21985826888397408
1.0,0.23189378923398785
1.0,0.16530390519239824
1.0,0.1251585656618538
1.0,0.20007715046599028
1.0,0.45709013428522005
1.0,0.26638772489563445
1.0,0.1320911132266196
1.0,0.11641177207000353
1.0,0.15168165094297648
0.0,0.31512674939416496
1.0,0.220685144470821
1.0,0.11910795151591647
1.0,0.13163485676472186
1.0,0.1907942196421789
0.0,0.30725288349089885
1.0,0.6738729591395349
1.0,0.12867237501375184
1.0,0.16119048114344703
1.0,0.7552301281194933
1.0,0.144104853094574
1.0,0.1316834841553306
0.0,0.20571498312934833
1.0,0.1698074013030043
1.0,0.11593897828507471
1.0,0.14677673660812485
1.0,0.11865635750896109
1.0,0.1551059666687581
1.0,0.2645269101035195
1.0,0.16258115888180136
1.0,0.11959200814158832
0.0,0.22067258396346323
0.0,0.639547012048787
0.0,0.6529453437242619
1.0,0.20629152023077235
1.0,0.24930322774455116
1.0,0.1882905879171084
0.0,0.14614842558610752
1.0,0.12726190166208973
0.0,0.12027042938788224
1.0,0.13936220056206794
1.0,0.15730627738829295
1.0,0.19788930096066593
1.0,0.12443578214775664
1.0,0.1167198672180827
1.0,0.14524729153967253
0.0,0.16051336727689525
1.0,0.20364791404227645
0.0,0.2767646853045087
1.0,0.2117475451170855
1.0,0.1745860117837973
1.0,0.14250060290788613
1.0,0.12168161065931282
0.0,0.2668787009305532
1.0,0.1348403355502119
1.0,0.1870588069865895
1.0,0.22873995741370778
1.0,0.14134631499330375
1.0,0.1442466710571898
1.0,0.13364320299723376
1.0,0.16017318561343452
1.0,0.12650793977941788
0.0,0.1461792650472219
1.0,0.15093936952455067
0.0,0.23665657453116018
1.0,0.1992565876633715
1.0,0.13169304920518654
1.0,0.16576488489469354
1.0,0.21258655994989772
1.0,0.11186276573754694
1.0,0.17392194809233597
1.0,0.12211924724604906
1.0,0.22676045728942795
1.0,0.13054477716822555
1.0,0.1335867961076045
1.0,0.14687521359675082
1.0,0.21532512633100442
1.0,0.13916590415069297
1.0,0.13758213742477354
1.0,0.13016235750280558
1.0,0.138477688055185
1.0,0.12103643758279059
1.0,0.15277732995505966
0.0,0.7298288823045938
1.0,0.1377437137763282
0.0,0.47548864745316777
1.0,0.17308115564319237
1.0,0.1400638211607792
1.0,0.12423788813387626
1.0,0.1443950992124754
1.0,0.12210739561382822
1.0,0.1503278713427426
0.0,0.22047744007004633
0.0,0.716984367005439
1.0,0.13899425907356344
1.0,0.14330647467366142
1.0,0.16855481248284043
1.0,0.3912641414975193
1.0,0.15254619260672653
0.0,0.16539245493843968
1.0,0.2318310147580782
1.0,0.16262488419826748
1.0,0.14051407067169852
1.0,0.1593910633567459
0.0,0.7340353741458109
1.0,0.18666911187961133
1.0,0.12869598620638156
1.0,0.19170478331663288
1.0,0.19476926573610254
0.0,0.13135688171677717
1.0,0.6627512253781594
0.0,0.15021381665977862
1.0,0.16021377723475982
1.0,0.22639042615883287
1.0,0.23062580073614336
1.0,0.11486057544295936
1.0,0.1500817215313205
1.0,0.24756161346597538
1.0,0.2105753981533106
1.0,0.1848881176494258
1.0,0.15351945261315336
1.0,0.16477745381254671
0.0,0.13341921551394187
1.0,0.13672694425148912
1.0,0.30738313081200197
1.0,0.15033864719499757
1.0,0.1589151680159021
0.0,0.18632810613062323
1.0,0.13258543420789493
0.0,0.7982529505306661
1.0,0.11416903447224791
1.0,0.11909126584459384
1.0,0.1444733475389336
1.0,0.1974451268844336
1.0,0.24483359947469696
1.0,0.13372177439532718
1.0,0.1694913989439497
1.0,0.2170217579634307
1.0,0.199515153113206
0.0,0.15786640729040535
1.0,0.1718512049626778
1.0,0.1361517999075127
1.0,0.13742998569846288
1.0,0.16298533576924146
0.0,0.15485739128357012
0.0,0.45849807235372064
0.0,0.6670481759512794
1.0,0.33487804810862587
1.0,0.2086341470569978
1.0,0.12454678760237148
1.0,0.1258349325068332
1.0,0.13555810647569044
1.0,0.36407266340167865
1.0,0.11592862824723926
0.0,0.5636521054441834
1.0,0.16307243747127065
1.0,0.11415464563093458
1.0,0.15902181444756358
1.0,0.14228108661618555
1.0,0.11264788247670621
1.0,0.17712471524361884
1.0,0.1528769073438474
1.0,0.17841174426454287
1.0,0.200981593520838
1.0,0.28469291006940556
1.0,0.12258303236646029
1.0,0.17218493391370393
1.0,0.14115034008052052
1.0,0.17778515053034405
1.0,0.15040608768274
1.0,0.1329932366793377
1.0,0.1843977820549133
0.0,0.14794617603918991
1.0,0.13171872831920062
1.0,0.1584976490566723
1.0,0.13457412047893158
1.0,0.13237638844885535
1.0,0.2758628678381194
1.0,0.10553173518742265
1.0,0.17872001131205328
0.0,0.8315491192363529
1.0,0.1471279804881277
1.0,0.25205177747136664
1.0,0.15523284613993737
1.0,0.1304288588879391
0.0,0.13986969983612674
1.0,0.500726471275604
1.0,0.2244614777204349
1.0,0.3300328837967681
1.0,0.13933308960484136
1.0,0.14374652345604932
0.0,0.7826552860238206
1.0,0.5837267739714633
1.0,0.11974664971353743
1.0,0.12644185146639553
1.0,0.1258873411315936
1.0,0.22545198194059013
1.0,0.12829197824547744
1.0,0.1666758938391828
1.0,0.1753277737189186
1.0,0.3008002045141993
1.0,0.16952368030378107
1.0,0.14726684107601762
1.0,0.18045750676166517
0.0,0.1381862034085185
1.0,0.1552731463810133
1.0,0.17543189003039272
1.0,0.20945200181484513
1.0,0.17263213626978957
1.0,0.13521188256396943
1.0,0.14070712216603065
1.0,0.15253248770949857
1.0,0.3303240700990865
1.0,0.697440209179796
1.0,0.2535855679195227
1.0,0.26087533247749906
1.0,0.1394751242085941
0.0,0.2338794906186622
1.0,0.13774157013410449
1.0,0.1427696452346463
1.0,0.15766191372390614
1.0,0.12852213760137543
1.0,0.3492454345014815
1.0,0.15448658924497016
0.0,0.17728580629793433
1.0,0.14992006012125447
1.0,0.2081093191844331
1.0,0.14517822260521307
1.0,0.15507485511735286
1.0,0.15178857861533335
1.0,0.12205664680358175
1.0,0.15195038184266285
1.0,0.2194533537778507
1.0,0.1466497765444078
0.0,0.13164087277057535
0.0,0.1333736076151565
1.0,0.14241479231826626
1.0,0.17181104510509293
1.0,0.2567801722823906
1.0,0.10217933857861872
1.0,0.1339028214394563
1.0,0.14267378198666947
0.0,0.1823858135706392
1.0,0.17941950964581965
1.0,0.13291570224164406
1.0,0.11711825566038714
1.0,0.12562174533290826
0.0,0.1446075824563946
0.0,0.13286586997408667
1.0,0.1271689511689611
1.0,0.12775095715633666
0.0,0.17146698315828146
1.0,0.1573819658142891
1.0,0.22312328147136762
1.0,0.22399629492801187
1.0,0.17370489382359788
1.0,0.15411973697755443
0.0,0.8855179749253963
0.0,0.15407293276635203
1.0,0.6623289183963565
1.0,0.1901229643069916
1.0,0.13277392227351892
1.0,0.1932246110711643
1.0,0.12277783506385576
1.0,0.13172228359352944
1.0,0.1674608289413978
0.0,0.30272315780975667
1.0,0.21267731201281959
1.0,0.17318332298003825
1.0,0.13955676303081999
1.0,0.15016798494849137
1.0,0.13570957964018493
1.0,0.15119757937549205
0.0,0.8040123352801669
1.0,0.14437723163422467
1.0,0.16096217263940826
0.0,0.20842594614556953
1.0,0.1185851793973225
1.0,0.13987571660094367
0.0,0.630754643929528
0.0,0.7395489373082542
0.0,0.1312085887546427
0.0,0.19951088466388678
0.0,0.7224965483165725
1.0,0.11014536143939357
0.0,0.14900158357262894
1.0,0.22271315886084686
0.0,0.7646418590054361
1.0,0.13461314283556325
1.0,0.12394658391141522
1.0,0.14885523287569336
1.0,0.13049959418030932
1.0,0.12594009056198563
1.0,0.2904319486544096
1.0,0.19481783777009132
1.0,0.1653109445831885
1.0,0.13204873442045983
0.0,0.15663930749868793
1.0,0.2242295058688889
1.0,0.2553441297699487
0.0,0.16612018076034174
1.0,0.11698949127980374
1.0,0.15662985107563354
1.0,0.25637660061079515
1.0,0.17215943839003445
1.0,0.18459060365834112
1.0,0.13064215927331324
1.0,0.13755537785023308
1.0,0.20853842203713235
1.0,0.1213958186256966
1.0,0.16065960822354564
1.0,0.6696792763721822
1.0,0.19091904968248807
1.0,0.19582020657626242
1.0,0.17168534973840932
1.0,0.11716489808179498
1.0,0.13030005813227508
1.0,0.1418053457213111
1.0,0.12943458091159632
1.0,0.14484684680614257
1.0,0.27110362122410514
1.0,0.1429488249399603
1.0,0.12895391151184876
0.0,0.15726865445643357
1.0,0.14950058736373706
1.0,0.18292983116363593
0.0,0.14625000813222344
1.0,0.20266563975985885
1.0,0.13797135135265526
0.0,0.1769825542079687
0.0,0.14017411808069924
1.0,0.21277886634077847
0.0,0.2382291591027903
1.0,0.16282832785430945
0.0,0.30662450079184556
1.0,0.20760779200366797
1.0,0.1925910346980073
1.0,0.11266804347989601
1.0,0.2196496210398048
0.0,0.23728737660094723
1.0,0.1652495917618939
1.0,0.24548392316265288
0.0,0.20343621301160142
1.0,0.17248268886171048
0.0,0.14030392512543333
1.0,0.14963045978891243
1.0,0.11191016898412076
1.0,0.1791389827527713
0.0,0.886717823863502
1.0,0.17868019976397775
1.0,0.27399084051320877
0.0,0.7354271310313985
1.0,0.21914581667731348
0.0,0.14315042748001583
1.0,0.1528561614122116
1.0,0.147722680544226
0.0,0.7191657155179054
1.0,0.152721736433708
0.0,0.7697712465663615
1.0,0.1293301392081846
0.0,0.7096920349207124
0.0,0.2786485728015794
1.0,0.13684957653452046
0.0,0.19606446528227506
1.0,0.1589895141961465
1.0,0.246992317666055
1.0,0.15395587526261967
1.0,0.14799828186201092
1.0,0.2156537583014565
0.0,0.1071066584241519
1.0,0.14700437774169117
1.0,0.13032857417243293
1.0,0.17927574318044492
1.0,0.11687503150199063
1.0,0.12366626500622124
1.0,0.249059933071742
1.0,0.1575012732480402
1.0,0.1177077493171994
1.0,0.17855616580026723
0.0,0.17263010871714035
1.0,0.1416422004331408
1.0,0.15510244707425025
1.0,0.6592430447208077
1.0,0.5615080739231468
1.0,0.1455123187887396
1.0,0.16361234523395507
1.0,0.11305076357072164
1.0,0.3006925620159394
1.0,0.12865625817246074
1.0,0.1298925309398784
0.0,0.7764770964314861
1.0,0.18115833955108251
1.0,0.15855680649672266
0.0,0.2775486779441483
1.0,0.23040266082142236
1.0,0.13945126273853337
1.0,0.13446133320819076
1.0,0.2143196847493689
1.0,0.14100933585962605
1.0,0.20100498343644735
1.0,0.15055569627663523
0.0,0.12092106425049542
0.0,0.7028207718783852
0.0,0.7118816980197726
0.0,0.20131844315104674
1.0,0.1346722198858944
1.0,0.15049765274825766
1.0,0.7417739046366323
1.0,0.13516213458862902
1.0,0.14282726618996588
0.0,0.12746706040200217
0.0,0.2675264969692909
0.0,0.22810427946044887
1.0,0.1802557282759243
1.0,0.1388822148831601
1.0,0.11258344012821686
1.0,0.16527526356497135
1.0,0.1664212392575335
1.0,0.22395988402088918
1.0,0.14091836965390714
0.0,0.18950476018840645
1.0,0.12129592539720147
1.0,0.16054628912218227
1.0,0.15672525790488445
0.0,0.17816496488799494
1.0,0.24766222308002606
1.0,0.1868242415744511
1.0,0.11701557091498349
1.0,0.2404558062040888
1.0,0.12649615296734285
1.0,0.1304022117342195
1.0,0.18189656257459275
1.0,0.1757343900039301
1.0,0.14901823825013516
1.0,0.17645987501227312
1.0,0.12453864160807071
1.0,0.11657535188986512
0.0,0.1389461820209551
1.0,0.11651161355562223
1.0,0.4071355460837014
1.0,0.1601536583731863
1.0,0.4060270156698733
1.0,0.36302789531998036
0.0,0.5759035499678951
1.0,0.23554582868923168
0.0,0.17214176284932503
0.0,0.2477281599428809
1.0,0.12989607571893624
1.0,0.1977999820206966
0.0,0.6562218059968243
1.0,0.1288106225698309
1.0,0.16927198431434587
1.0,0.12229583096438168
1.0,0.18217340005445082
1.0,0.22577913374871772
1.0,0.15161319830808317
1.0,0.11071324263776727
1.0,0.14501290008076284
0.0,0.11529066187004766
1.0,0.19513395029594627
0.0,0.19126165307456433
0.0,0.7132065618894022
1.0,0.22378681784880683
0.0,0.24755221043622266
1.0,0.13576361075021304
1.0,0.12150344064312402
0.0,0.13455644836642133
1.0,0.20313369411827653
1.0,0.16328773874322333
1.0,0.17195843374598685
1.0,0.1508850743256157
0.0,0.5741876422279772
0.0,0.1712498060648795
1.0,0.295346016777829
0.0,0.7051695731167282
1.0,0.15738103564005856
1.0,0.1599508697508164
1.0,0.21677858413975515
1.0,0.14860769587648692
1.0,0.17806712952337134
1.0,0.24200061613905388
1.0,0.17115705071924237
1.0,0.10623169068957938
1.0,0.2327071706974847
1.0,0.1313491228421272
0.0,0.11301569751224072
1.0,0.14267931824868052
1.0,0.21557558621492245
1.0,0.12402131224971114
1.0,0.127419657559381
1.0,0.14562870463571886
0.0,0.7001120800406995
1.0,0.12174042692727782
1.0,0.1492069581962241
1.0,0.14049834350828672
1.0,0.15619008848066251
1.0,0.2388898734128191
1.0,0.23664789112374074
1.0,0.1852627313145414
0.0,0.8110808135534133
1.0,0.19735888524160483
1.0,0.17660659715040794
1.0,0.13311511969826983
1.0,0.15392833729677813
1.0,0.11698811378130458
1.0,0.12779274929318218
1.0,0.20496037055634475
0.0,0.9110815722652046
1.0,0.14541650363528857
1.0,0.28236109049587643
1.0,0.19738426841728152
1.0,0.14223774881396256
1.0,0.12386441121734515
1.0,0.27253516572912473
1.0,0.13647726589240738
0.0,0.7467621616070553
0.0,0.8127369484002254
1.0,0.2578620854968511
1.0,0.1506411265251939
1.0,0.12595142554250027
1.0,0.4814248993934279
1.0,0.13576879590585877
1.0,0.15211752513686827
1.0,0.13485466149973901
1.0,0.12143826412545666
1.0,0.13681489342294595
1.0,0.12283844770248786
1.0,0.19251211415023772
1.0,0.152779507161793
1.0,0.17265990284258848
1.0,0.18559502190655874
1.0,0.1566537278862492
0.0,0.2268483069742545
1.0,0.12262107228577868
1.0,0.7078882147975192
0.0,0.13550790801122514
1.0,0.1456867669849674
0.0,0.18558915644092921
1.0,0.20959800359943825
1.0,0.14788736998938057
1.0,0.15173425826665554
0.0,0.7954727456360644
0.0,0.11752647813594541
1.0,0.22344388106470536
0.0,0.2426124586766607
0.0,0.1967724310722111
1.0,0.2227018426357248
1.0,0.12865963416411064
1.0,0.11736068778372544
1.0,0.2625626932094953
0.0,0.2223033661596565
0.0,0.201036095052331
1.0,0.1670681168744016
1.0,0.1418403287617177
1.0,0.1311082293603525
0.0,0.8247717581022924
1.0,0.13126294742337674
1.0,0.11010689783641492
1.0,0.732859952126595
0.0,0.24985155196367337
1.0,0.22285891547074044
0.0,0.21846066829182265
1.0,0.16596451513903276
1.0,0.16992162975232294
1.0,0.2013986046769316
0.0,0.2104230944662452
1.0,0.11729288317269115
1.0,0.18142039805620191
1.0,0.149284778675019
1.0,0.13721275755966844
0.0,0.17049376298166408
1.0,0.1662654188074455
0.0,0.11769185186721387
1.0,0.1212218474440907
0.0,0.203933849497421
1.0,0.11291822214535352
1.0,0.19752227757178953
1.0,0.16086493058165818
1.0,0.15250833476411085
1.0,0.15986976778350925
1.0,0.1353214996058597
1.0,0.11972531412761356
0.0,0.3192450787277521
1.0,0.133439621508621
1.0,0.2137508406133347
1.0,0.1391606239711336
1.0,0.13993768463357048
1.0,0.13306443420773673
1.0,0.1929359736060896
1.0,0.5841585372738134
1.0,0.6515862832402404
0.0,0.9458233277095165
1.0,0.12822904900971754
1.0,0.146878883643911
1.0,0.13590201207401342
1.0,0.1729199497504006
0.0,0.1426356786532632
1.0,0.1546481406337814
1.0,0.1422641829317074
1.0,0.1308487008245245
1.0,0.6673198162799792
1.0,0.13509799783709797
0.0,0.19932355311508065
1.0,0.11959524587241699
1.0,0.14561154969151668
1.0,0.14430372937747715
1.0,0.12275547512692775
1.0,0.1512436847439702
1.0,0.12729060813245485
1.0,0.11803699637456277
1.0,0.17601277596172038
1.0,0.12778625711668867
1.0,0.20099841527887807
1.0,0.13460483210446506
1.0,0.15029302553004575
1.0,0.2181100438910729
1.0,0.3226537745188771
0.0,0.3174909569700005
1.0,0.1226470903940241
0.0,0.7606733711550967
1.0,0.12953914621054008
0.0,0.8223719437434063
1.0,0.1311469524030373
1.0,0.14655994099086078
1.0,0.15451163021262637
1.0,0.15810935873650367
1.0,0.13518081884817457
1.0,0.6255241219790753
1.0,0.19523877631824127
1.0,0.1447835131336529
1.0,0.2787200945134334
1.0,0.13806956892311073
0.0,0.13776608042039962
1.0,0.12241989811702947
0.0,0.11696868263989668
0.0,0.18822960096610897
1.0,0.6303818079377574
1.0,0.14055256783368497
1.0,0.215084843542939
1.0,0.2002443343526653
0.0,0.24336160871034407
1.0,0.16636137630971803
1.0,0.19771767852482347
1.0,0.16373846149795557
0.0,0.7155543323156048
1.0,0.14081744235984506
0.0,0.13431273510909247
1.0,0.1216518283719975
1.0,0.13838926192675038
1.0,0.1905847279086157
1.0,0.13378065596058863
1.0,0.13913854303881368
1.0,0.2219154956514532
1.0,0.12578645233127306
1.0,0.13451545192421244
1.0,0.21745884481299027
0.0,0.15790018434499087
1.0,0.22492267275358713
0.0,0.7880516321305241
1.0,0.7128319456790413
1.0,0.11686795131088812
0.0,0.1379210199457621
1.0,0.1097890184388618
0.0,0.6699909894977778
1.0,0.17839903781312072
0.0,0.6511352728259089
1.0,0.13874899044421007
1.0,0.21146069002866896
0.0,0.22428216477201435
1.0,0.25212280177718205
0.0,0.16357917763858765
1.0,0.22359783944677591
1.0,0.237435145345832
1.0,0.12681252894800454
1.0,0.12742803394568447
1.0,0.33253165877390933
1.0,0.13403700906376148
1.0,0.1468169742657114
1.0,0.3365989070764992
1.0,0.16516296678006737
0.0,0.8374764733053042
1.0,0.1433728748349572
1.0,0.13759356192914196
1.0,0.23071601663563213
0.0,0.189327118398942
1.0,0.3024897341272871
1.0,0.1335867961076045
1.0,0.1492737778099712
1.0,0.17541160522509602
1.0,0.1974809141008923
1.0,0.20471473074367164
1.0,0.12119856404861895
1.0,0.20613403348939074
0.0,0.16128466557623444
1.0,0.13053942975837174
1.0,0.1775715574601331
0.0,0.9271803280784116
1.0,0.11970160929014029
1.0,0.205445958866047
1.0,0.34882519906217246
1.0,0.13696017681356942
0.0,0.12806200292404102
0.0,0.15340496720601604
1.0,0.1310861789287302
0.0,0.8187291875409539
1.0,0.17904367246288144
0.0,0.7812216981049191
1.0,0.17163481452562224
1.0,0.11275244893943415
1.0,0.14835030993737341
1.0,0.7394541099262223
0.0,0.20662684001662301
1.0,0.12154807239389664
1.0,0.21833296398667834
0.0,0.7998103837672902
1.0,0.2095452139910544
1.0,0.14117749931239498
1.0,0.2887882224408125
0.0,0.13860607925000823
1.0,0.18745575152044014
1.0,0.2156655058661946
1.0,0.21003961640064717
1.0,0.1754062913020218
1.0,0.19160139028167567
1.0,0.1470066691504206
1.0,0.1536774580430682
0.0,0.34119074004613725
1.0,0.16759543492293338
0.0,0.6263711850535671
1.0,0.14988857086576568
0.0,0.3555640148506721
0.0,0.1346541852707388
1.0,0.12118709387590731
1.0,0.1315846057744482
1.0,0.14897267147109527
1.0,0.2247094037740588
1.0,0.22231784831156376
1.0,0.18019930696728403
0.0,0.1554426928549899
1.0,0.12622063002530493
1.0,0.15809182396919397
1.0,0.14966826305237613
0.0,0.12102826824803314
1.0,0.13407845626157122
0.0,0.2767571428885215
1.0,0.21521871798744818
1.0,0.144521315892162
1.0,0.18774463467350377
1.0,0.1422066120611366
1.0,0.26254572484476923
1.0,0.12965615576086986
1.0,0.1433926004151952
1.0,0.1577784510106084
1.0,0.13356808110094298
0.0,0.1825420309680118
1.0,0.12476197620223617
1.0,0.18978445303109226
1.0,0.11702566091341005
1.0,0.12940398912087836
1.0,0.11872495411847583
1.0,0.3318238841024572
1.0,0.12306471099995397
1.0,0.18505643948770278
0.0,0.7692161120389889
1.0,0.2785654636182372
1.0,0.15677987112839353
1.0,0.14860732923742637
1.0,0.15155363506475883
1.0,0.1359585669978094
1.0,0.1230977741916317
0.0,0.6606408831013628
1.0,0.1456060336509153
1.0,0.16840654827077084
0.0,0.736496956379647
1.0,0.15937135706814232
0.0,0.13206502961050226
1.0,0.12281786234230141
1.0,0.17177813787153917
1.0,0.12208877798875883
1.0,0.34342553335819614
1.0,0.15785988980649956
1.0,0.16006586699756498
1.0,0.15068319903270866
1.0,0.14586143963151565
0.0,0.16842952290091628
1.0,0.12876089454161843
0.0,0.18968355046419427
1.0,0.1600789179386397
1.0,0.26831083208387885
1.0,0.1315464723699341
0.0,0.8393370783425589
0.0,0.19361538274200463
1.0,0.16986705505563315
1.0,0.1420924652453468
1.0,0.12126531198381829
1.0,0.21172777968852996
0.0,0.8804712946712389
1.0,0.13006031986540778
1.0,0.31380128156907805
1.0,0.21582463467079382
1.0,0.13020079545949204
1.0,0.11703040528152042
1.0,0.15232099253142684
1.0,0.1774825082151945
1.0,0.12579922031122992
1.0,0.2895685895474296
0.0,0.13346815662811518
1.0,0.12902594773790255
1.0,0.1696527116890254
1.0,0.14397377429479974
1.0,0.1610383334429193
1.0,0.13570740308904006
1.0,0.14272055310584886
0.0,0.15306999493373907
1.0,0.13562795794419136
1.0,0.21113651089713248
1.0,0.14754733961254562
1.0,0.13243059555292358
0.0,0.17674092356531368
0.0,0.20685129074812558
1.0,0.13129595797235005
1.0,0.19729906817745613
1.0,0.24578443235414438
1.0,0.19745856596909506
1.0,0.13919540902007954
0.0,0.9999826759924597
1.0,0.14435401780996937
1.0,0.1445472321091077
1.0,0.12736122904460379
1.0,0.1603704156840714
0.0,0.6526792851472449
1.0,0.22548823438346044
1.0,0.1321686696579707
1.0,0.18514239176140646
1.0,0.14404474605451045
1.0,0.1411967657896388
1.0,0.3115620143418669
1.0,0.13097828663088007
0.0,0.1334577987791311
1.0,0.18740784683992584
1.0,0.1128990384765104
1.0,0.15551665587070207
1.0,0.14594573944635547
1.0,0.16889212885590077
0.0,0.8152527826105014
1.0,0.13678964269936755
1.0,0.1308144025918061
1.0,0.1502936050966237
1.0,0.21629775719220956
1.0,0.14300896512891947
0.0,0.17382170854695345
0.0,0.6163810146997596
1.0,0.19279516301023092
1.0,0.20965012026912855
1.0,0.12770017084033247
1.0,0.1240223945575547
1.0,0.21491196564854997
1.0,0.1658068683006202
1.0,0.17785446126435034
1.0,0.64418866683665
1.0,0.14229809570052931
1.0,0.19251837726484822
0.0,0.33762582929298446
1.0,0.19889698208627526
1.0,0.19011793977176972
1.0,0.182989437784273
1.0,0.21777841195725534
1.0,0.1666444485519767
1.0,0.12892773994973394
1.0,0.15456376448997877
1.0,0.18079516378417826
1.0,0.14651033881418252
1.0,0.1247857623061247
1.0,0.20687237888132926
1.0,0.11321002903235455
0.0,0.14380663420937223
1.0,0.2354969937180813
1.0,0.18368889762613538
1.0,0.22513401363576613
1.0,0.15338207628031153
1.0,0.2567545662268029
0.0,0.8234001972068365
0.0,0.16374066363668127
1.0,0.14033224586212045
1.0,0.36445149098576946
0.0,0.25474522937242083
1.0,0.16550492880653467
0.0,0.16760985443931176
1.0,0.1647558414450767
1.0,0.4340760440668511
1.0,0.2644180880086381
0.0,0.1530852629356685
0.0,0.13382864889646273
1.0,0.1837078259388254
1.0,0.6503773684561397
1.0,0.13917422162108062
1.0,0.14365518577047065
1.0,0.11960878703223565
1.0,0.12888303003186974
1.0,0.12616457397100556
1.0,0.1205769132267761
0.0,0.8428960846203211
0.0,0.25965303223504055
1.0,0.1700305355019882
1.0,0.1291640534922328
1.0,0.1374290379724601
1.0,0.3339869031950786
0.0,0.17497462804842656
1.0,0.1406023764641634
1.0,0.1689682033339508
1.0,0.13653640168959547
1.0,0.12601999786655482
1.0,0.17269453884889507
1.0,0.11159124743341742
0.0,0.3312131092999214
1.0,0.17632022586644702
1.0,0.11310422247708596
1.0,0.9018796767938055
1.0,0.12467425494246398
1.0,0.1476767535549811
1.0,0.1309870280643769
1.0,0.13176848686139442
0.0,0.14211296397034567
1.0,0.17208536452730283
1.0,0.21465343671567505
1.0,0.1486942896974488
1.0,0.23164138701990677
1.0,0.1474473839475231
0.0,0.9199932076885287
0.0,0.12803708528696944
1.0,0.16496801504572922
1.0,0.12854669194887713
1.0,0.18667752695920203
1.0,0.28511714074942773
0.0,0.16834797817529468
0.0,0.13580436696654974
0.0,0.7867641340970539
1.0,0.22077979881071863
0.0,0.5462444128377627
1.0,0.28055688674354595
1.0,0.14483846737020145
0.0,0.20768569151033955
1.0,0.14305735447036327
1.0,0.11682129194892565
1.0,0.18798866292019867
1.0,0.12029470638746542
1.0,0.1604596090089625
1.0,0.1139473997285223
1.0,0.11225677654393174
0.0,0.7594253533582533
1.0,0.11943739320907609
1.0,0.9295840175011278
1.0,0.14419866522306357
1.0,0.15509052731323447
0.0,0.25431042379462454
0.0,0.18201044215582896
1.0,0.13068019721139879
1.0,0.11845222260531774
0.0,0.13237950039246904
1.0,0.16569939375235787
1.0,0.1517978884703859
1.0,0.19368166834652256
1.0,0.16419226494835615
0.0,0.13572252223303416
1.0,0.16643366864014375
0.0,0.41312828539042046
0.0,0.19905438801477915
0.0,0.1692294541593069
1.0,0.14024440135561245
1.0,0.22522856091054722
1.0,0.12756639785594537
1.0,0.169036613804608
1.0,0.15001047667224365
0.0,0.23738358184875596
0.0,0.24654748000116922
0.0,0.23491390475074636
1.0,0.20243908512816033
0.0,0.1561608276601375
1.0,0.125514135887261
1.0,0.21684119492724063
1.0,0.13081986648747523
0.0,0.17675695289112892
1.0,0.15497359773696628
1.0,0.13748836646744889
0.0,0.6768278941138185
1.0,0.17800320833646865
0.0,0.13221283411606
1.0,0.16508043403741335
1.0,0.13544130344784122
0.0,0.21090110402532714
1.0,0.13231816395084683
1.0,0.21388338012952024
1.0,0.15639557103588608
1.0,0.18784589565628007
1.0,0.13218790019031879
0.0,0.20246469795277366
1.0,0.22595407622765484
1.0,0.1623378990491826
1.0,0.26601620675077386
1.0,0.20500676139724683
1.0,0.12694232299941877
0.0,0.4636658236394413
0.0,0.6455955916789793
0.0,0.6473418801452331
1.0,0.2282451474959909
1.0,0.2052830091508363
0.0,0.11614036386006621
1.0,0.14857747670767585
1.0,0.13124185682418754
0.0,0.2861221783404885
1.0,0.16014958463902174
1.0,0.1309277305456582
1.0,0.14696902695669145
1.0,0.1484069929306574
1.0,0.16597053738182588
1.0,0.14486449657048328
1.0,0.17710118608485004
0.0,0.804961447881883
1.0,0.11634873643191823
1.0,0.14346497437939076
1.0,0.1844317599340839
0.0,0.4933269902782247
0.0,0.12158368100173278
0.0,0.2949857705512178
0.0,0.15938785374376985
1.0,0.14455148926907246
1.0,0.13883475401537737
1.0,0.15510135374635026
1.0,0.1614552516543264
0.0,0.26439886215181285
1.0,0.221305501503122
1.0,0.12171841123826221
0.0,0.16027717783090667
0.0,0.6726396358246405
1.0,0.15189195889809493
1.0,0.22547499342298283
1.0,0.18821841016732743
1.0,0.16699644613167108
1.0,0.18386031164613637
1.0,0.15887201114521687
1.0,0.1257458701109052
1.0,0.1254903449061585
1.0,0.16252092622424708
1.0,0.16094610825061595
1.0,0.13763922232535275
1.0,0.14052001395795988
1.0,0.2889077312674436
0.0,0.7572516933388127
1.0,0.12688407348874997
1.0,0.15617482113287462
0.0,0.1300789513391063
1.0,0.1489228467709488
1.0,0.418316931090301
1.0,0.15572713390808346
1.0,0.12985523472788985
1.0,0.12634961259999677
0.0,0.15360503355065191
1.0,0.2437195066459189
0.0,0.7142568911622373
0.0,0.17143051338845117
0.0,0.13082221687391038
1.0,0.2246481986006369
0.0,0.1643611357763225
1.0,0.11291378675686692
0.0,0.1447649460603131
1.0,0.2156051795043189
1.0,0.11345590685098106
1.0,0.11773614801256449
0.0,0.14150216724386933
1.0,0.14063290623610325
1.0,0.19586317611821136
1.0,0.14326703118268247
1.0,0.16150256140637897
1.0,0.1655551847897312
0.0,0.19545574374887653
1.0,0.13808048279759289
0.0,0.1784627629117712
1.0,0.19041078617452012
1.0,0.16281461302349576
1.0,0.13065528671862348
1.0,0.14052323018182233
1.0,0.13623235315471083
1.0,0.14330235982396566
1.0,0.13654415177615897
1.0,0.1140299246090275
1.0,0.12600681714467776
1.0,0.16180535925817308
1.0,0.12153525884330174
1.0,0.14407681242975712
1.0,0.12162503258869928
1.0,0.13167088402128202
1.0,0.21673223437608358
1.0,0.17262945500736526
0.0,0.17641538587273875
1.0,0.14127453365138165
1.0,0.12447344481953238
1.0,0.1382817360369546
1.0,0.1309771467055526
1.0,0.1303971011131072
1.0,0.18002017576267904
1.0,0.11270058044957632
0.0,0.14286089642515298
1.0,0.12030236822599494
1.0,0.12350292122088113
1.0,0.19479928062744922
1.0,0.15519506626073842
1.0,0.12124939269318902
1.0,0.15777745016525646
1.0,0.12635600315137574
1.0,0.13263068402881817
1.0,0.18435581110956067
1.0,0.14132479418521637
0.0,0.3206763842797711
1.0,0.13088210078064955
0.0,0.28933277179847794
1.0,0.12766968231659415
1.0,0.13570950749606736
1.0,0.20789302518744435
1.0,0.16098530254611865
1.0,0.14408040746008166
1.0,0.1964470109591785
1.0,0.3214848879151607
1.0,0.1384470380555196
0.0,0.17740826020162004
1.0,0.14967639339779626
1.0,0.1727774546101526
0.0,0.2234369594635428
1.0,0.14379005239887632
1.0,0.14425757137930817
1.0,0.17159771043355032
1.0,0.15279448340514956
1.0,0.541635073061049
0.0,0.12135356237954775
1.0,0.9763730891391645
1.0,0.1843446961299735
1.0,0.13488532393380037
1.0,0.12716688959432354
1.0,0.1487654819056533
1.0,0.20104955985095718
1.0,0.16900086184927332
0.0,0.20471140310681024
0.0,0.21413874474205297
1.0,0.12527573319112129
1.0,0.16780810571380822
1.0,0.18660159683104915
0.0,0.13209938632658025
1.0,0.1598250117512452
1.0,0.12689897826876995
0.0,0.1466794942726759
1.0,0.20121295151199847
1.0,0.22046321889556486
1.0,0.14344079126840759
0.0,0.16473778937955852
0.0,0.16103227237588413
1.0,0.14127758276240898
1.0,0.17036358160841114
1.0,0.13395409339591124
1.0,0.15536479101474487
0.0,0.18411979681156554
1.0,0.11698811378130458
1.0,0.20736781091939238
1.0,0.12443676567946482
1.0,0.12963013907344245
0.0,0.16895501420513992
1.0,0.14233977071002069
1.0,0.21837447102312213
0.0,0.1416561297702914
1.0,0.10129975420259596
1.0,0.16910079541042167
1.0,0.9052547252633927
1.0,0.16560875307619782
0.0,0.41302981851939635
1.0,0.22447882358345772
1.0,0.15879151647940049
1.0,0.15140931689535908
1.0,0.26371713484442816
1.0,0.18509767765911367
1.0,0.1770230773520547
1.0,0.21292369676640088
1.0,0.13419908766101962
0.0,0.22290411141228939
1.0,0.15716185712199926
1.0,0.2171704329727826
0.0,0.6616053807428105
1.0,0.13595808975494583
0.0,0.26609940343873617
1.0,0.11927968056604543
1.0,0.15553116443590298
1.0,0.17631251406080461
1.0,0.16526994358058056
0.0,0.22665879309565584
0.0,0.15274154660237527
1.0,0.13218095829667964
0.0,0.150116770018623
1.0,0.16825217078619703
1.0,0.1838399155488366
1.0,0.12746456203968248
1.0,0.1509449603583003
1.0,0.15990017246785215
0.0,0.39812477895207055
1.0,0.138290330645912
1.0,0.14889471348103311
1.0,0.17262408305813648
1.0,0.14267639529635157
1.0,0.13832269015571574
0.0,0.2898453003293934
1.0,0.14686411495027052
1.0,0.16147132571826894
1.0,0.15739734091276214
1.0,0.15519714463051015
1.0,0.13547355807620387
1.0,0.13878513240638535
1.0,0.14229425359692227
1.0,0.1258557028066547
1.0,0.5572606874355589
1.0,0.1195481969436899
1.0,0.3501366014453977
0.0,0.17589613411223282
1.0,0.16127261791439518
1.0,0.13243244655434927
1.0,0.24481594675169227
1.0,0.649884967687329
1.0,0.1930398801673059
1.0,0.14897073950521844
1.0,0.12286333244233882
1.0,0.13777085851354087
1.0,0.1417414149645595
1.0,0.15015205723999425
0.0,0.529353329660937
1.0,0.19060082606272033
1.0,0.12599998100169807
1.0,0.1095852469300902
1.0,0.23996855662326189
1.0,0.19575616183990918
1.0,0.18553149698753768
1.0,0.2176287397008394
1.0,0.1360149917908573
1.0,0.1243707990143389
1.0,0.14412496664725694
0.0,0.23568188126378187
0.0,0.1764016961346131
0.0,0.7458260503567483
1.0,0.12076714027268143
0.0,0.20801137105476664
1.0,0.14541158757825445
1.0,0.19105889248819696
1.0,0.1283066564955163
0.0,0.137246505318125
1.0,0.1396932719322196
1.0,0.11291433852025079
1.0,0.12865772105138262
0.0,0.9048188840428302
1.0,0.1948125552592772
1.0,0.2900855184977208
0.0,0.6536962896365346
0.0,0.13566158008138474
1.0,0.15562413891304516
0.0,0.14429638104779607
0.0,0.16651466426003025
1.0,0.15002039926623179
1.0,0.6889737968855905
1.0,0.15499525531024694
1.0,0.1470525982461497
1.0,0.14778962150893582
1.0,0.17152892558156752
1.0,0.18774699977639553
1.0,0.13014951243530548
1.0,0.2159378994396577
1.0,0.18724618253117897
1.0,0.12734569441575572
0.0,0.16632874694764688
1.0,0.15002755889875385
1.0,0.14499634902857517
1.0,0.18056819507029132
0.0,0.16531780159266596
1.0,0.1369138408533116
1.0,0.14446466995202278
1.0,0.13124069898564428
1.0,0.17325838537145788
1.0,0.15754698523298882
1.0,0.14428415297781927
1.0,0.20910413758466484
1.0,0.14495937784469848
0.0,0.20712468783226756
1.0,0.13962410076038845
1.0,0.7257447717896828
1.0,0.1427032938034427
0.0,0.7774485710725825
1.0,0.1349617466795069
1.0,0.11592599635788359
1.0,0.16630590425553216
0.0,0.15611148363543625
1.0,0.16584479100523475
1.0,0.5288763090660789
1.0,0.13917482514948498
1.0,0.11280602159559572
0.0,0.159626253746876
1.0,0.24059699541738033
1.0,0.14380162165002985
1.0,0.16260432239018452
1.0,0.12851447527903914
1.0,0.23825593472490347
1.0,0.1387348891815534
1.0,0.1388894955000961
1.0,0.16809238899305
1.0,0.15811192113964223
1.0,0.17543523353514023
0.0,0.1564869371540636
1.0,0.22901614735686926
1.0,0.12543928202889787
1.0,0.2596820866374059
0.0,0.2398617059039544
1.0,0.12205664680358175
0.0,0.21492506297076863
1.0,0.12994324323185458
1.0,0.19404670287312997
1.0,0.18123384628909656
1.0,0.17873190751245682
0.0,0.14347556495048075
1.0,0.12933264902733
1.0,0.13490314804318015
0.0,0.8883901628103246
1.0,0.20664929348586292
0.0,0.8088147735481743
1.0,0.1369632505403504
1.0,0.1358498833786932
1.0,0.2255516501203766
1.0,0.12100084263008293
1.0,0.11653463679527676
1.0,0.13465336224855662
0.0,0.34985700708187906
1.0,0.2361422512549719
1.0,0.19936273841930585
1.0,0.12805963762760075
1.0,0.13892801562119228
1.0,0.20196045525342798
1.0,0.1573322249650836
1.0,0.11451510202417914
1.0,0.17659581438100447
1.0,0.18370060426242663
1.0,0.1483483606229007
1.0,0.1603695471371578
1.0,0.13397621304795027
1.0,0.13994078086277695
1.0,0.24192926380127555
1.0,0.1605437996190192
1.0,0.11552834112694432
0.0,0.22602682622242154
1.0,0.10963508617564599
1.0,0.14858761553946187
0.0,0.6076045936303129
1.0,0.12290764278057731
0.0,0.21140415733608708
1.0,0.12649061694757135
1.0,0.14329461752057981
1.0,0.12625863948817484
1.0,0.1590475945906792
0.0,0.14393562037581542
1.0,0.12913780702851307
1.0,0.11279585658650015
1.0,0.1471840095780621
1.0,0.13021376201294887
1.0,0.22022538147170467
0.0,0.79120204328219
0.0,0.8385306000697328
1.0,0.1830690294719185
0.0,0.11179811425057029
0.0,0.13047661977152947
1.0,0.1571965299498641
0.0,0.23173753649132334
1.0,0.16671158239136097
1.0,0.11534846178147395
1.0,0.16098336150839665
0.0,0.20383584147644485
1.0,0.12471643488693729
0.0,0.1902548420861393
0.0,0.33041985970328513
1.0,0.19079277700648534
0.0,0.6576730886125612
1.0,0.1666335288988421
1.0,0.16032390936617058
1.0,0.12320443603537778
1.0,0.20511135494474564
1.0,0.14610032379965288
1.0,0.11331024268495637
1.0,0.175009072879049
1.0,0.13448021511405006
0.0,0.1915624357147072
1.0,0.15330393503205164
0.0,0.13515094631367086
1.0,0.2157114460092563
1.0,0.14077527215564245
1.0,0.23806263891738189
0.0,0.7529954496924225
1.0,0.13792278904337751
1.0,0.15096066703212652
1.0,0.11715390884595556
1.0,0.19295620288989335
0.0,0.24025687581879196
0.0,0.23886798241050866
0.0,0.21362893349229484
1.0,0.596941166542163
1.0,0.2033887087124514
0.0,0.18989536695305909
1.0,0.12500808791335905
0.0,0.11723263853331967
1.0,0.28882006693661855
1.0,0.1866047339536958
1.0,0.6597987336057775
1.0,0.1301360371186745
1.0,0.16994621595905157
1.0,0.12252808681334904
0.0,0.11677115103073377
0.0,0.13432688142111204
1.0,0.11564507686836867
1.0,0.24596948404900265
1.0,0.18624279734768723
1.0,0.11405884246235554
1.0,0.11796614430368291
1.0,0.14537604062236642
1.0,0.17238000326890535
0.0,0.1551342157014476
0.0,0.7157824993928595
1.0,0.12985037374752073
1.0,0.14785066640364442
1.0,0.2056904406086757
1.0,0.1462356458727796
1.0,0.15175716283243124
1.0,0.15236756844485366
0.0,0.7142386376460947
1.0,0.2102482460409526
1.0,0.29756339694505374
1.0,0.34010420531085417
1.0,0.1852969852687163
0.0,0.7925285939083176
0.0,0.12448612837844042
1.0,0.23052392454703952
1.0,0.20477606377707103
1.0,0.16527975171616383
1.0,0.1706502500208148
1.0,0.2817732837181671
1.0,0.16699644613167108
1.0,0.14243158694734948
1.0,0.1311334307184907
0.0,0.17513833433134984
1.0,0.23936965795451903
1.0,0.244122701299736
1.0,0.13105955396591784
1.0,0.15708516182335663
1.0,0.14586821662449434
0.0,0.2592513745433169
1.0,0.19834998456781716
1.0,0.13454293965342845
1.0,0.13921035238268487
0.0,0.12437800377284347
0.0,0.5878719622954828
1.0,0.23087687843965776
1.0,0.1294574933588063
0.0,0.23766124944200606
1.0,0.1421575181766621
1.0,0.19281516883592964
0.0,0.1600215321596321
1.0,0.15905693604512328
1.0,0.24265089407823226
0.0,0.24942127658526525
0.0,0.23164533515564856
1.0,0.1388382973157758
1.0,0.1558751981665768
1.0,0.12176720507968342
0.0,0.9730019948229448
1.0,0.1798994593337968
1.0,0.16090213595647218
0.0,0.7398610831036658
1.0,0.17242558564472432
1.0,0.20246075292257282
0.0,0.1537555368842335
1.0,0.16316758940924891
1.0,0.12402313319489267
1.0,0.12027042938788224
1.0,0.19722149934825428
1.0,0.1218153697951031
0.0,0.9426966366758761
0.0,0.1326160758374504
1.0,0.11656608786447265
1.0,0.22778463942886817
1.0,0.2663305550211722
1.0,0.19911167786296913
1.0,0.1406168886704191
0.0,0.2723821909538141
1.0,0.12982716327005983
0.0,0.19218883840785506
1.0,0.21645734219757418
1.0,0.13902662681506306
1.0,0.15490998438657622
1.0,0.217734900122749
1.0,0.17903319572948329
1.0,0.15944024766503861
1.0,0.15503669014160393
1.0,0.17247873056851393
1.0,0.13343428875352092
1.0,0.9153664912551386
1.0,0.14197509646512618
1.0,0.15488113740566634
0.0,0.14816455403497275
1.0,0.15821297011259183
1.0,0.15276577792717938
1.0,0.1515794169532395
1.0,0.20109498654387714
1.0,0.11554671990687537
1.0,0.1265919733856462
1.0,0.17092280135814286
1.0,0.17190881968172544
1.0,0.1361381213332996
0.0,0.6668513892733476
0.0,0.14020360978238045
1.0,0.15021503203923448
1.0,0.24269469520666076
1.0,0.1579766742290648
1.0,0.12099436399520191
0.0,0.16492878762390617
0.0,0.6940881040583897
1.0,0.1416729686606767
1.0,0.1703630820410712
1.0,0.2235986552459942
1.0,0.1392708446446892
1.0,0.17155685830450096
1.0,0.12027513616210916
1.0,0.14510555380174228
1.0,0.4309837290702565
1.0,0.11728252904399716
1.0,0.1337951486333423
1.0,0.1217230883240118
1.0,0.15871764037157832
1.0,0.13027632607098527
1.0,0.157891933738721
0.0,0.25154015224872317
0.0,0.143902673559122
1.0,0.13873805441714349
1.0,0.2392097182117059
0.0,0.11447537974293531
1.0,0.13958371523593516
1.0,0.13071135429756875
0.0,0.20159350116301744
1.0,0.13055115820987195
1.0,0.23505148549799704
1.0,0.1628558896377823
0.0,0.1298229310966419
1.0,0.21423343232497816
1.0,0.15682942417916923
0.0,0.22925781637596565
1.0,0.14486671637024562
1.0,0.1248562096342436
1.0,0.13900234633353592
1.0,0.1813957785929594
1.0,0.1410331076747886
1.0,0.18137611873850457
1.0,0.18558539309696442
0.0,0.17097239460267333
1.0,0.1182579581667369
1.0,0.12415580078268307
1.0,0.13857331725471944
1.0,0.14710188003877445
1.0,0.19376168751409595
1.0,0.15957800820538348
1.0,0.1899462546522419
0.0,0.7779223395973414
1.0,0.15506452186191932
0.0,0.19823992281426484
1.0,0.20940608226190305
1.0,0.12998674478396988
1.0,0.13458207212022588
1.0,0.13476698633624873
1.0,0.23172143157256764
1.0,0.15129314114209835
1.0,0.1658372886944911
1.0,0.23627896868413822
1.0,0.14879136718115915
1.0,0.11765579374765223
1.0,0.2024863497508963
1.0,0.2707790569970959
1.0,0.1280654332611555
1.0,0.19725195823297326
1.0,0.14148742790699176
1.0,0.12568820962861882
1.0,0.1510417705323014
1.0,0.21837325785685646
1.0,0.12558538318445467
1.0,0.2562916118549574
1.0,0.21029403120678392
1.0,0.8287220481615268
1.0,0.1603977627142611
1.0,0.3414913653965974
1.0,0.15310454798491724
1.0,0.11668288979668062
0.0,0.15249345720228857
1.0,0.27494120741970285
1.0,0.14788160241300696
1.0,0.2476578170376359
0.0,0.15503476620139645
1.0,0.16081231353444247
1.0,0.1215931600214073
0.0,0.17048357974569162
1.0,0.15174565835607357
1.0,0.3428306016961732
1.0,0.14347369769162832
1.0,0.1402496666712807
0.0,0.20616627359386575
1.0,0.2086703311036172
1.0,0.14114222866966275
1.0,0.11726527392412622
1.0,0.6053872067459871
1.0,0.17094245138100717
0.0,0.9270695729436463
1.0,0.2981039159573091
1.0,0.1347218544462495
1.0,0.1306373454737364
1.0,0.15277460145080213
0.0,0.1408241856921011
1.0,0.1259143730138359
0.0,0.14407906898544287
1.0,0.18682404266909014
1.0,0.1914500422398825
1.0,0.21470089185164365
1.0,0.14419628231475035
0.0,0.573317095086149
1.0,0.1665957065806637
0.0,0.2980203578088274
1.0,0.19776600261383592
1.0,0.2956991131284793
1.0,0.17029471763665205
1.0,0.21091045813560716
1.0,0.17384208912436616
1.0,0.112274184303922
1.0,0.1392512560185647
1.0,0.21106001519120077
0.0,0.3244575615862758
1.0,0.1302995356412775
1.0,0.1951624759066093
1.0,0.22980693506481054
1.0,0.1489306411346255
1.0,0.1720665172488226
1.0,0.16112520271954478
1.0,0.1403108381646161
1.0,0.16404992464041435
1.0,0.12942401741171006
0.0,0.14297950026193273
0.0,0.13096226212122453
1.0,0.18864143171197878
1.0,0.12132534403083961
1.0,0.1308630722468871
1.0,0.1425946914360412
1.0,0.12509528635852218
1.0,0.1376919721294485
1.0,0.25734070626282646
1.0,0.1444013664421785
1.0,0.20731343795245483
0.0,0.7990758024617741
1.0,0.14946047433087506
1.0,0.14435078906180887
1.0,0.17279381012731043
1.0,0.1319960077041945
0.0,0.7978819603528738
0.0,0.17741482316794044
1.0,0.13684808249267588
1.0,0.12922281158606386
1.0,0.16589233550401106
1.0,0.2970639840109218
1.0,0.19794220741964574
1.0,0.30240489346704214
1.0,0.18251351855361642
1.0,0.39956801182641255
1.0,0.20172151484618595
0.0,0.30239230859013755
1.0,0.17311537422375634
1.0,0.1220481147399538
1.0,0.22632176422066297
1.0,0.19589593414087614
1.0,0.2073995862275112
1.0,0.13985959224905398
1.0,0.1386757140785887
1.0,0.6155172826084722
1.0,0.22001774412135544
1.0,0.1355224126598874
1.0,0.1418514426934816
0.0,0.15452128789864095
1.0,0.17991824147961966
0.0,0.1397537984807029
1.0,0.5083010371634475
1.0,0.17388624173747846
0.0,0.6830719427088443
1.0,0.1494091210440891
0.0,0.13954727136356215
1.0,0.14844155255131175
1.0,0.17451999117914763
1.0,0.1331084143461998
1.0,0.13831174916796474
1.0,0.15113558554406414
1.0,0.2999559095273935
0.0,0.1572659596148389
0.0,0.747118901486182
1.0,0.22811308524031926
1.0,0.1297841566489537
1.0,0.15331401197321892
1.0,0.28086928903244746
1.0,0.169641877800341
0.0,0.21727460314852087
1.0,0.15887867819119428
1.0,0.14013355405434846
1.0,0.16717481816479685
1.0,0.1433693590266324
0.0,0.18455661520054778
1.0,0.16481160412362783
1.0,0.1384935169571393
1.0,0.15578159376220857
1.0,0.14619621975327302
1.0,0.1334479295685831
0.0,0.3922985924455291
1.0,0.11290236161615042
1.0,0.12402408873217607
1.0,0.3294436640514926
0.0,0.8073778133660807
1.0,0.703892648932783
1.0,0.18451411994587186
1.0,0.22404613749527147
1.0,0.13122990355008102
0.0,0.18987105342144384
1.0,0.12523713830243433
0.0,0.19160598787224048
1.0,0.12465174592317763
1.0,0.15426402498754344
1.0,0.1428916684022291
1.0,0.16996744608924674
1.0,0.1463869474444386
1.0,0.1269158973667116
1.0,0.15909730943768974
1.0,0.21871293304755524
1.0,0.16705986752039115
1.0,0.14652703654479327
1.0,0.1405508729370275
1.0,0.15824698348731137
1.0,0.1928133581008793
1.0,0.1373746183987261
1.0,0.16740616628356142
0.0,0.8607472980549993
1.0,0.1509652734898188
0.0,0.2045835832198425
0.0,0.12354462414450873
1.0,0.8446815425547841
1.0,0.1257544334072931
0.0,0.15527855992664064
1.0,0.12848712113127114
1.0,0.20125293469049033
0.0,0.24469981821676878
1.0,0.13571409825198755
1.0,0.12142870804617345
1.0,0.2196392129965019
1.0,0.1788293612468782
1.0,0.1653700588221947
1.0,0.13056920193967192
1.0,0.1627413179754179
1.0,0.12617057663355613
0.0,0.2341525694369162
1.0,0.12042216917913073
1.0,0.4935739259278601
1.0,0.1437572218248141
1.0,0.18914194292385078
1.0,0.13913667255953655
0.0,0.2537506170410917
1.0,0.17853767183613245
1.0,0.14646174535074652
0.0,0.21558823110835212
0.0,0.7841931615953746
1.0,0.1733053616064404
0.0,0.14593624015450246
1.0,0.13776113394103706
0.0,0.1396336362919861
1.0,0.13451988648346758
1.0,0.2249749872816057
1.0,0.13918600842279083
0.0,0.1693728168302745
1.0,0.17701461420453646
1.0,0.20176779219563956
1.0,0.14455443823670866
1.0,0.12857351136662976
0.0,0.15541442835354213
1.0,0.13898653605674582
0.0,0.1130141331375768
1.0,0.11280602159559572
1.0,0.12971083314639076
1.0,0.16757678654557462
1.0,0.17847190162053184
1.0,0.22379385756918435
1.0,0.1365149306035116
1.0,0.13122387649839962
1.0,0.15819004405806103
0.0,0.11609647381207644
1.0,0.16973942164813938
1.0,0.21497987634416316
0.0,0.2310371552033592
1.0,0.11964805920015231
1.0,0.144513589647838
1.0,0.1171498645828537
1.0,0.135357840594878
1.0,0.2267830551032255
1.0,0.1167364212254387
1.0,0.13130915759295447
0.0,0.8287830657167727
1.0,0.253653908599516
1.0,0.10978982880849086
1.0,0.17420337497529426
1.0,0.18203219742400079
1.0,0.2082591753526507
0.0,0.14863686637830176
1.0,0.12513997355810114
1.0,0.2940275658129645
1.0,0.10620146344997805
1.0,0.14087338332213328
0.0,0.12929930390715572
1.0,0.18487746277184391
1.0,0.21015609506028776
1.0,0.20184867317000332
1.0,0.33791776792956596
1.0,0.10880969027830245
0.0,0.16139973281461928
0.0,0.1668924870209102
1.0,0.1946268047480607
1.0,0.15596179128059529
1.0,0.18025788674423882
1.0,0.1368101315671777
1.0,0.2344380774248015
0.0,0.3252280122027744
1.0,0.25796068698025076
1.0,0.13459775899657955
1.0,0.14053122851750222
1.0,0.13973517243686628
1.0,0.18567350740518163
1.0,0.16255649693288943
1.0,0.11212472004083229
1.0,0.12655670474587155
1.0,0.14607164906481263
1.0,0.2737517853148632
1.0,0.13055201090862278
1.0,0.15222289167501368
1.0,0.1746544969176126
1.0,0.23331122889177958
1.0,0.16717629540538603
1.0,0.23812223524793563
1.0,0.12832606655653434
1.0,0.1338121225984843
1.0,0.1340543204173139
1.0,0.12518630384290752
1.0,0.15031518271010047
1.0,0.29744017879500406
1.0,0.13689830684793947
1.0,0.14612029103400048
0.0,0.1583412130737739
1.0,0.1127474635028467
1.0,0.14728145239131207
0.0,0.13174601025015975
1.0,0.1288505724579695
1.0,0.1544675520534139
0.0,0.12972431057613854
1.0,0.13930426843203958
0.0,0.24223184165568856
1.0,0.14194133900132289
1.0,0.133844453949036
1.0,0.12903295240783763
1.0,0.15575363046586976
1.0,0.11780009477831821
1.0,0.14447725630274888
1.0,0.36316606894632286
1.0,0.6306147428304061
1.0,0.11303840140801436
1.0,0.24593295609070764
1.0,0.1286025903833361
1.0,0.1686208843586351
1.0,0.12895438015205762
1.0,0.15329097124918578
1.0,0.13391359767113997
1.0,0.12064375253586201
1.0,0.14762590280380783
1.0,0.1441905109770718
1.0,0.11302750070849077
1.0,0.1673140408776682
1.0,0.21714329968102952
1.0,0.11019634363859265
1.0,0.12259101543845707
1.0,0.18907429765838812
1.0,0.15571456735723987
1.0,0.15724226892720272
0.0,0.1320433202727448
1.0,0.11778915315625627
1.0,0.23122184385694056
1.0,0.26208803973383843
1.0,0.11186330475817652
0.0,0.1968206887949292
0.0,0.20556794492911323
1.0,0.17627864753057165
1.0,0.20148620978838272
1.0,0.2393848194102024
0.0,0.1655183498951316
1.0,0.19987933320302853
1.0,0.14849301970523987
0.0,0.15680384485350374
1.0,0.13688873661452505
1.0,0.12588658044395407
0.0,0.16867988524117183
1.0,0.14468557361513124
1.0,0.12953512719362814
1.0,0.12041269697737145
0.0,0.6868740870390218
1.0,0.1684845494825894
1.0,0.1143171144378694
0.0,0.23266942929495815
1.0,0.1628823090535585
1.0,0.1776287939043545
1.0,0.1224110571549939
1.0,0.1600723230642026
1.0,0.13799099953742
1.0,0.20087136431990138
1.0,0.13150095581512733
1.0,0.15736754127982067
1.0,0.27862452071576416
1.0,0.1749134720634733
1.0,0.1576980681845258
1.0,0.17437281715574082
1.0,0.16867934626690995
0.0,0.117253777554711
1.0,0.14977362106714065
1.0,0.14998031541035084
1.0,0.14061613560656516
1.0,0.20266353456838127
1.0,0.20353036915583234
1.0,0.13532666292312523
1.0,0.12771671993392064
1.0,0.17580725018900012
0.0,0.19947795960275416
1.0,0.12615472628231028
0.0,0.16112932244227518
1.0,0.17369881756008698
1.0,0.14811649719881048
1.0,0.18794994911733953
1.0,0.1988215287095053
0.0,0.24583743102370414
1.0,0.13713367657936837
0.0,0.6206757849604272
1.0,0.12366941992238933
0.0,0.13337178971071895
1.0,0.2283476731031605
1.0,0.13795100965710638
1.0,0.16063631099699283
0.0,0.26929544363570945
1.0,0.1451810292621708
0.0,0.23866212264690156
0.0,0.7293610112821423
1.0,0.1368727963741283
1.0,0.24774033676742246
0.0,0.1510697749084895
1.0,0.14378469495959378
0.0,0.27630355202934953
1.0,0.119356684117915
1.0,0.1493462499558389
1.0,0.11943573181871792
0.0,0.19313042224149835
1.0,0.1389533721485663
1.0,0.1572949205393267
1.0,0.16648778457016689
1.0,0.1838750645920234
0.0,0.1812339369925665
1.0,0.14230428126771044
1.0,0.19967982775845738
1.0,0.23905853220184725
1.0,0.24233222922056596
1.0,0.13527504059855266
1.0,0.18842911168157472
0.0,0.18909150792885776
1.0,0.17744357915067288
1.0,0.14963045978891243
0.0,0.2395405468722086
0.0,0.1553703258514889
1.0,0.1532478616108276
0.0,0.2394690754315446
0.0,0.1817545143575574
1.0,0.16119607455774054
1.0,0.13610255931689053
1.0,0.17952857313138737
1.0,0.6686678844453003
1.0,0.18466849342528435
1.0,0.12535266744888773
1.0,0.12286589310597906
1.0,0.21847375671774116
1.0,0.1159754474623047
1.0,0.20708749042347596
1.0,0.15331205685997107
0.0,0.19792034028722194
1.0,0.23134149196401155
0.0,0.2154397000954209
1.0,0.12745103503230248
1.0,0.1797858865213302
0.0,0.29419452026261617
0.0,0.2753845274081719
1.0,0.201779157079914
1.0,0.16986362270729827
1.0,0.12302689724402971
1.0,0.13490213097515713
0.0,0.16021068984613362
0.0,0.8971151580358281
0.0,0.14398787540432845
1.0,0.17914824214331715
1.0,0.1836874503180499
1.0,0.10576592650274053
0.0,0.1908529652742631
1.0,0.14015426469657444
1.0,0.14255152481885325
1.0,0.2664753916233006
1.0,0.14268215296554387
0.0,0.2887606082506945
1.0,0.13749353332298864
1.0,0.2168687854328567
1.0,0.1264390998559617
1.0,0.17871931469899371
1.0,0.19275834694626492
1.0,0.11241649316137059
1.0,0.24904383739335956
0.0,0.16508722642900697
1.0,0.3057737452902486
1.0,0.12185765310599683
1.0,0.14594352912373465
1.0,0.15710384204322092
1.0,0.3038701169552106
1.0,0.14498238751960568
1.0,0.1989182441703875
0.0,0.6370971643249759
0.0,0.7296110028079874
0.0,0.15654674720587847
1.0,0.18185806129151771
1.0,0.13762641545124454
1.0,0.1713931768078356
1.0,0.13534307036468463
1.0,0.17671057650744937
1.0,0.13555213452607018
0.0,0.6950533432986842
1.0,0.34944621457824365
1.0,0.14472294202524527
1.0,0.1336140799343496
1.0,0.1495074370454028
1.0,0.6975674481889251
1.0,0.19497070896913027
1.0,0.12446492365830952
1.0,0.1764091168767873
1.0,0.17442975536494387
1.0,0.14446976234342823
1.0,0.13870677150153365
1.0,0.16102569496679053
1.0,0.16110615488970825
0.0,0.13682664205550832
1.0,0.14627713291433808
1.0,0.14850943178842668
1.0,0.20726466172147973
0.0,0.186968206567812
1.0,0.6323731086309927
1.0,0.16520673884112935
1.0,0.20255914903057537
0.0,0.6861112342283826
1.0,0.14764818081846665
1.0,0.12480857154069291
1.0,0.12674220583056295
1.0,0.1377437137763282
1.0,0.2181056708515302
1.0,0.6522033546043915
0.0,0.18217250347264324
1.0,0.14990938034368528
1.0,0.11291302796870872
1.0,0.15893112924265396
0.0,0.19207726697031668
0.0,0.9397827039208122
1.0,0.12173188613863717
1.0,0.15998826811773526
1.0,0.13664790850429864
1.0,0.21294256764761776
0.0,0.18170575981763737
1.0,0.12421815488434618
1.0,0.1432760057458381
1.0,0.12758431636205003
0.0,0.15541299588739754
1.0,0.1389561399238456
1.0,0.12097007077410937
0.0,0.2689433501722137
1.0,0.16703354864034348
1.0,0.15540388086853107
1.0,0.1768012028843755
0.0,0.16227725849380115
1.0,0.1275808245804051
1.0,0.14453712481252934
0.0,0.18684947011711628
1.0,0.14451868327658524
1.0,0.11818593835172209
0.0,0.7298135333426078
0.0,0.2348657952550799
1.0,0.13904407237072713
1.0,0.14613984143855263
1.0,0.1841540098598754
1.0,0.20350797496373363
0.0,0.21787760742919238
1.0,0.17419703876612702
1.0,0.184447508302241
0.0,0.167307705125461
1.0,0.16737350698034925
0.0,0.2747568652059821
1.0,0.12407643898114462
1.0,0.14554466669230126
1.0,0.175342716765451
0.0,0.5803076658143067
1.0,0.2845924323396105
1.0,0.1264070711252443
1.0,0.11759857709931765
1.0,0.1139235423952385
1.0,0.15486101332845092
0.0,0.1304658896978128
0.0,0.8105342581543218
1.0,0.14460263420028052
1.0,0.7494852838129458
1.0,0.13431698302700845
1.0,0.12616148843115127
1.0,0.13247761320908258
1.0,0.1361695441980051
1.0,0.1277105521983205
1.0,0.13197527049955482
1.0,0.1630778410657081
1.0,0.13424987345930095
1.0,0.1520419362324491
1.0,0.1591582333734346
1.0,0.11431510947123469
1.0,0.15668943645074584
1.0,0.19311070495604232
1.0,0.265815826746435
1.0,0.19739449439669932
0.0,0.3270385822211104
1.0,0.1632096010796643
1.0,0.2031358478660722
0.0,0.7050157071258305
1.0,0.12722492474016245
1.0,0.1398162279726367
0.0,0.13407511658212368
0.0,0.18781610356016643
1.0,0.12120467037143956
1.0,0.382628346763919
1.0,0.2039594287310389
1.0,0.11442437740034028
0.0,0.23123763633477368
1.0,0.15159531892758105
1.0,0.155709889436627
1.0,0.20013996595734607
1.0,0.17586792948583074
0.0,0.825016891714932
1.0,0.21824279036195227
1.0,0.17835291834486
1.0,0.13016679289554345
1.0,0.1331338998665249
1.0,0.15289446958655717
1.0,0.17661402223250477
1.0,0.17839838372053007
0.0,0.11668176280434217
1.0,0.15392879927568093
0.0,0.2211751344913523
1.0,0.15129031245527313
0.0,0.8941374315202083
1.0,0.13979566669883814
1.0,0.1402143846673709
1.0,0.16545035689826426
1.0,0.12077934461494544
1.0,0.16216344531077076
1.0,0.11040585202972664
1.0,0.15107795867240448
1.0,0.1279498185275022
1.0,0.14683110031127722
1.0,0.12128501632735689
1.0,0.22908598123656077
1.0,0.2251702257306094
1.0,0.1533680720052204
1.0,0.1781966141455511
1.0,0.1168486419605137
0.0,0.18940460774406798
1.0,0.15074862273202028
1.0,0.15265940647308818
1.0,0.13427439680018072
0.0,0.18724623709278987
1.0,0.145024891618303
0.0,0.717152953414437
1.0,0.1589997143364934
1.0,0.12277455606698684
1.0,0.16615489206084777
0.0,0.7649301281701391
0.0,0.1447288586877774
1.0,0.15446389232375135
1.0,0.14522013954233592
0.0,0.13913367751019767
1.0,0.14046768224489126
0.0,0.7970948237879744
1.0,0.12658048023616952
1.0,0.1590904564834944
1.0,0.1556907707768871
1.0,0.26466812876955126
1.0,0.1853345021567332
1.0,0.19425563393652667
1.0,0.1268962038515744
1.0,0.16883451243178182
1.0,0.16412519829493954
1.0,0.1243690450218925
1.0,0.12345266724893089
0.0,0.269405948058253
1.0,0.44662726905269445
1.0,0.1545162968446232
1.0,0.20714211702218233
1.0,0.16786992849616134
1.0,0.2183983724734213
1.0,0.15719837687711835
1.0,0.1356718183032143
1.0,0.1459729209197389
0.0,0.6383095173446853
1.0,0.14916634284332353
1.0,0.12495755970622802
1.0,0.14060055711915387
1.0,0.11595568333153117
0.0,0.5692847904718992
0.0,0.15615004434341972
1.0,0.15567483212214073
1.0,0.1499425576750011
1.0,0.1537702507142067
1.0,0.16104719586384386
1.0,0.1352926974924472
1.0,0.18711059022184806
1.0,0.1533485966657019
0.0,0.9123569092827837
1.0,0.20797237789958944
0.0,0.1634518857904601
1.0,0.12107317457092259
1.0,0.17072477504074002
1.0,0.1364955943484999
1.0,0.12199644768701534
1.0,0.20653484616873485
1.0,0.12149963975712974
1.0,0.1329421351807467
1.0,0.7234555948787722
1.0,0.12036138490670834
0.0,0.1640095295057169
1.0,0.12093635002695624
0.0,0.22891698116196446
1.0,0.14306182623976982
1.0,0.2681991556243617
1.0,0.15516727451303625
1.0,0.18275838754733287
1.0,0.12027042938788224
1.0,0.16172055329889057
1.0,0.1492961333620656
1.0,0.14021132555400495
0.0,0.19793451977908572
0.0,0.24429332249050228
0.0,0.7427128540940567
1.0,0.12231366119042597
1.0,0.11687272360307221
1.0,0.11251388598546086
0.0,0.18382890136266272
0.0,0.16606438978971094
1.0,0.6248610875046775
1.0,0.14774414299540473
1.0,0.1341992425956292
0.0,0.13918937825794886
1.0,0.12284540388234699
1.0,0.2539785076085058
0.0,0.17977177638851072
1.0,0.18243876950326876
1.0,0.1311471581124114
1.0,0.13441581427693228
1.0,0.1537276203311091
0.0,0.1937910565845573
1.0,0.19243256639496586
1.0,0.2858314192196989
0.0,0.19675434316665663
1.0,0.13983404565887414
0.0,0.94767539556529
1.0,0.15432739738230805
1.0,0.13908151333522478
0.0,0.17545601108593267
1.0,0.6960974839204348
1.0,0.1698352230950293
0.0,0.1451402131603382
1.0,0.12153793182366135
1.0,0.12424847657469262
1.0,0.2716613002618713
1.0,0.1308148338696492
1.0,0.16331068575366958
1.0,0.11623986978222312
1.0,0.14810057898172457
0.0,0.20328414274274298
1.0,0.19097716582934132
0.0,0.7598202056205805
1.0,0.25439658536346577
1.0,0.17871186373496228
0.0,0.9767959787394909
1.0,0.12822288625262446
1.0,0.15749920538551643
1.0,0.19028299029110318
1.0,0.23840786211601217
0.0,0.12750539466887878
0.0,0.17581890956542578
1.0,0.1714190999547346
1.0,0.1905848048149391
1.0,0.3077376864794955
1.0,0.15800971961276944
1.0,0.2536125810690625
1.0,0.30177640553710405
0.0,0.2661144472140342
1.0,0.17696746546378916
0.0,0.2688904689931739
1.0,0.15917146625832101
1.0,0.708375412476973
1.0,0.14429585743648432
1.0,0.12882765343794955
1.0,0.1474522684689269
1.0,0.13947933152239222
1.0,0.1996433834202087
1.0,0.1162075674606372
0.0,0.6830932313367308
1.0,0.13625547158831297
1.0,0.16991749006504775
0.0,0.9295932275819128
1.0,0.76153414656206
1.0,0.1290833132700676
1.0,0.12315542986849415
1.0,0.22039759141367776
1.0,0.1271609560684489
1.0,0.1788097310514335
1.0,0.15050003322141126
1.0,0.23600260767946046
1.0,0.1429225935990449
1.0,0.36388598659279203
1.0,0.11840758745184221
1.0,0.1409146863482793
1.0,0.138112611532614
1.0,0.12153067024761932
0.0,0.22989289729562556
1.0,0.14437954608802261
1.0,0.13622856186841026
1.0,0.1317423827932448
1.0,0.11382763436746446
1.0,0.12574415062464228
1.0,0.27823425293365744
1.0,0.132482358368478
1.0,0.17751829383532092
1.0,0.15329346817353573
1.0,0.23777137331711817
0.0,0.1223086928483722
0.0,0.14455132198920928
0.0,0.7063194505882704
0.0,0.6839370879520639
0.0,0.673137054462465
0.0,0.1666339661565832
0.0,0.7060408362601287
1.0,0.13573111728649556
1.0,0.12930754379884657
1.0,0.1664086340188401
1.0,0.16904697329380747
1.0,0.15319432466355387
1.0,0.145717417542654
1.0,0.3177138356161331
1.0,0.13146823784191008
0.0,0.16526891472513117
0.0,0.8559367164001391
1.0,0.14395063643373351
1.0,0.1615389602527063
1.0,0.13395908088831088
1.0,0.12634347098911192
1.0,0.1289494258284667
0.0,0.7755867123942373
0.0,0.1687142132618059
1.0,0.12666899479022886
1.0,0.16122533584876875
1.0,0.13201123027701722
1.0,0.13693956661603413
1.0,0.12783638420719523
1.0,0.14395970695140026
1.0,0.16026723414984068
1.0,0.11420572047773547
1.0,0.11437859411031692
1.0,0.12077862573151232
1.0,0.15974003164279693
1.0,0.182567174501427
1.0,0.15939307903853328
0.0,0.2763463804817088
1.0,0.1333133446318311
1.0,0.13014243643271728
1.0,0.20918394195515222
1.0,0.152709821681126
1.0,0.13655210749278412
1.0,0.12270067712368515
1.0,0.1251439657968081
1.0,0.164176676797115
1.0,0.21731764846639612
1.0,0.13230040180096447
0.0,0.12910500556082005
0.0,0.7734647741577758
1.0,0.13579275145014102
0.0,0.2404070679024357
1.0,0.2104182460059344
1.0,0.13014475147247306
1.0,0.2111118279666938
1.0,0.11988070810241414
0.0,0.7893963254450975
1.0,0.14424712347166346
1.0,0.14433282266392333
1.0,0.20212303828300993
0.0,0.20302907866305087
1.0,0.15721888485613256
1.0,0.17216924564558878
0.0,0.18477925473232482
1.0,0.16835221225762864
1.0,0.14450997199159643
1.0,0.1423496609554189
1.0,0.14138942959380152
1.0,0.14495589368721795
1.0,0.15562707372144524
1.0,0.12296173494992646
1.0,0.12559909827044735
0.0,0.242763631440727
1.0,0.2314083259572055
1.0,0.16067822593325154
1.0,0.13921581570186825
1.0,0.13552809210546657
1.0,0.13541612634622002
0.0,0.16044504561536477
1.0,0.1258864337110086
1.0,0.1329606702096483
1.0,0.15370474852769067
1.0,0.1637979090830699
0.0,0.2720907883158661
0.0,0.20363089163641712
1.0,0.11756478346516364
0.0,0.19296293906675166
1.0,0.13603264823656924
1.0,0.14913848662713458
1.0,0.1555893584882797
1.0,0.19530200195606628
1.0,0.12744873007916713
1.0,0.1592296290009263
1.0,0.15493160187280142
1.0,0.24423106384823035
0.0,0.610168150361668
1.0,0.12068843990845823
1.0,0.14649507768417735
1.0,0.14755249641318635
1.0,0.1528758065459508
0.0,0.7357260259880734
1.0,0.1490860593372677
0.0,0.21781339478093142
1.0,0.28671323846265684
1.0,0.1369756644510315
1.0,0.17622682954403923
0.0,0.23215247723911459
1.0,0.14857106924677654
1.0,0.16921498801897739
1.0,0.15037998257948038
1.0,0.18422048106123967
1.0,0.1474361395032031
1.0,0.14039563583214565
1.0,0.13380505267069387
1.0,0.1338243362231316
1.0,0.1520906513618704
1.0,0.13289087897448526
1.0,0.23885602121265603
1.0,0.18675049400845822
1.0,0.12541367674600767
1.0,0.16079738241643315
1.0,0.13853453371996383
1.0,0.13837865610633315
1.0,0.23245757603423112
0.0,0.13530688408030112
1.0,0.27357544584769244
0.0,0.6435074009140955
1.0,0.1546161794166625
0.0,0.25060996480748343
0.0,0.15338121406559502
1.0,0.1068254295495149
1.0,0.14011840798443742
1.0,0.12690267648241838
1.0,0.15191405960766113
1.0,0.13309984036555778
0.0,0.6606524362973936
1.0,0.17200175764560488
0.0,0.16717642130073807
1.0,0.14490891093894553
0.0,0.13206942595475923
1.0,0.12614828651658105
0.0,0.2137990627990628
1.0,0.1426261363381065
1.0,0.1622450855804306
1.0,0.1849864183438561
1.0,0.12171817943538432
1.0,0.1123703332962892
1.0,0.1700438958710605
1.0,0.4601895920358393
1.0,0.12196231823238435
1.0,0.17145931877764953
1.0,0.1351864028689158
0.0,0.25544512955540344
1.0,0.12922563721540115
1.0,0.1455256755560207
1.0,0.1684367824507328
1.0,0.16492133220012528
1.0,0.12485609070240289
1.0,0.1372740798382599
1.0,0.12319762246934618
1.0,0.13966122417071558
1.0,0.15430223540933363
1.0,0.1556472487651822
0.0,0.8558922393110618
1.0,0.31514955709389936
1.0,0.148078123670226
1.0,0.1201681882873804
0.0,0.1515596206028864
1.0,0.12301251107557809
1.0,0.11630369372370619
1.0,0.12441994593811545
1.0,0.1661741797365306
1.0,0.13381556005423068
1.0,0.14461399577536904
0.0,0.2116158867959511
1.0,0.1619304708588094
1.0,0.14360102378217643
1.0,0.1995594884569606
0.0,0.20988637751928396
1.0,0.25087637968207044
0.0,0.13555369705441844
1.0,0.18384505939048623
1.0,0.6837234428981476
1.0,0.24345096059735394
1.0,0.1268418439907979
1.0,0.16681103242246897
1.0,0.23116707807532166
1.0,0.15636844959663354
1.0,0.2287626334966888
1.0,0.15788145062027192
1.0,0.21715173370875007
1.0,0.11529406545082577
1.0,0.14979901591198275
1.0,0.12574694639077877
1.0,0.12914923638990672
1.0,0.1385942348430793
0.0,0.17087581992934797
0.0,0.3300317044244593
1.0,0.13913750625876287
1.0,0.13461629050519852
1.0,0.21444002946542406
1.0,0.2010062306655246
0.0,0.932523660837885
1.0,0.13395592079070662
1.0,0.185369468042636
1.0,0.1605255057158793
1.0,0.13202666321141077
1.0,0.7465116586899905
0.0,0.7850240980037388
1.0,0.19729580402681834
0.0,0.7695019580304764
1.0,0.14032145385857508
1.0,0.18645053387034427
0.0,0.20599152085530537
1.0,0.12891526652587804
0.0,0.14073489753005308
1.0,0.16294330576561422
1.0,0.12455607621615628
1.0,0.16545201398318354
1.0,0.11612510844394763
0.0,0.29084418655154287
1.0,0.13571329397107446
1.0,0.13898630425301117
1.0,0.14620862177844562
1.0,0.15278600522997943
1.0,0.20325956616098462
1.0,0.18029923738269704
1.0,0.5875056897429368
1.0,0.13790989853725322
1.0,0.12255508525142578
1.0,0.13348369628661805
1.0,0.13862685974348787
1.0,0.1967999813859811
1.0,0.11949647959504994
1.0,0.1564357839643148
1.0,0.11284838889596438
1.0,0.17330364219997973
1.0,0.7168111673375761
1.0,0.1468931803905692
1.0,0.13594422119212612
1.0,0.14300990449673934
1.0,0.13503542963391924
1.0,0.2417995653420134
1.0,0.272290712941204
1.0,0.18319736095106087
1.0,0.12196177425230559
1.0,0.20629152023077235
1.0,0.1753270878789226
1.0,0.69653716387268
1.0,0.18836137846664114
1.0,0.11754030870924914
1.0,0.14297666954328092
1.0,0.15985216607194908
1.0,0.2119004080314134
0.0,0.26408052443568375
1.0,0.13730629190839017
1.0,0.14920396707983774
0.0,0.7223704464200799
0.0,0.14283147485512304
0.0,0.8533996785954704
1.0,0.18873379874097118
0.0,0.20255633382845706
1.0,0.15590859518297562
1.0,0.13269031147351307
1.0,0.2283203083897254
1.0,0.12162319200059357
1.0,0.23206016026961562
1.0,0.12807628817371342
1.0,0.11692122855497566
0.0,0.12900491214141674
1.0,0.12142141176373944
1.0,0.23386321879514216
1.0,0.12698023501570677
1.0,0.12535883944812076
1.0,0.11854462666670962
0.0,0.14519922142662334
0.0,0.15165933313689417
1.0,0.14137986910523415
1.0,0.12598529711954254
1.0,0.9828822222950223
1.0,0.2220764954544735
1.0,0.12063703620548871
1.0,0.7527756633175381
1.0,0.19618494828020994
1.0,0.2773256816618149
1.0,0.11830093505811723
1.0,0.30684846820900724
1.0,0.16730050894712079
1.0,0.16052668813748505
1.0,0.12123533683485366
1.0,0.23742364488114398
1.0,0.1827538331237022
1.0,0.12829381077246227
1.0,0.17040493353257813
0.0,0.25070331475867413
1.0,0.21315289538886906
1.0,0.1169787103059392
1.0,0.30524571095975717
1.0,0.11654514328245713
1.0,0.1751922727944496
1.0,0.3227772661375623
1.0,0.14909135336662704
0.0,0.29711880219557174
1.0,0.18026666505319466
1.0,0.13338485953837909
1.0,0.13613347234125295
0.0,0.1259228565732593
1.0,0.2225414853479628
1.0,0.0840686844806795
1.0,0.15021472244026268
1.0,0.18105388776048936
0.0,0.12413830014906946
0.0,0.2058130436659552
1.0,0.50088093908742
1.0,0.11922629939477547
0.0,0.7572978322474031
1.0,0.16798763378384274
0.0,0.16579228067060314
1.0,0.16515973100230397
1.0,0.19749547113230925
1.0,0.19849374345222404
1.0,0.1902680668193456
1.0,0.1260444638876722
1.0,0.25631993637328543
1.0,0.1969792780732179
1.0,0.19773546824427402
1.0,0.1652018267435964
0.0,0.23840786211601217
1.0,0.12017244335573674
1.0,0.14357222186457363
1.0,0.44896958332061987
0.0,0.14730438245992805
0.0,0.5347721938747688
1.0,0.22408095947266538
0.0,0.12968387480189714
1.0,0.13015091255032418
1.0,0.12403018570343727
1.0,0.16173270738505807
1.0,0.5010826149343363
0.0,0.7388327136153279
0.0,0.7190983811908296
1.0,0.15011111808990862
0.0,0.17680675700984638
1.0,0.11383423286991823
1.0,0.17870076746975638
1.0,0.1840474469497383
1.0,0.315365195683327
0.0,0.1964174078143639
1.0,0.2993487739453544
0.0,0.6961494076699537
1.0,0.17408131443164976
1.0,0.14505331146165423
1.0,0.2596620958976734
0.0,0.7639331583479151
1.0,0.11790262288103215
1.0,0.14467085054108786
1.0,0.639549778630577
1.0,0.18844136042135695
1.0,0.15875368170030568
0.0,0.31761385142437415
1.0,0.11673652603735862
1.0,0.11578023346057331
0.0,0.2595322015099635
1.0,0.22791495573058307
1.0,0.2753568258844714
0.0,0.22114242097264547
1.0,0.14178900094125424
1.0,0.1456489656034885
0.0,0.6961345024581931
1.0,0.1538159949835498
1.0,0.20623024127239487
1.0,0.2976493868705026
1.0,0.12458017087105133
0.0,0.13831451827190577
0.0,0.2988153763617779
1.0,0.15332494259666296
1.0,0.1348177162135331
1.0,0.11481659686199819
1.0,0.19216295429910468
1.0,0.12683563299689093
1.0,0.21080154978849852
0.0,0.22534234887682436
1.0,0.10855892801784428
1.0,0.16305738080144905
1.0,0.12046639435460982
1.0,0.17124777022989335
1.0,0.12151069735200815
0.0,0.9207353079955731
0.0,0.6181375878755262
0.0,0.16366132071717843
1.0,0.20635281093462288
1.0,0.1549867868294128
1.0,0.16012850972876236
1.0,0.13421223244361868
1.0,0.144507093460292
1.0,0.1994474410368543
1.0,0.2623269873274684
1.0,0.150962268771465
1.0,0.15724702313131933
1.0,0.21641623479105943
1.0,0.16581892513790497
1.0,0.153015859975989
1.0,0.17247804517468845
1.0,0.12716524436570376
1.0,0.12827372084175748
1.0,0.18100436268324505
1.0,0.11271478460728135
1.0,0.16644849004271212
1.0,0.2236367894662612
1.0,0.15185535818672868
1.0,0.15973355916949872
1.0,0.15475888644973834
1.0,0.2251736879807511
1.0,0.129835436938872
1.0,0.13016869951842314
1.0,0.21800801396792235
1.0,0.17814511170558023
0.0,0.24032829879779405
0.0,0.19512729966773246
1.0,0.14571625067678717
1.0,0.12887293557634227
1.0,0.1415806653891193
1.0,0.20380198336006938
1.0,0.1395903123736264
1.0,0.12798687800373687
1.0,0.15428685040969392
1.0,0.230066129853016
0.0,0.15101646004507285
1.0,0.2495935026056465
1.0,0.13359867506149736
0.0,0.8321602154832062
0.0,0.9002887349194746
1.0,0.14185459502163844
1.0,0.22151048576121923
1.0,0.12156881391173757
0.0,0.6935843103115751
1.0,0.18497821444471396
1.0,0.16616936550801142
1.0,0.13620079407841368
0.0,0.14222283523478663
0.0,0.1273239718240463
1.0,0.13043481519504674
1.0,0.1454254926634848
1.0,0.14643942583662317
1.0,0.23152433098641545
1.0,0.15854154943190246
1.0,0.12673153516354319
1.0,0.187016679124552
1.0,0.15406467761635845
1.0,0.17253566815777233
1.0,0.17213562210126943
1.0,0.1674001277511068
1.0,0.13866736422745163
1.0,0.17617296554705775
1.0,0.13968051005407367
1.0,0.1380374296163045
1.0,0.24195428144657782
1.0,0.19432501220997855
1.0,0.12622430672516283
1.0,0.14959886613094364
1.0,0.1662104921647386
1.0,0.17265591867115293
1.0,0.16967801647387915
0.0,0.15641385901180083
1.0,0.16646442856922894
1.0,0.13966568616807107
1.0,0.14520882241015287
1.0,0.14240344222828727
1.0,0.12460271340017681
0.0,0.4043827618003616
1.0,0.17845819925108153
1.0,0.15854970010972713
1.0,0.16742937270886882
1.0,0.23859274562269095
1.0,0.13836835984120366
0.0,0.18686703850286912
1.0,0.19726966936081136
1.0,0.19080806870059097
1.0,0.18088752889115056
1.0,0.12496405708326286
1.0,0.15673795558888814
1.0,0.11400482064233686
1.0,0.12068745612878506
1.0,0.16830741133333793
1.0,0.12579478336163785
1.0,0.16028621567279155
0.0,0.1359089577978544
1.0,0.12765778315063436
0.0,0.1390783691838411
1.0,0.18705393616385824
1.0,0.14500399510130302
1.0,0.1319308763300232
1.0,0.20706210120573976
1.0,0.16865871339373328
0.0,0.18521802591134984
1.0,0.2148877100543023
1.0,0.1551167153370101
1.0,0.1698519566041311
1.0,0.20914731193735714
1.0,0.5163383960850982
1.0,0.16932441345250127
1.0,0.13107190174134564
1.0,0.13667668564927715
0.0,0.4636258387330474
1.0,0.25296193749444307
1.0,0.13931202610810745
1.0,0.1201664602934881
1.0,0.15187278179186547
1.0,0.21217862081225924
0.0,0.20344911959031786
1.0,0.16857529551006878
1.0,0.1467563412556866
1.0,0.12632729152695032
1.0,0.23267599774740721
0.0,0.12682951301389356
1.0,0.13515068946263797
1.0,0.11690884316363082
1.0,0.1286726375814622
1.0,0.25914166130882244
1.0,0.1225438979179333
1.0,0.16048764197102194
1.0,0.16211096189192975
1.0,0.15825126719734228
1.0,0.24558524253040093
0.0,0.2848301211464025
